source_id,target_id,relation_type,target_in_dataset,used_for_grouping
127,128,SEQUEL,True,True
129,2143,PREQUEL,True,True
129,130,SEQUEL,True,True
129,484,SIDE_STORY,True,True
129,3218,SIDE_STORY,False,False
129,4476,SIDE_STORY,True,True
180,181,SEQUEL,True,True
180,1112,SUMMARY,True,True
189,190,SEQUEL,True,True
189,191,SIDE_STORY,True,True
189,192,SIDE_STORY,True,True
189,963,SIDE_STORY,True,True
191,189,PARENT,True,True
215,216,SEQUEL,True,True
215,213,PREQUEL,False,False
215,214,ALTERNATIVE,False,False
215,293,CHARACTER,False,False
221,222,SEQUEL,True,True
221,320,CHARACTER,False,False
227,21746,SEQUEL,True,True
243,507,SIDE_STORY,False,False
249,6811,SEQUEL,True,True
249,449,SIDE_STORY,True,True
249,450,SIDE_STORY,True,True
249,451,SIDE_STORY,True,True
249,452,SIDE_STORY,True,True
249,6566,CHARACTER,True,False
249,6567,CHARACTER,True,False
249,4886,SEQUEL,True,True
263,264,SEQUEL,True,True
263,12069,SIDE_STORY,True,True
285,1789,SIDE_STORY,True,True
304,49,PREQUEL,False,False
318,2217,SEQUEL,True,True
318,1234,SPIN_OFF,True,True
332,331,PREQUEL,False,False
351,350,PREQUEL,False,False
351,352,SEQUEL,True,True
351,2947,SIDE_STORY,True,True
369,101283,PARENT,True,True
372,232,PREQUEL,False,False
372,1078,OTHER,True,False
372,97881,SEQUEL,True,True
377,1733,PREQUEL,True,True
377,378,SEQUEL,True,True
393,182,ALTERNATIVE,False,False
396,290,PREQUEL,False,False
396,397,SEQUEL,True,True
396,399,SUMMARY,True,True
405,150,ALTERNATIVE,True,True
405,10490,OTHER,True,False
405,10681,OTHER,True,False
459,460,SEQUEL,True,True
459,21,PARENT,False,False
481,482,SEQUEL,True,True
481,3972,SEQUEL,True,True
481,1894,SIDE_STORY,True,True
481,5458,SIDE_STORY,True,True
481,550,ALTERNATIVE,False,False
481,10015,OTHER,True,False
481,20552,OTHER,True,False
481,21265,SEQUEL,True,True
481,98231,OTHER,True,False
481,114072,OTHER,True,False
481,123074,SIDE_STORY,True,True
481,142842,OTHER,True,False
481,174439,OTHER,True,False
508,2399,SIDE_STORY,True,True
508,7329,SIDE_STORY,True,True
508,7330,SIDE_STORY,True,True
508,8108,SIDE_STORY,True,True
508,8949,SIDE_STORY,True,True
508,8965,SIDE_STORY,True,True
508,117557,ALTERNATIVE,False,False
508,118641,PARENT,False,False
508,145406,SEQUEL,True,True
543,732,PREQUEL,False,False
557,554,PARENT,False,False
561,1165,ALTERNATIVE,False,False
561,608,OTHER,True,False
561,123612,SPIN_OFF,True,True
598,1768,SEQUEL,True,True
598,3190,CHARACTER,True,False
660,626,PREQUEL,False,False
665,666,SEQUEL,False,False
665,20474,ALTERNATIVE,True,True
665,20799,ALTERNATIVE,True,True
725,293,CHARACTER,False,False
822,5228,SEQUEL,True,True
822,187,PARENT,True,True
888,887,SUMMARY,True,True
938,5292,ALTERNATIVE,False,False
938,12885,OTHER,True,False
963,189,PARENT,True,True
1078,232,PARENT,False,False
1078,372,OTHER,True,False
1094,21,PARENT,False,False
1118,4793,SIDE_STORY,True,True
1118,527,PARENT,False,False
1124,290,SEQUEL,False,False
1137,4961,ALTERNATIVE,True,True
1159,1158,PREQUEL,False,False
1277,1276,PREQUEL,False,False
1281,20888,OTHER,False,False
1281,102000,SIDE_STORY,True,True
1313,2397,PREQUEL,True,True
1313,2398,SEQUEL,True,True
1313,2962,SIDE_STORY,True,True
1313,11385,CHARACTER,True,False
1313,137310,OTHER,True,False
1363,235,PARENT,False,False
1369,2335,PARENT,False,False
1369,235,PARENT,False,False
1369,177476,CHARACTER,True,False
1381,290,PARENT,False,False
1382,890,PREQUEL,False,False
1382,4416,ALTERNATIVE,True,True
1382,156024,SEQUEL,False,False
1422,1412,PARENT,False,False
1495,1645,PREQUEL,False,False
1495,1377,SEQUEL,True,True
1495,1491,SEQUEL,False,False
1495,1553,CHARACTER,False,False
1495,1548,PREQUEL,False,False
1512,1513,SEQUEL,True,True
1593,66,PARENT,True,True
1754,293,PARENT,False,False
1757,293,PARENT,False,False
1769,1743,PREQUEL,False,False
1769,18815,SIDE_STORY,True,True
1910,1483,PREQUEL,False,False
1926,750,CHARACTER,True,False
1958,5678,CHARACTER,True,False
1958,2768,CHARACTER,True,False
2274,2768,SEQUEL,True,True
2274,1043,CHARACTER,False,False
2274,1844,CHARACTER,False,False
2274,155,CHARACTER,False,False
2274,1496,CHARACTER,False,False
2274,439,CHARACTER,False,False
2274,435,CHARACTER,False,False
2284,180947,CHARACTER,False,False
2327,2328,ALTERNATIVE,True,True
2327,10437,ALTERNATIVE,True,True
2327,10409,SUMMARY,True,True
2356,2355,PREQUEL,False,False
2375,2374,PREQUEL,False,False
2375,2376,SEQUEL,True,True
2397,552,PREQUEL,False,False
2397,1313,SEQUEL,True,True
2441,2442,SEQUEL,True,True
2530,9600,ALTERNATIVE,True,True
2536,2534,PREQUEL,True,True
2536,2535,SEQUEL,True,True
2536,2537,SEQUEL,True,True
2649,122575,ALTERNATIVE,True,True
2729,155,SEQUEL,False,False
2947,351,PARENT,True,True
2962,1313,PARENT,True,True
3015,3014,SEQUEL,False,False
3015,3371,ALTERNATIVE,False,False
3015,3665,ALTERNATIVE,True,True
3301,349,ALTERNATIVE,True,True
3301,4489,SIDE_STORY,True,True
3370,3056,PREQUEL,False,False
3454,3529,SEQUEL,True,True
3665,3371,PARENT,False,False
3665,3015,ALTERNATIVE,True,True
3665,3014,SEQUEL,False,False
3820,3821,SEQUEL,False,False
4012,5178,PARENT,True,True
4052,1138,PREQUEL,False,False
4067,4068,SEQUEL,True,True
4379,4400,SEQUEL,True,True
4561,188,PREQUEL,False,False
4561,6690,CHARACTER,True,False
4793,1118,PARENT,True,True
4848,2443,PREQUEL,False,False
4849,176,SEQUEL,True,True
4962,5314,ALTERNATIVE,True,True
4967,4534,PREQUEL,False,False
5157,1442,ALTERNATIVE,False,False
5314,4962,ALTERNATIVE,True,True
5475,3915,PARENT,False,False
5548,5773,SEQUEL,True,True
6215,7953,SEQUEL,True,True
6246,2213,SIDE_STORY,True,True
6385,1117,PARENT,False,False
6412,151685,PARENT,True,True
6548,2001,CHARACTER,True,False
7045,2471,PARENT,False,False
7953,6215,PREQUEL,True,True
7953,80,CHARACTER,False,False
7985,3496,SEQUEL,True,True
7985,6939,SEQUEL,True,True
8348,4705,PREQUEL,False,False
8348,2001,PARENT,True,True
8362,8361,PREQUEL,False,False
8362,2450,SEQUEL,True,True
8362,966,PARENT,False,False
8490,552,PARENT,False,False
8604,15545,PARENT,False,False
8604,178602,PARENT,False,False
8848,1093,PREQUEL,False,False
8848,8842,SEQUEL,False,False
9451,1960,PARENT,False,False
9907,15051,PARENT,True,True
9911,17919,ALTERNATIVE,True,True
10679,9712,PARENT,True,True
10917,10916,PREQUEL,False,False
10917,527,PARENT,False,False
11033,15051,PARENT,True,True
12079,139303,CHARACTER,True,False
12079,7059,CHARACTER,True,False
12079,11285,CHARACTER,True,False
12101,176,PARENT,True,True
12101,76,ALTERNATIVE,True,True
12481,6069,PREQUEL,False,False
12481,12483,SEQUEL,True,True
12483,12481,PREQUEL,True,True
12637,15051,PARENT,True,True
12885,938,OTHER,True,False
13201,1469,PREQUEL,False,False
13201,15937,SEQUEL,True,True
14951,15051,PARENT,True,True
16480,4459,PARENT,False,False
17405,166054,ALTERNATIVE,False,False
17641,15583,PREQUEL,True,True
17641,19163,SEQUEL,True,True
17659,1016,PARENT,False,False
19159,18465,SEQUEL,True,True
19159,2508,PREQUEL,True,True
20187,17651,PREQUEL,True,True
20825,4244,OTHER,False,False
21628,1387,PARENT,True,True
87488,21379,PARENT,True,True
98976,102598,ALTERNATIVE,False,False
98976,102601,OTHER,False,False
98976,102599,OTHER,False,False
98976,102600,OTHER,False,False
99164,21584,CHARACTER,True,False
99164,112074,PARENT,False,False
99165,15051,CHARACTER,True,False
100294,99200,PREQUEL,False,False
100294,104745,SEQUEL,False,False
100718,20541,PARENT,True,True
5,1,PARENT,False,False
22,995,SEQUEL,True,True
22,814,SIDE_STORY,True,True
22,815,SIDE_STORY,True,True
22,1190,SIDE_STORY,False,False
22,5996,SIDE_STORY,True,True
22,6749,SIDE_STORY,False,False
22,10276,SIDE_STORY,True,True
22,10731,SIDE_STORY,True,True
22,10862,SIDE_STORY,True,True
22,20942,SIDE_STORY,True,True
22,109097,SUMMARY,True,True
52,2768,CHARACTER,True,False
120,105334,ALTERNATIVE,True,True
124,381,PREQUEL,False,False
135,645,SEQUEL,True,True
135,10765,ALTERNATIVE,True,True
154,3861,SUMMARY,True,True
154,119675,ALTERNATIVE,True,True
156,1043,PREQUEL,False,False
156,155,ALTERNATIVE,False,False
156,595,PREQUEL,True,True
156,177,CHARACTER,True,False
156,2768,CHARACTER,True,False
168,12223,SUMMARY,True,True
168,10592,SUMMARY,True,True
181,180,PREQUEL,True,True
181,1111,SUMMARY,True,True
187,186,PREQUEL,False,False
187,18,SEQUEL,True,True
187,822,SIDE_STORY,True,True
187,12725,SUMMARY,True,True
187,821,SUMMARY,True,True
192,189,PARENT,True,True
199,211260,CHARACTER,False,False
208,209,SEQUEL,True,True
101184,97815,PARENT,True,True
101184,127149,CHARACTER,True,False
101184,131867,CHARACTER,False,False
101184,132424,CHARACTER,False,False
101184,179978,CHARACTER,False,False
101184,180730,CHARACTER,False,False
101184,180742,CHARACTER,False,False
101184,180743,CHARACTER,False,False
101184,180744,CHARACTER,False,False
101184,185940,CHARACTER,False,False
101184,196881,CHARACTER,False,False
102305,20800,PARENT,True,True
102657,102658,SEQUEL,False,False
102775,102776,SEQUEL,False,False
102775,102779,SIDE_STORY,False,False
102775,102778,CHARACTER,False,False
102775,102780,CHARACTER,False,False
102775,129671,SPIN_OFF,False,False
103161,103162,SEQUEL,True,True
103161,129547,SPIN_OFF,False,False
103161,188036,ALTERNATIVE,False,False
103162,103161,PREQUEL,True,True
103162,115864,SEQUEL,False,False
106921,149084,PREQUEL,False,False
108337,151685,PARENT,True,True
112006,1960,PARENT,False,False
117411,2609,PARENT,False,False
119946,148,PARENT,True,True
121828,1960,PARENT,False,False
132938,6069,PARENT,False,False
145766,3545,PARENT,False,False
145767,3545,PARENT,False,False
146664,111,PREQUEL,False,False
150007,5232,ALTERNATIVE,False,False
176864,195965,SEQUEL,False,False
181868,103324,CHARACTER,False,False
207486,6653,ALTERNATIVE,False,False
207486,1491,ALTERNATIVE,False,False
246,18393,CHARACTER,True,False
253,254,SEQUEL,True,True
253,17785,ALTERNATIVE,True,True
259,260,ALTERNATIVE,True,True
270,777,ALTERNATIVE,True,True
276,277,SEQUEL,True,True
276,3085,CHARACTER,True,False
287,551,SEQUEL,True,True
287,1859,ALTERNATIVE,False,False
288,1669,SEQUEL,True,True
288,5962,OTHER,True,False
288,136668,ALTERNATIVE,True,True
288,13231,OTHER,True,False
288,21236,OTHER,True,False
288,101115,OTHER,True,False
288,108853,OTHER,True,False
288,116786,OTHER,True,False
288,130253,OTHER,True,False
288,165159,OTHER,True,False
288,166062,PARENT,True,True
289,706,SEQUEL,True,True
289,707,SIDE_STORY,True,True
289,5147,SEQUEL,True,True
289,472,CHARACTER,False,False
352,351,PREQUEL,True,True
352,12591,SIDE_STORY,False,False
352,2948,SIDE_STORY,True,True
352,1376,SIDE_STORY,True,True
352,353,SEQUEL,True,True
361,362,SEQUEL,True,True
368,972,PREQUEL,True,True
368,1401,SEQUEL,True,True
368,2873,SIDE_STORY,True,True
368,5347,SIDE_STORY,True,True
383,652,SEQUEL,True,True
383,13287,SIDE_STORY,True,True
383,1600,ALTERNATIVE,True,True
383,293,CHARACTER,False,False
383,1683,CHARACTER,True,False
397,396,PREQUEL,True,True
397,398,SEQUEL,True,True
399,396,PARENT,True,True
401,45,PREQUEL,False,False
403,797,SEQUEL,True,True
403,649,ALTERNATIVE,True,True
445,12699,CHARACTER,True,False
452,249,PARENT,True,True
460,21,PARENT,False,False
460,459,PREQUEL,True,True
460,461,SEQUEL,True,True
460,2385,SIDE_STORY,True,True
484,129,PARENT,True,True
551,287,PREQUEL,True,True
551,97888,SEQUEL,True,True
555,554,PREQUEL,False,False
555,556,SEQUEL,True,True
556,554,PREQUEL,False,False
556,555,PREQUEL,True,True
564,379,PARENT,False,False
595,156,SEQUEL,True,True
601,1062,ALTERNATIVE,False,False
608,1166,PREQUEL,False,False
608,1999,SEQUEL,True,True
608,561,PARENT,True,True
659,66,PARENT,True,True
675,1113,SEQUEL,True,True
682,684,SEQUEL,True,True
682,683,SIDE_STORY,True,True
682,1037,CHARACTER,True,False
682,2485,SIDE_STORY,False,False
695,694,OTHER,True,False
734,733,PREQUEL,False,False
764,1746,SEQUEL,True,True
764,763,ALTERNATIVE,False,False
797,403,PREQUEL,True,True
799,5472,SEQUEL,False,False
831,1014,SEQUEL,True,True
836,835,ALTERNATIVE,True,True
866,535,PREQUEL,False,False
866,1172,SEQUEL,False,False
874,3033,SEQUEL,True,True
874,3032,SIDE_STORY,True,True
874,552,PARENT,False,False
874,11385,CHARACTER,True,False
959,960,SEQUEL,True,True
1048,3849,SIDE_STORY,False,False
1048,615,SPIN_OFF,True,True
1064,2734,SEQUEL,True,True
1064,2253,ALTERNATIVE,False,False
1064,8666,OTHER,True,False
1112,180,PARENT,True,True
1119,4794,SIDE_STORY,True,True
1119,527,PARENT,False,False
1248,1249,SEQUEL,True,True
1249,1248,PREQUEL,True,True
1273,1274,PREQUEL,False,False
1364,235,PARENT,False,False
1387,1388,SEQUEL,True,True
1387,2869,ALTERNATIVE,True,True
1387,5324,ALTERNATIVE,True,True
1387,21628,SUMMARY,True,True
1413,1412,PARENT,False,False
1492,1493,SEQUEL,True,True
1493,1492,PREQUEL,True,True
1513,1512,PREQUEL,True,True
1525,527,PARENT,False,False
1539,1540,PREQUEL,False,False
1539,103555,SEQUEL,True,True
1614,1674,ALTERNATIVE,False,False
1622,525,SEQUEL,True,True
1634,1635,SEQUEL,True,True
1664,1665,ALTERNATIVE,False,False
1664,1666,ALTERNATIVE,False,False
1676,1000,PARENT,False,False
1676,1677,PREQUEL,True,True
1677,1676,SEQUEL,True,True
1678,7336,SIDE_STORY,False,False
1678,4690,ALTERNATIVE,False,False
1678,8394,ALTERNATIVE,False,False
1678,11755,ALTERNATIVE,True,True
1709,528,PREQUEL,False,False
1709,527,PARENT,False,False
1752,293,PARENT,False,False
1752,1753,SIDE_STORY,True,True
1753,1752,PARENT,True,True
1755,293,PARENT,False,False
1756,293,PARENT,False,False
1756,1748,ALTERNATIVE,True,True
1758,293,PARENT,False,False
1768,598,PREQUEL,True,True
1768,3190,SEQUEL,True,True
1797,1798,SEQUEL,True,True
1962,6579,SIDE_STORY,False,False
2014,2013,PREQUEL,False,False
2014,3000,SEQUEL,True,True
2014,2010,SIDE_STORY,True,True
2217,318,PREQUEL,True,True
2277,2278,ALTERNATIVE,True,True
2278,2277,ALTERNATIVE,True,True
2324,2325,SEQUEL,True,True
2324,4946,SIDE_STORY,False,False
2328,2329,PREQUEL,True,True
2328,2327,ALTERNATIVE,True,True
2379,2380,SEQUEL,True,True
2385,460,PARENT,True,True
2385,21,PARENT,False,False
2390,11717,ALTERNATIVE,False,False
2390,101094,SIDE_STORY,False,False
2398,1313,PREQUEL,True,True
2398,20802,SEQUEL,True,True
2420,2419,PREQUEL,False,False
2420,6245,SIDE_STORY,True,True
2442,2441,PREQUEL,True,True
2450,8362,PREQUEL,True,True
2450,3744,SEQUEL,True,True
2450,966,PARENT,False,False
2521,498,PREQUEL,False,False
2535,2536,PREQUEL,True,True
2535,1578,SEQUEL,True,True
2645,2654,OTHER,True,False
2654,2471,PARENT,False,False
2654,2645,OTHER,True,False
2776,2777,SEQUEL,True,True
2948,352,PARENT,True,True
3012,19271,SEQUEL,True,True
3012,7048,PARENT,True,True
3032,874,PARENT,True,True
3288,87,PARENT,False,False
3288,85,PARENT,False,False
3288,93,PARENT,True,True
3288,86,PARENT,False,False
3288,96,PARENT,False,False
3288,90,PARENT,False,False
3288,80,PARENT,False,False
3290,4420,PREQUEL,False,False
3382,151414,OTHER,True,False
3529,3454,PREQUEL,True,True
3587,3586,PREQUEL,False,False
3736,87479,OTHER,True,False
4024,130530,CHARACTER,False,False
4024,3202,CHARACTER,False,False
4024,110419,CHARACTER,True,False
4024,4023,CHARACTER,False,False
4024,11521,CHARACTER,True,False
4024,9770,CHARACTER,False,False
4024,4025,CHARACTER,False,False
4024,14253,OTHER,False,False
4024,17485,CHARACTER,False,False
4024,140317,CHARACTER,False,False
4024,18033,CHARACTER,False,False
4024,18031,CHARACTER,False,False
4024,168873,CHARACTER,False,False
4024,136650,CHARACTER,False,False
4024,150009,PARENT,False,False
4024,136649,CHARACTER,False,False
4024,168870,CHARACTER,False,False
4024,168867,CHARACTER,False,False
4024,17953,CHARACTER,False,False
4024,186043,CHARACTER,True,False
4024,179215,CHARACTER,False,False
4024,201272,CHARACTER,False,False
4024,19705,CHARACTER,False,False
4024,211864,CHARACTER,False,False
4400,4379,PREQUEL,True,True
4524,123752,ALTERNATIVE,True,True
4794,1119,PARENT,True,True
5200,148485,ALTERNATIVE,False,False
5996,22,PARENT,True,True
6245,2420,SIDE_STORY,True,True
6245,2419,PARENT,False,False
6310,5967,PARENT,True,True
6625,415,ALTERNATIVE,False,False
7229,2213,ALTERNATIVE,True,True
7229,1520,ALTERNATIVE,False,False
7329,508,PARENT,True,True
8839,85,PARENT,False,False
9325,3239,PARENT,False,False
9817,9818,SEQUEL,True,True
10036,526,PARENT,False,False
10139,10138,PREQUEL,False,False
10360,200649,OTHER,True,False
10409,2327,PARENT,True,True
10765,135,ALTERNATIVE,True,True
10989,181830,PREQUEL,False,False
12485,6069,PARENT,False,False
15399,19479,CHARACTER,True,False
17961,2747,PARENT,False,False
20477,80,PARENT,False,False
20858,20857,SEQUEL,True,True
102000,1281,PARENT,True,True
119836,1960,PARENT,False,False
119939,1052,PREQUEL,False,False
20,1735,SEQUEL,True,True
20,442,SIDE_STORY,True,True
20,594,SIDE_STORY,True,True
20,761,SIDE_STORY,True,True
20,936,SIDE_STORY,True,True
20,1074,SIDE_STORY,True,True
20,2144,SIDE_STORY,True,True
20,7367,SIDE_STORY,True,True
20,10659,SIDE_STORY,True,True
20,155348,SUMMARY,True,True
20,162561,OTHER,False,False
48,873,SEQUEL,True,True
48,1143,SEQUEL,False,False
48,1487,SEQUEL,True,True
48,454,SIDE_STORY,True,True
48,2928,ALTERNATIVE,True,True
48,110286,SUMMARY,True,True
48,299,SEQUEL,True,True
48,9332,OTHER,True,False
53,394,SEQUEL,True,True
53,6709,SIDE_STORY,True,True
59,596,SIDE_STORY,True,True
59,177,CHARACTER,True,False
59,969,CHARACTER,True,False
66,659,SIDE_STORY,True,True
66,1593,SIDE_STORY,True,True
71,73,SEQUEL,True,True
71,72,SIDE_STORY,True,True
71,6291,SEQUEL,True,True
71,115918,SUMMARY,True,True
71,115916,SUMMARY,True,True
71,115914,SUMMARY,True,True
93,864,SIDE_STORY,True,True
93,2269,SUMMARY,True,True
93,2743,SPIN_OFF,True,True
93,7113,OTHER,False,False
93,3288,OTHER,True,False
93,80,PARENT,False,False
93,2298,SIDE_STORY,True,True
93,94,SEQUEL,True,True
93,212323,CHARACTER,True,False
107,108,SEQUEL,True,True
122,1996,SIDE_STORY,True,True
128,127,PREQUEL,True,True
137,136,PREQUEL,False,False
137,138,SEQUEL,True,True
137,11061,ALTERNATIVE,True,True
144,704,SEQUEL,True,True
144,1530,ALTERNATIVE,True,True
144,132528,CHARACTER,True,False
144,143150,CHARACTER,True,False
165,559,SIDE_STORY,True,True
165,758,ALTERNATIVE,True,True
165,5288,SUMMARY,True,True
179,178,ALTERNATIVE,True,True
190,189,PREQUEL,True,True
194,1088,SEQUEL,False,False
194,5164,SIDE_STORY,True,True
195,443,SEQUEL,True,True
195,7474,SIDE_STORY,True,True
195,14685,SUMMARY,True,True
195,196,SPIN_OFF,True,True
195,203368,OTHER,False,False
200,14367,SIDE_STORY,False,False
216,215,PREQUEL,True,True
254,253,PREQUEL,True,True
254,255,SEQUEL,True,True
260,261,SEQUEL,True,True
260,7579,SIDE_STORY,False,False
260,259,ALTERNATIVE,True,True
274,3349,SEQUEL,True,True
274,5859,SEQUEL,False,False
274,2176,SUMMARY,True,True
274,3222,SUMMARY,True,True
274,3223,SUMMARY,True,True
277,276,PREQUEL,True,True
277,631,SIDE_STORY,True,True
277,7066,SIDE_STORY,True,True
299,298,SEQUEL,True,True
299,48,PREQUEL,True,True
328,107627,SIDE_STORY,True,True
121837,1960,PARENT,False,False
122029,1116,ALTERNATIVE,False,False
145768,3545,PARENT,False,False
151685,6412,OTHER,True,False
151685,108337,OTHER,True,False
177063,177067,OTHER,False,False
177063,177065,OTHER,True,False
177063,177064,OTHER,True,False
177063,211260,OTHER,False,False
177063,211262,OTHER,False,False
177063,177066,OTHER,False,False
177063,177068,OTHER,False,False
177065,177067,OTHER,False,False
177065,177063,OTHER,True,False
177065,177064,OTHER,True,False
177065,211260,OTHER,False,False
177065,211262,OTHER,False,False
177065,177066,OTHER,False,False
177065,177068,OTHER,False,False
182142,1491,OTHER,False,False
353,352,PREQUEL,True,True
378,377,PREQUEL,True,True
378,12351,SIDE_STORY,True,True
382,21280,SEQUEL,True,True
425,13843,CHARACTER,True,False
443,195,PARENT,True,True
443,196,SPIN_OFF,True,True
446,447,PREQUEL,False,False
446,1024,PREQUEL,False,False
450,249,PARENT,True,True
461,21,PARENT,False,False
461,460,PREQUEL,True,True
461,462,SEQUEL,True,True
461,2386,SIDE_STORY,True,True
467,801,SEQUEL,True,True
467,10949,SIDE_STORY,True,True
467,2449,SUMMARY,True,True
467,17187,SPIN_OFF,True,True
467,43,ALTERNATIVE,False,False
467,1335,SIDE_STORY,False,False
467,177699,ALTERNATIVE,True,True
492,1079,PREQUEL,False,False
529,609,SIDE_STORY,True,True
597,585,CHARACTER,False,False
611,5492,SIDE_STORY,False,False
615,921,SEQUEL,True,True
615,920,SIDE_STORY,True,True
615,1048,PARENT,True,True
615,21440,ALTERNATIVE,True,True
623,117019,SIDE_STORY,True,True
647,1904,SEQUEL,True,True
652,383,PREQUEL,True,True
652,653,SEQUEL,True,True
652,2206,SIDE_STORY,False,False
653,652,PREQUEL,True,True
653,655,SEQUEL,True,True
653,654,SIDE_STORY,True,True
653,12225,SIDE_STORY,True,True
683,682,PARENT,True,True
687,117196,ALTERNATIVE,True,True
821,3931,SEQUEL,True,True
821,185,PARENT,False,False
821,186,PARENT,False,False
821,187,PARENT,True,True
833,1149,SEQUEL,True,True
835,836,ALTERNATIVE,True,True
881,133,ALTERNATIVE,True,True
887,888,PARENT,True,True
958,1774,SIDE_STORY,True,True
972,368,SEQUEL,True,True
976,975,PREQUEL,False,False
982,983,SIDE_STORY,True,True
1019,1020,SEQUEL,True,True
1038,1039,ALTERNATIVE,True,True
1080,1515,OTHER,True,False
1080,177433,SEQUEL,False,False
1081,1000,PARENT,False,False
1084,811,PARENT,True,True
1105,6795,CHARACTER,True,False
1111,181,PARENT,True,True
1120,4795,SIDE_STORY,True,True
1120,527,PARENT,False,False
1127,1128,SEQUEL,True,True
1127,1129,PARENT,True,True
1132,3031,SIDE_STORY,True,True
1132,552,PARENT,False,False
1132,11385,CHARACTER,True,False
1133,539,ALTERNATIVE,False,False
1133,165749,OTHER,True,False
1133,992,OTHER,False,False
1224,1268,SEQUEL,True,True
1257,1254,PREQUEL,False,False
1257,1253,SEQUEL,True,True
1290,1095,PREQUEL,False,False
1290,1096,SEQUEL,False,False
1290,2733,OTHER,True,False
1353,2341,ALTERNATIVE,False,False
1365,235,PARENT,False,False
1380,58,ALTERNATIVE,False,False
1404,2208,SEQUEL,True,True
1418,1412,PARENT,False,False
1427,1412,PARENT,False,False
1511,4816,SEQUEL,True,True
1564,527,PREQUEL,False,False
1564,1565,SEQUEL,True,True
1564,1121,SIDE_STORY,True,True
1564,1122,SIDE_STORY,True,True
1564,1526,SIDE_STORY,True,True
1564,1527,SIDE_STORY,True,True
1564,2201,SIDE_STORY,True,True
1564,5844,SIDE_STORY,True,True
1564,5845,SIDE_STORY,True,True
1564,20956,ALTERNATIVE,True,True
1564,4910,SIDE_STORY,True,True
1564,2363,SIDE_STORY,True,True
1564,2842,OTHER,True,False
1564,6877,SIDE_STORY,True,True
1564,11009,SIDE_STORY,True,True
1564,11019,SIDE_STORY,True,True
1564,97635,ALTERNATIVE,True,True
1596,5715,SIDE_STORY,True,True
1596,12243,CHARACTER,False,False
1596,516,CHARACTER,True,False
1597,293,SEQUEL,False,False
1623,145503,SIDE_STORY,True,True
1633,1632,SEQUEL,True,True
1669,288,PREQUEL,True,True
1669,1668,SEQUEL,True,True
1669,1670,SIDE_STORY,True,True
1670,1669,PARENT,True,True
1685,4443,SEQUEL,True,True
1685,3669,SIDE_STORY,True,True
1685,6062,SIDE_STORY,True,True
1685,9282,SIDE_STORY,False,False
1685,146859,PARENT,False,False
1685,176634,CHARACTER,False,False
1705,1626,ALTERNATIVE,False,False
1706,1000,ALTERNATIVE,False,False
1706,1645,ALTERNATIVE,False,False
1707,5967,SEQUEL,True,True
1707,6310,SIDE_STORY,True,True
1707,12279,SIDE_STORY,True,True
1707,3281,PREQUEL,False,False
1710,2108,SEQUEL,True,True
1710,2808,ALTERNATIVE,True,True
1710,1854,PARENT,True,True
1712,10648,ALTERNATIVE,False,False
1733,377,SEQUEL,True,True
1744,170426,SEQUEL,True,True
1745,1959,PREQUEL,False,False
1789,285,PARENT,True,True
1854,2808,PARENT,True,True
1854,1835,OTHER,True,False
1854,1710,OTHER,True,False
1937,839,SIDE_STORY,False,False
1937,2591,PARENT,False,False
1980,6675,SIDE_STORY,True,True
1980,204410,SEQUEL,False,False
1996,122,PARENT,True,True
1999,608,PREQUEL,True,True
2007,692,ALTERNATIVE,False,False
2010,2014,PARENT,True,True
2033,8079,SEQUEL,False,False
2033,98208,SIDE_STORY,True,True
2033,120756,SEQUEL,False,False
2185,203,SEQUEL,False,False
2275,2276,SEQUEL,True,True
2363,1564,PARENT,True,True
2377,2378,SEQUEL,True,True
2377,2374,CHARACTER,False,False
2377,3586,CHARACTER,False,False
2377,3587,CHARACTER,True,False
2377,147929,ALTERNATIVE,True,True
2386,461,PARENT,True,True
2386,21,PARENT,False,False
2399,508,PARENT,True,True
2488,523,PREQUEL,False,False
2512,235,PARENT,False,False
2537,2536,PREQUEL,True,True
2655,2471,PARENT,False,False
2733,1290,PARENT,True,True
2733,1096,PARENT,False,False
2733,1095,PARENT,False,False
2733,1288,PARENT,False,False
2733,324,PARENT,False,False
2777,2776,PREQUEL,True,True
2777,2778,SEQUEL,True,True
3006,9795,SIDE_STORY,True,True
3006,9796,SIDE_STORY,True,True
3006,21229,SEQUEL,True,True
3006,173313,OTHER,True,False
3031,1132,PARENT,True,True
3033,874,PREQUEL,True,True
3080,1887,CHARACTER,True,False
3080,9875,CHARACTER,True,False
3516,3517,SEQUEL,True,True
3744,2450,PREQUEL,True,True
3744,8363,SEQUEL,True,True
3744,966,PARENT,False,False
3861,154,PARENT,True,True
3963,3964,SEQUEL,True,True
3963,95,PARENT,False,False
3964,3963,PREQUEL,True,True
3964,95,PARENT,False,False
4068,4067,PREQUEL,True,True
4476,129,PARENT,True,True
4489,3301,PARENT,True,True
4795,1120,PARENT,True,True
5051,1088,PARENT,False,False
5458,481,PARENT,True,True
5674,5398,SEQUEL,True,True
5773,5548,PREQUEL,True,True
6709,53,PARENT,True,True
7330,508,PARENT,True,True
7474,195,PARENT,True,True
8403,4286,ALTERNATIVE,False,False
8403,8416,ALTERNATIVE,False,False
8431,2038,PARENT,False,False
8956,5189,PREQUEL,False,False
26,109485,OTHER,False,False
60,4450,SIDE_STORY,True,True
62,291,SEQUEL,True,True
62,9393,SPIN_OFF,True,True
62,9353,OTHER,True,False
72,73,PARENT,True,True
97,10336,SEQUEL,True,True
114,293,CHARACTER,False,False
121,430,SEQUEL,True,True
121,908,SIDE_STORY,True,True
121,664,SUMMARY,True,True
121,5114,ALTERNATIVE,True,True
130,129,PREQUEL,True,True
130,131,SEQUEL,True,True
130,6434,SIDE_STORY,True,True
133,651,SEQUEL,True,True
133,1679,SIDE_STORY,True,True
133,881,ALTERNATIVE,True,True
134,3231,SEQUEL,True,True
138,137,PREQUEL,True,True
138,139,SEQUEL,True,True
138,11061,ALTERNATIVE,True,True
147,3318,ALTERNATIVE,True,True
147,1856,SIDE_STORY,True,True
147,281,SIDE_STORY,True,True
147,9170,SIDE_STORY,True,True
147,112716,CHARACTER,True,False
161,9568,SIDE_STORY,True,True
161,21770,SEQUEL,True,True
169,10012,CHARACTER,True,False
169,143103,CHARACTER,False,False
10437,2327,ALTERNATIVE,True,True
12279,1707,PARENT,True,True
12351,378,PARENT,True,True
13287,383,SIDE_STORY,True,True
17219,1960,PARENT,False,False
17785,253,ALTERNATIVE,True,True
18815,1769,PARENT,True,True
19271,3012,PREQUEL,True,True
20225,20235,SEQUEL,True,True
20857,2738,SEQUEL,True,True
20857,20858,PREQUEL,True,True
117019,623,PARENT,True,True
121051,1491,ALTERNATIVE,False,False
139884,8900,OTHER,True,False
139884,1872,OTHER,True,False
139884,140879,SIDE_STORY,True,True
140879,139884,PARENT,True,True
145769,3545,PARENT,False,False
145770,3545,PARENT,False,False
145771,3545,PARENT,False,False
148745,2718,ALTERNATIVE,False,False
148745,7626,PARENT,False,False
177064,177067,OTHER,False,False
177064,177063,OTHER,True,False
177064,177065,OTHER,True,False
177064,211260,OTHER,False,False
177064,211262,OTHER,False,False
177064,177066,OTHER,False,False
177064,177068,OTHER,False,False
181824,17601,ALTERNATIVE,False,False
181824,181825,SEQUEL,True,True
200649,10360,OTHER,True,False
176,4849,PREQUEL,True,True
176,12101,SIDE_STORY,True,True
176,76,CHARACTER,True,False
178,179,ALTERNATIVE,True,True
196,524,SEQUEL,True,True
196,443,PARENT,True,True
196,195,PARENT,True,True
202,1023,SEQUEL,True,True
209,208,PREQUEL,True,True
250,844,SIDE_STORY,True,True
250,911,SIDE_STORY,True,True
250,7430,SIDE_STORY,False,False
250,10732,SIDE_STORY,False,False
257,1956,SEQUEL,True,True
261,260,PREQUEL,True,True
261,262,SEQUEL,True,True
264,263,PREQUEL,True,True
264,265,SEQUEL,True,True
265,264,PREQUEL,True,True
265,5258,SEQUEL,True,True
266,858,SIDE_STORY,True,True
273,4483,SPIN_OFF,True,True
294,295,SEQUEL,True,True
298,454,SIDE_STORY,True,True
298,1994,SIDE_STORY,False,False
298,110286,SUMMARY,True,True
298,299,PREQUEL,True,True
329,10735,OTHER,True,False
362,361,PREQUEL,True,True
362,363,ALTERNATIVE,True,True
394,53,PREQUEL,True,True
394,3266,SIDE_STORY,False,False
421,422,SEQUEL,True,True
421,1903,SUMMARY,True,True
427,428,SEQUEL,True,True
427,1501,SPIN_OFF,True,True
451,249,PARENT,True,True
454,298,PARENT,True,True
462,21,PARENT,False,False
462,461,PREQUEL,True,True
462,463,SEQUEL,True,True
486,1379,PREQUEL,True,True
486,3466,SIDE_STORY,True,True
486,6628,CHARACTER,False,False
486,98448,ALTERNATIVE,True,True
486,2175,SIDE_STORY,True,True
497,2105,PARENT,True,True
521,1110,SEQUEL,True,True
541,540,PREQUEL,False,False
541,1147,SEQUEL,True,True
541,21429,SEQUEL,True,True
545,186750,SIDE_STORY,True,True
559,165,PARENT,True,True
579,1918,CHARACTER,False,False
592,4191,PREQUEL,False,False
594,20,PARENT,True,True
596,59,PARENT,True,True
618,617,PREQUEL,False,False
620,2486,PREQUEL,True,True
620,2016,ALTERNATIVE,False,False
620,2017,ALTERNATIVE,False,False
631,277,PARENT,True,True
654,653,PARENT,True,True
684,682,PREQUEL,True,True
704,144,PREQUEL,True,True
707,5147,PREQUEL,True,True
707,289,PARENT,True,True
758,165,ALTERNATIVE,True,True
759,323,CHARACTER,True,False
761,20,PARENT,True,True
776,5865,SIDE_STORY,True,True
824,3157,SEQUEL,True,True
920,615,PARENT,True,True
971,18637,SIDE_STORY,True,True
971,2747,ALTERNATIVE,False,False
971,3044,ALTERNATIVE,False,False
971,106492,CHARACTER,False,False
971,21830,PREQUEL,True,True
971,154121,SIDE_STORY,True,True
971,17959,PREQUEL,True,True
971,6513,CHARACTER,True,False
1014,831,PREQUEL,True,True
1037,2153,PREQUEL,True,True
1037,3004,SIDE_STORY,True,True
1037,682,CHARACTER,True,False
1039,1038,ALTERNATIVE,True,True
1050,21170,CHARACTER,True,False
1055,3429,SEQUEL,False,False
1055,21498,ALTERNATIVE,True,True
1055,3430,PREQUEL,False,False
1058,511,PARENT,True,True
1097,2307,SEQUEL,True,True
1097,2308,SEQUEL,True,True
1103,1104,SEQUEL,True,True
1113,675,PREQUEL,True,True
1121,1564,PARENT,True,True
1121,5529,SIDE_STORY,True,True
1128,1127,PREQUEL,True,True
1128,1514,SEQUEL,True,True
1129,1127,SIDE_STORY,True,True
1174,1135,SEQUEL,True,True
1174,5702,ALTERNATIVE,True,True
1205,3401,SIDE_STORY,False,False
1209,3111,SEQUEL,True,True
1209,179827,OTHER,False,False
1234,318,PARENT,True,True
1237,21,PARENT,False,False
1238,21,PARENT,False,False
1263,5411,SIDE_STORY,True,True
1268,1224,PREQUEL,True,True
1350,1349,PARENT,False,False
1357,1356,PREQUEL,False,False
1366,235,PARENT,False,False
1373,2213,SEQUEL,True,True
1373,4071,PARENT,False,False
1403,21870,SEQUEL,True,True
1409,3270,ALTERNATIVE,True,True
1424,1412,PARENT,False,False
1487,48,PREQUEL,True,True
1490,2717,SEQUEL,True,True
1490,3854,SEQUEL,True,True
1582,16251,SEQUEL,False,False
1617,3182,SEQUEL,True,True
1635,1634,PREQUEL,True,True
1635,1636,SEQUEL,True,True
1668,1669,PREQUEL,True,True
1675,927,SEQUEL,True,True
1675,180947,CHARACTER,False,False
1679,133,SIDE_STORY,True,True
1683,293,ALTERNATIVE,False,False
1683,383,CHARACTER,True,False
1708,9043,ALTERNATIVE,False,False
1748,293,ALTERNATIVE,False,False
1748,1756,ALTERNATIVE,True,True
1774,958,PARENT,True,True
1783,2867,ALTERNATIVE,True,True
1816,2263,ALTERNATIVE,False,False
1816,129610,SEQUEL,True,True
1816,10263,ALTERNATIVE,False,False
1904,247,PREQUEL,True,True
1904,3227,SEQUEL,True,True
1904,647,ALTERNATIVE,True,True
1964,562,SEQUEL,True,True
1964,1166,PARENT,False,False
1995,3112,SEQUEL,True,True
2015,546,PREQUEL,True,True
2108,1710,PREQUEL,True,True
2108,2109,SEQUEL,True,True
2108,2808,ALTERNATIVE,True,True
2208,1404,PREQUEL,True,True
2233,119771,SEQUEL,True,True
2349,6328,SIDE_STORY,True,True
2352,2353,ALTERNATIVE,False,False
2376,2375,PREQUEL,True,True
2380,2379,PREQUEL,True,True
2380,21523,SEQUEL,True,True
2393,2471,PARENT,False,False
2432,7456,PREQUEL,True,True
2486,620,SEQUEL,True,True
2501,2503,PREQUEL,False,False
2590,8294,ALTERNATIVE,True,True
2734,1064,PREQUEL,True,True
2734,4406,ALTERNATIVE,False,False
2738,20857,PREQUEL,True,True
2778,2777,PREQUEL,True,True
2988,5653,SEQUEL,True,True
3160,4818,ALTERNATIVE,False,False
3190,598,CHARACTER,True,False
3190,1768,PREQUEL,True,True
3329,2523,SEQUEL,True,True
3381,1251,PARENT,False,False
3496,7985,PREQUEL,True,True
3496,6939,SEQUEL,True,True
3519,12497,SEQUEL,True,True
3547,3545,PARENT,False,False
3547,2901,PREQUEL,False,False
4298,2402,PARENT,False,False
4363,2187,SEQUEL,True,True
5049,7264,SEQUEL,True,True
5147,289,PREQUEL,True,True
5147,706,ALTERNATIVE,True,True
5288,165,PARENT,True,True
5398,5674,PREQUEL,True,True
5529,1121,PARENT,True,True
5715,1596,PARENT,True,True
5865,776,PARENT,True,True
6015,2956,SEQUEL,True,True
6328,2349,PARENT,True,True
6434,130,PARENT,True,True
6877,1564,PARENT,True,True
7048,3012,SPIN_OFF,True,True
8108,508,PARENT,True,True
8229,3500,SEQUEL,True,True
8363,3744,PREQUEL,True,True
8363,8364,SEQUEL,True,True
8363,966,PARENT,False,False
8949,508,PARENT,True,True
9568,161,PARENT,True,True
9795,3006,PARENT,True,True
11791,1960,PARENT,False,False
12069,263,PARENT,True,True
12225,653,PARENT,True,True
12497,3519,PREQUEL,True,True
12725,185,PARENT,False,False
12725,186,PARENT,False,False
12725,187,PARENT,True,True
14685,195,PARENT,True,True
17959,2747,ALTERNATIVE,False,False
17959,3044,ALTERNATIVE,False,False
17959,971,SEQUEL,True,True
18637,971,PARENT,True,True
20185,11595,ALTERNATIVE,False,False
20189,168578,ALTERNATIVE,False,False
20189,2687,ALTERNATIVE,False,False
20189,9531,CHARACTER,False,False
20235,20225,PREQUEL,True,True
20235,132325,SEQUEL,True,True
99713,1292,ALTERNATIVE,True,True
8,1123,SEQUEL,True,True
18,187,PREQUEL,True,True
18,15059,SEQUEL,True,True
18,5228,SIDE_STORY,True,True
18,3931,SUMMARY,True,True
23,1771,SEQUEL,True,True
23,140009,ALTERNATIVE,False,False
24,846,SEQUEL,True,True
24,517,SIDE_STORY,True,True
54,2969,SEQUEL,True,True
54,937,ALTERNATIVE,False,False
54,20786,PREQUEL,True,True
54,9737,ALTERNATIVE,True,True
63,1817,SIDE_STORY,True,True
64,65,SEQUEL,True,True
64,18041,ALTERNATIVE,True,True
64,2237,OTHER,False,False
75,560,PREQUEL,True,True
75,8098,SEQUEL,True,True
76,77,SEQUEL,True,True
76,4985,ALTERNATIVE,True,True
76,12101,ALTERNATIVE,True,True
76,107340,SIDE_STORY,True,True
76,176,CHARACTER,True,False
76,185875,ALTERNATIVE,True,True
94,1241,SEQUEL,True,True
94,1215,SIDE_STORY,True,True
94,2294,SUMMARY,True,True
94,7113,OTHER,False,False
94,134761,SEQUEL,True,True
94,93,PREQUEL,True,True
98,673,SIDE_STORY,True,True
98,8062,SIDE_STORY,True,True
98,99,ALTERNATIVE,True,True
108,107,PREQUEL,True,True
109,2205,PREQUEL,True,True
109,2212,SUMMARY,True,True
112,705,SIDE_STORY,True,True
112,765,SIDE_STORY,True,True
112,964,ALTERNATIVE,True,True
112,275,ALTERNATIVE,True,True
125,126,ALTERNATIVE,True,True
131,130,PREQUEL,True,True
131,87498,SEQUEL,True,True
139,138,PREQUEL,True,True
139,11061,ALTERNATIVE,True,True
148,7571,SIDE_STORY,True,True
148,119946,OTHER,True,False
151,1661,ALTERNATIVE,False,False
158,444,SEQUEL,True,True
158,3468,SIDE_STORY,True,True
174,448,SEQUEL,True,True
174,760,SUMMARY,True,True
222,221,PREQUEL,True,True
107627,328,PARENT,True,True
119134,103376,PARENT,False,False
119134,208054,SIDE_STORY,True,True
129608,567,PREQUEL,False,False
145277,10987,SEQUEL,True,True
145503,1623,PARENT,True,True
145772,3545,PARENT,False,False
145773,3545,PARENT,False,False
145774,3545,PARENT,False,False
170426,1744,PREQUEL,True,True
170426,170427,SEQUEL,True,True
171929,1960,PARENT,False,False
186750,545,PARENT,True,True
208054,119134,PARENT,True,True
226,376,SIDE_STORY,True,True
240,1813,SEQUEL,True,True
240,669,OTHER,True,False
241,487,SEQUEL,True,True
247,1904,SEQUEL,True,True
247,1905,SEQUEL,True,True
247,1907,SIDE_STORY,True,True
247,647,SUMMARY,True,True
247,1906,ALTERNATIVE,True,True
251,2971,SEQUEL,True,True
251,4080,SEQUEL,True,True
255,254,PREQUEL,True,True
262,261,PREQUEL,True,True
269,834,SIDE_STORY,True,True
269,1686,SIDE_STORY,True,True
269,2889,SIDE_STORY,True,True
269,4835,SIDE_STORY,True,True
269,8247,SIDE_STORY,True,True
269,100719,SIDE_STORY,True,True
269,116674,SEQUEL,True,True
269,116673,OTHER,True,False
269,154037,ALTERNATIVE,True,True
269,182561,OTHER,False,False
275,1874,SIDE_STORY,True,True
275,964,ALTERNATIVE,True,True
275,112,ALTERNATIVE,True,True
281,147,PARENT,True,True
281,1856,PREQUEL,True,True
284,1488,ALTERNATIVE,False,False
284,98129,ALTERNATIVE,False,False
295,294,PREQUEL,True,True
297,4361,SIDE_STORY,False,False
323,759,CHARACTER,True,False
336,771,SEQUEL,True,True
343,2580,SIDE_STORY,True,True
346,9967,SIDE_STORY,False,False
363,1071,SEQUEL,True,True
363,362,ALTERNATIVE,True,True
384,395,SEQUEL,True,True
384,21496,ALTERNATIVE,True,True
395,384,PREQUEL,True,True
422,421,PREQUEL,True,True
422,423,SEQUEL,True,True
422,1903,SUMMARY,True,True
422,125601,SIDE_STORY,False,False
428,427,PREQUEL,True,True
428,429,SEQUEL,True,True
431,174780,OTHER,False,False
431,211262,CHARACTER,False,False
438,5682,ALTERNATIVE,True,True
442,2248,SIDE_STORY,True,True
442,20,PARENT,True,True
444,158,PREQUEL,True,True
444,1729,SEQUEL,True,True
444,3469,SIDE_STORY,True,True
449,249,PARENT,True,True
455,15159,SEQUEL,True,True
463,21,PARENT,False,False
463,462,PREQUEL,True,True
463,464,SEQUEL,True,True
468,43,PREQUEL,False,False
482,481,PREQUEL,True,True
482,3972,SEQUEL,True,True
482,10015,OTHER,True,False
482,20552,OTHER,True,False
482,98231,OTHER,True,False
482,114072,OTHER,True,False
482,142842,OTHER,True,False
510,2139,SEQUEL,True,True
510,2609,ALTERNATIVE,False,False
516,2407,SIDE_STORY,True,True
516,2408,SIDE_STORY,True,True
516,5290,SIDE_STORY,True,True
516,5710,SIDE_STORY,True,True
516,8134,SIDE_STORY,True,True
516,20543,ALTERNATIVE,True,True
516,1596,CHARACTER,True,False
516,3659,CHARACTER,True,False
516,176636,OTHER,True,False
524,196,PARENT,True,True
525,1622,PREQUEL,True,True
533,6068,SEQUEL,True,True
546,2027,SIDE_STORY,True,True
546,547,ALTERNATIVE,True,True
546,2015,SEQUEL,True,True
547,546,ALTERNATIVE,True,True
562,1964,PREQUEL,True,True
603,1929,SEQUEL,True,True
603,20577,ALTERNATIVE,True,True
603,21001,ALTERNATIVE,True,True
603,1932,ALTERNATIVE,True,True
603,5684,ALTERNATIVE,True,True
603,7645,ALTERNATIVE,True,True
603,9893,ALTERNATIVE,True,True
603,12191,ALTERNATIVE,True,True
603,16419,ALTERNATIVE,True,True
603,21506,ALTERNATIVE,True,True
603,98059,ALTERNATIVE,True,True
603,1534,ALTERNATIVE,True,True
603,100661,ALTERNATIVE,True,True
603,5753,CHARACTER,True,False
603,8133,CHARACTER,True,False
603,9979,CHARACTER,True,False
603,12221,CHARACTER,True,False
603,16442,CHARACTER,True,False
603,20549,CHARACTER,True,False
603,21137,CHARACTER,True,False
603,21504,CHARACTER,True,False
603,101908,CHARACTER,True,False
603,105857,ALTERNATIVE,True,True
603,112748,ALTERNATIVE,True,True
603,126905,ALTERNATIVE,True,True
603,11569,CHARACTER,True,False
603,10549,CHARACTER,True,False
603,142080,ALTERNATIVE,True,True
603,157883,ALTERNATIVE,True,True
603,159429,CHARACTER,True,False
603,171030,ALTERNATIVE,True,True
603,185073,ALTERNATIVE,True,True
603,188394,CHARACTER,True,False
603,202957,ALTERNATIVE,True,True
627,558,SEQUEL,True,True
636,635,PREQUEL,False,False
642,248,PREQUEL,True,True
642,981,SEQUEL,True,True
645,135,PREQUEL,True,True
648,12881,SIDE_STORY,True,True
649,403,ALTERNATIVE,True,True
651,133,PREQUEL,True,True
655,653,PREQUEL,True,True
669,1591,ALTERNATIVE,True,True
669,240,OTHER,True,False
685,472,PREQUEL,False,False
685,686,SIDE_STORY,True,True
688,689,SEQUEL,True,True
693,370,ALTERNATIVE,False,False
693,767,ALTERNATIVE,False,False
693,769,ALTERNATIVE,False,False
705,765,PREQUEL,True,True
705,112,PARENT,True,True
749,4314,SEQUEL,True,True
765,275,SEQUEL,True,True
765,705,SEQUEL,True,True
765,112,PARENT,True,True
765,964,ALTERNATIVE,True,True
765,1741,ALTERNATIVE,True,True
766,1067,ALTERNATIVE,True,True
801,467,PREQUEL,True,True
801,1566,SEQUEL,True,True
801,3485,SPIN_OFF,True,True
801,2448,SUMMARY,True,True
844,250,PARENT,True,True
864,93,PARENT,True,True
872,3991,SIDE_STORY,True,True
921,615,PREQUEL,True,True
921,10520,SIDE_STORY,False,False
927,1675,PREQUEL,True,True
927,9528,SIDE_STORY,True,True
964,1741,SIDE_STORY,True,True
964,275,ALTERNATIVE,True,True
964,112,ALTERNATIVE,True,True
983,982,PARENT,True,True
1002,949,PREQUEL,False,False
1002,1911,ALTERNATIVE,True,True
1002,20465,OTHER,False,False
1002,115006,SEQUEL,False,False
1020,1019,PREQUEL,True,True
1023,202,PREQUEL,True,True
1082,1898,SIDE_STORY,True,True
1099,678,PREQUEL,False,False
1104,1103,PREQUEL,True,True
1110,521,PREQUEL,True,True
1122,1564,PARENT,True,True
1149,833,PREQUEL,True,True
1259,3515,PREQUEL,True,True
1259,12929,SEQUEL,True,True
1360,4027,SEQUEL,True,True
1367,235,PARENT,False,False
1371,102398,CHARACTER,False,False
1371,106571,ALTERNATIVE,False,False
1371,2998,ALTERNATIVE,False,False
1371,2999,ALTERNATIVE,False,False
1371,2213,CHARACTER,True,False
1371,158699,OTHER,False,False
1371,158700,OTHER,False,False
1371,5476,CHARACTER,False,False
1376,352,PARENT,True,True
1377,1495,PREQUEL,True,True
1377,1491,SEQUEL,False,False
1377,1301,SEQUEL,False,False
1388,1387,PREQUEL,True,True
1388,1389,SEQUEL,True,True
1388,2868,ALTERNATIVE,True,True
1401,368,PREQUEL,True,True
1401,13223,SUMMARY,True,True
1429,1412,PARENT,False,False
1636,1635,PREQUEL,True,True
1741,964,PARENT,True,True
1746,764,PREQUEL,True,True
1746,712,SEQUEL,True,True
1798,1797,PREQUEL,True,True
1874,275,PARENT,True,True
1894,481,PARENT,True,True
1898,1082,PARENT,True,True
1917,1916,SEQUEL,True,True
1917,80,PARENT,False,False
1917,212323,OTHER,True,False
2027,546,PARENT,True,True
2109,2108,PREQUEL,True,True
2109,2110,SEQUEL,True,True
2109,2111,SIDE_STORY,True,True
2109,2808,ALTERNATIVE,True,True
2213,1373,PREQUEL,True,True
2213,2214,SEQUEL,True,True
2213,1983,SIDE_STORY,True,True
2213,1520,ALTERNATIVE,False,False
2213,7229,ALTERNATIVE,True,True
2213,21187,PREQUEL,True,True
2213,18669,SIDE_STORY,False,False
2213,101347,CHARACTER,True,False
2213,4071,SIDE_STORY,False,False
2213,5249,CHARACTER,False,False
2213,1572,CHARACTER,False,False
2213,2427,CHARACTER,False,False
2213,1371,CHARACTER,True,False
2213,6246,PARENT,True,True
2248,442,PARENT,True,True
2269,93,PARENT,True,True
2269,2294,SEQUEL,True,True
2276,2275,PREQUEL,True,True
2276,13937,SEQUEL,True,True
2298,93,PARENT,True,True
2307,1097,PREQUEL,True,True
2325,2324,PREQUEL,True,True
2337,2686,ALTERNATIVE,False,False
2337,10005,ALTERNATIVE,True,True
2337,19445,OTHER,True,False
2378,2374,PREQUEL,False,False
2378,2377,PREQUEL,True,True
2391,80,PARENT,False,False
2490,21,PARENT,False,False
2514,235,PARENT,False,False
2514,20790,ALTERNATIVE,True,True
2514,8310,ALTERNATIVE,True,True
2534,2536,SEQUEL,True,True
2656,2471,PARENT,False,False
2727,3863,SIDE_STORY,True,True
2740,2741,SEQUEL,True,True
2741,2740,PREQUEL,True,True
2789,4667,SEQUEL,True,True
2858,2859,SEQUEL,True,True
2858,9486,SIDE_STORY,True,True
2858,5427,ALTERNATIVE,True,True
2956,6015,PREQUEL,True,True
2958,3917,SEQUEL,True,True
2978,3579,ALTERNATIVE,False,False
3182,1617,PREQUEL,True,True
3468,158,PARENT,True,True
3469,444,PARENT,True,True
3485,801,PARENT,True,True
3638,2707,SEQUEL,True,True
3638,6965,SIDE_STORY,False,False
3638,15067,SIDE_STORY,True,True
3638,21095,OTHER,True,False
3638,120378,OTHER,True,False
3638,169794,SIDE_STORY,True,True
3638,182548,ALTERNATIVE,False,False
4443,1685,PREQUEL,True,True
4443,4444,SEQUEL,True,True
4443,10525,SPIN_OFF,True,True
4803,4802,PREQUEL,False,False
5343,19479,SIDE_STORY,True,True
5343,1412,CHARACTER,False,False
5411,1263,PARENT,True,True
5691,238,PREQUEL,False,False
5845,1564,PARENT,True,True
5967,1707,PREQUEL,True,True
5967,5968,SEQUEL,True,True
5967,6310,SIDE_STORY,True,True
6068,533,PREQUEL,True,True
7571,148,PARENT,True,True
8109,145406,PARENT,True,True
8364,8363,PREQUEL,True,True
8364,8365,SEQUEL,True,True
8364,966,PARENT,False,False
8965,508,PARENT,True,True
8966,145406,PARENT,True,True
9170,147,PARENT,True,True
9486,2858,PARENT,True,True
9528,927,PARENT,True,True
9818,9817,PREQUEL,True,True
9818,9820,SEQUEL,False,False
10949,467,PARENT,True,True
10987,14631,SEQUEL,True,True
10987,145277,PREQUEL,True,True
11497,18967,ALTERNATIVE,False,False
11497,138982,ALTERNATIVE,False,False
11883,11897,PREQUEL,True,True
11897,11883,SEQUEL,True,True
11897,120904,ALTERNATIVE,False,False
12881,648,PARENT,True,True
16988,1960,PARENT,False,False
17963,2747,PARENT,False,False
108744,108745,SEQUEL,True,True
116032,116016,PARENT,False,False
132325,20207,SEQUEL,True,True
132325,20235,PREQUEL,True,True
132325,206726,ALTERNATIVE,False,False
145406,508,PREQUEL,True,True
145406,13679,SEQUEL,True,True
145406,8966,SIDE_STORY,True,True
145406,8109,SIDE_STORY,True,True
145775,3545,PARENT,False,False
145776,3545,PARENT,False,False
154037,269,ALTERNATIVE,True,True
15,1317,SIDE_STORY,False,False
15,6418,SIDE_STORY,False,False
15,175277,OTHER,False,False
16,1142,SEQUEL,True,True
16,644,SIDE_STORY,True,True
50,880,SEQUEL,True,True
50,1003,SIDE_STORY,True,True
50,49,ALTERNATIVE,False,False
50,303,SPIN_OFF,False,False
65,64,PREQUEL,True,True
65,18041,SEQUEL,True,True
65,1719,SIDE_STORY,True,True
67,99569,SEQUEL,True,True
68,2589,SIDE_STORY,True,True
69,3028,SIDE_STORY,True,True
73,71,PREQUEL,True,True
73,6291,PREQUEL,True,True
73,72,SIDE_STORY,True,True
73,1015,SIDE_STORY,True,True
73,21451,SEQUEL,True,True
77,76,PREQUEL,True,True
77,1915,SEQUEL,True,True
77,10153,ALTERNATIVE,True,True
77,108729,SIDE_STORY,True,True
79,1836,SUMMARY,True,True
79,7396,ALTERNATIVE,False,False
99,3268,PREQUEL,True,True
99,1609,SEQUEL,True,True
99,1659,SIDE_STORY,True,True
99,8518,SIDE_STORY,True,True
99,98,ALTERNATIVE,True,True
101,656,SIDE_STORY,True,True
101,713,ALTERNATIVE,True,True
101,132528,CHARACTER,True,False
101,143150,CHARACTER,True,False
126,125,ALTERNATIVE,True,True
141,848,SIDE_STORY,True,True
149,3057,SIDE_STORY,False,False
150,405,ALTERNATIVE,True,True
150,10490,OTHER,True,False
150,10681,OTHER,True,False
152,3138,SIDE_STORY,True,True
157,1546,ALTERNATIVE,True,True
157,21855,SEQUEL,True,True
177,969,SEQUEL,True,True
177,807,SIDE_STORY,True,True
177,861,CHARACTER,True,False
177,232,CHARACTER,False,False
177,5678,CHARACTER,True,False
177,59,CHARACTER,True,False
177,435,CHARACTER,False,False
177,156,CHARACTER,True,False
177,2768,CHARACTER,True,False
228,1594,SEQUEL,True,True
237,12471,SEQUEL,True,True
237,13731,SUMMARY,True,True
237,4246,ALTERNATIVE,True,True
237,98469,ALTERNATIVE,True,True
237,158925,OTHER,False,False
248,642,SEQUEL,True,True
248,641,SIDE_STORY,True,True
291,62,PREQUEL,True,True
291,2595,SEQUEL,True,True
291,4508,SIDE_STORY,True,True
291,5216,ALTERNATIVE,True,True
308,193616,OTHER,False,False
317,408,PREQUEL,True,True
317,6151,SIDE_STORY,True,True
317,6152,SUMMARY,False,False
317,2952,ALTERNATIVE,True,True
317,156571,CHARACTER,False,False
322,852,CHARACTER,False,False
345,2035,SEQUEL,True,True
349,3301,ALTERNATIVE,True,True
355,2787,SEQUEL,True,True
355,1531,SIDE_STORY,True,True
355,6330,SIDE_STORY,True,True
355,6628,CHARACTER,False,False
355,1066,SIDE_STORY,True,True
355,1815,ALTERNATIVE,True,True
357,2131,SEQUEL,True,True
376,226,PARENT,True,True
390,21887,SEQUEL,True,True
170427,170426,PREQUEL,True,True
170427,170428,SEQUEL,True,True
171928,1960,PARENT,False,False
174124,1960,PARENT,False,False
180824,11595,PARENT,False,False
181825,181824,PREQUEL,True,True
181825,181826,SEQUEL,True,True
398,397,PREQUEL,True,True
402,607,ALTERNATIVE,True,True
406,2684,SEQUEL,True,True
408,317,SEQUEL,True,True
411,5501,SIDE_STORY,True,True
423,422,PREQUEL,True,True
423,1584,SEQUEL,True,True
429,428,PREQUEL,True,True
430,121,PREQUEL,True,True
430,908,SPIN_OFF,True,True
448,174,PREQUEL,True,True
457,20526,SEQUEL,True,True
464,21,PARENT,False,False
464,463,PREQUEL,True,True
464,465,SEQUEL,True,True
471,1720,SEQUEL,True,True
471,472,PARENT,False,False
473,1001,SEQUEL,True,True
477,962,SEQUEL,True,True
478,10447,SEQUEL,True,True
478,2170,ALTERNATIVE,True,True
478,6032,ALTERNATIVE,True,True
478,16415,ALTERNATIVE,True,True
478,21119,OTHER,True,False
487,241,PREQUEL,True,True
488,1888,SEQUEL,True,True
488,4156,SIDE_STORY,True,True
489,3449,SIDE_STORY,True,True
490,5419,SEQUEL,True,True
491,293,CHARACTER,False,False
505,1886,SEQUEL,True,True
511,1058,SIDE_STORY,True,True
517,24,PARENT,True,True
517,846,SEQUEL,True,True
560,75,SEQUEL,True,True
574,929,PREQUEL,False,False
591,886,SEQUEL,True,True
591,1749,SIDE_STORY,True,True
609,529,PARENT,True,True
641,248,PARENT,True,True
644,16,PARENT,True,True
656,101,PARENT,True,True
656,132528,CHARACTER,True,False
656,143150,CHARACTER,True,False
658,139044,CHARACTER,False,False
664,121,PARENT,True,True
668,2910,OTHER,True,False
673,98,PARENT,True,True
689,688,PREQUEL,True,True
694,695,PARENT,True,True
706,289,PREQUEL,True,True
706,5147,ALTERNATIVE,True,True
712,1746,PREQUEL,True,True
713,101,ALTERNATIVE,True,True
756,2476,ALTERNATIVE,True,True
760,174,PARENT,True,True
793,861,PARENT,True,True
807,177,PARENT,True,True
811,1235,SIDE_STORY,True,True
811,1084,SIDE_STORY,True,True
814,22,PARENT,True,True
815,22,PARENT,True,True
825,99934,ALTERNATIVE,False,False
858,9445,SIDE_STORY,True,True
858,266,PARENT,True,True
911,250,PARENT,True,True
913,968,SEQUEL,True,True
915,589,PREQUEL,False,False
928,180947,CHARACTER,False,False
936,20,PARENT,True,True
950,979,SEQUEL,False,False
960,959,PREQUEL,True,True
960,5854,SEQUEL,True,True
981,642,PREQUEL,True,True
988,989,PREQUEL,False,False
1003,50,PARENT,True,True
1035,2835,PARENT,False,False
1123,8,PREQUEL,True,True
1135,1174,PREQUEL,True,True
1135,5702,ALTERNATIVE,True,True
1135,6169,SEQUEL,True,True
1147,541,PREQUEL,True,True
1193,129867,SIDE_STORY,True,True
1196,2518,SEQUEL,True,True
1196,10262,SIDE_STORY,False,False
1235,811,PARENT,True,True
1241,94,PREQUEL,True,True
1241,2294,PREQUEL,True,True
1241,134761,SEQUEL,True,True
1253,1257,PREQUEL,True,True
1253,3515,SEQUEL,True,True
1374,6016,ALTERNATIVE,False,False
1379,486,SEQUEL,True,True
1389,1388,PREQUEL,True,True
1389,2870,ALTERNATIVE,True,True
1414,1412,PARENT,False,False
1505,235,PARENT,False,False
1514,1128,PREQUEL,True,True
1514,1648,SEQUEL,True,True
1515,1080,OTHER,True,False
1526,1564,PARENT,True,True
1532,105873,SEQUEL,False,False
1544,9241,PREQUEL,True,True
1632,1633,PREQUEL,True,True
1749,591,PARENT,True,True
1817,63,PARENT,True,True
1845,956,ALTERNATIVE,False,False
1845,168580,ALTERNATIVE,False,False
1905,247,PARENT,True,True
1907,247,PARENT,True,True
1929,603,PREQUEL,True,True
1929,1930,SIDE_STORY,True,True
1929,1931,SIDE_STORY,True,True
1929,11569,CHARACTER,True,False
1929,10549,CHARACTER,True,False
1929,10736,CHARACTER,True,False
1929,159429,CHARACTER,True,False
1929,162720,CHARACTER,True,False
1930,1929,PARENT,True,True
1931,1929,PARENT,True,True
1961,13029,ALTERNATIVE,True,True
1967,1968,SEQUEL,True,True
1967,85,ALTERNATIVE,False,False
1967,84,PREQUEL,False,False
1967,80,PREQUEL,False,False
1967,1092,PREQUEL,False,False
1968,1967,PREQUEL,True,True
1968,1969,SEQUEL,True,True
1968,85,ALTERNATIVE,False,False
1974,506,ALTERNATIVE,False,False
1974,97589,SPIN_OFF,True,True
1974,3734,ALTERNATIVE,False,False
1974,17707,SPIN_OFF,True,True
1983,4070,SIDE_STORY,True,True
1983,4071,PARENT,False,False
2020,21,PARENT,False,False
2110,2109,PREQUEL,True,True
2110,2713,SEQUEL,True,True
2110,2808,ALTERNATIVE,True,True
2111,2109,PARENT,True,True
2111,2808,ALTERNATIVE,True,True
2123,552,PARENT,False,False
2187,4363,PREQUEL,True,True
2308,1097,PREQUEL,True,True
2413,3918,SEQUEL,True,True
2449,2448,SEQUEL,True,True
2449,10947,SIDE_STORY,True,True
2489,4114,SEQUEL,True,True
2489,14947,SIDE_STORY,True,True
2489,161632,CHARACTER,True,False
2489,14253,CHARACTER,False,False
2489,186043,CHARACTER,True,False
2489,184470,CHARACTER,True,False
2523,3329,PREQUEL,True,True
2707,3638,PREQUEL,True,True
2707,3659,SIDE_STORY,True,True
2707,19587,SIDE_STORY,True,True
2707,173824,SEQUEL,True,True
2808,1710,ALTERNATIVE,True,True
2808,2110,ALTERNATIVE,True,True
2808,2108,ALTERNATIVE,True,True
2808,2109,ALTERNATIVE,True,True
2808,2713,ALTERNATIVE,True,True
2808,3493,ALTERNATIVE,True,True
2808,2111,ALTERNATIVE,True,True
2808,1854,OTHER,True,False
2808,1835,ALTERNATIVE,True,True
2840,206,PARENT,False,False
2869,1387,ALTERNATIVE,True,True
2869,2868,SEQUEL,True,True
2873,368,PARENT,True,True
2951,918,PARENT,True,True
3004,1037,PARENT,True,True
3157,824,PREQUEL,True,True
3270,1410,SEQUEL,True,True
3270,1409,ALTERNATIVE,True,True
3449,489,PARENT,True,True
3466,486,PARENT,True,True
3669,1685,PARENT,True,True
3695,1585,ALTERNATIVE,False,False
3728,3729,SEQUEL,True,True
3728,4356,ALTERNATIVE,False,False
3728,6694,ALTERNATIVE,True,True
3728,12995,ALTERNATIVE,True,True
3729,3728,PREQUEL,True,True
3768,3769,SEQUEL,True,True
3768,9905,PREQUEL,False,False
3863,2727,PARENT,True,True
3896,5890,SEQUEL,True,True
4050,17469,SIDE_STORY,True,True
4050,2173,OTHER,True,False
4070,1983,PARENT,True,True
4070,4071,PARENT,False,False
4156,488,PARENT,True,True
4314,749,PREQUEL,True,True
4314,4316,SEQUEL,True,True
4416,890,PREQUEL,False,False
4416,1382,ALTERNATIVE,True,True
4416,156024,SEQUEL,False,False
4450,60,PARENT,True,True
4508,291,PARENT,True,True
4667,2789,PREQUEL,True,True
5324,1387,PARENT,True,True
5347,368,PARENT,True,True
5501,411,PARENT,True,True
5776,890,PARENT,False,False
356,11741,PREQUEL,True,True
356,10012,CHARACTER,True,False
356,6922,ALTERNATIVE,True,True
356,12565,ALTERNATIVE,True,True
356,19603,ALTERNATIVE,True,True
356,20791,ALTERNATIVE,True,True
356,14829,SPIN_OFF,True,True
356,100855,SPIN_OFF,True,True
356,98035,ALTERNATIVE,True,True
356,21717,ALTERNATIVE,True,True
356,97815,ALTERNATIVE,True,True
356,159559,CHARACTER,True,False
465,21,PARENT,False,False
465,464,PREQUEL,True,True
465,2107,SEQUEL,True,True
558,627,PREQUEL,True,True
558,1842,SEQUEL,True,True
586,2246,CHARACTER,True,False
5844,1564,PARENT,True,True
5890,3896,PREQUEL,True,True
6107,1844,PARENT,False,False
6291,73,SEQUEL,True,True
6291,71,PREQUEL,True,True
8365,8364,PREQUEL,True,True
8365,8366,SEQUEL,True,True
8365,966,PARENT,False,False
8687,2471,PREQUEL,False,False
8687,2392,SIDE_STORY,True,True
8687,2673,SIDE_STORY,True,True
8687,5096,SIDE_STORY,True,True
8687,6930,SIDE_STORY,True,True
8687,6988,SIDE_STORY,True,True
8687,10534,SIDE_STORY,True,True
8687,11053,SIDE_STORY,True,True
8687,15925,SIDE_STORY,True,True
8687,19645,SIDE_STORY,True,True
8687,99085,SIDE_STORY,True,True
8687,99084,SIDE_STORY,True,True
8687,106493,SIDE_STORY,True,True
8687,20515,SIDE_STORY,True,True
8687,113669,SIDE_STORY,True,True
8687,100291,SIDE_STORY,True,True
8687,126783,SIDE_STORY,True,True
8687,87438,SIDE_STORY,True,True
8687,122575,SIDE_STORY,True,True
8687,151896,SIDE_STORY,True,True
8687,166976,SIDE_STORY,True,True
8687,182333,SIDE_STORY,True,True
8687,198368,SIDE_STORY,True,True
9070,16908,SEQUEL,True,True
9785,235,PARENT,False,False
10947,2449,PARENT,True,True
11019,1564,PARENT,True,True
15159,455,PREQUEL,True,True
15937,13201,PREQUEL,True,True
17215,1960,PARENT,False,False
17215,140307,OTHER,True,False
17469,4050,PARENT,True,True
17493,2753,ALTERNATIVE,False,False
19479,5343,PARENT,True,True
19479,15399,CHARACTER,True,False
20207,132325,PREQUEL,True,True
20207,15815,SEQUEL,True,True
108745,108744,PREQUEL,True,True
108745,129157,SEQUEL,True,True
129157,108745,PREQUEL,True,True
129610,1816,PREQUEL,True,True
140307,1960,PARENT,False,False
140307,17215,OTHER,True,False
145777,3545,PARENT,False,False
145778,3545,PARENT,False,False
145795,4083,ALTERNATIVE,False,False
145795,145796,CHARACTER,False,False
154121,971,PARENT,True,True
170428,170427,PREQUEL,True,True
187216,8644,PARENT,True,True
607,402,ALTERNATIVE,True,True
667,1654,SEQUEL,True,True
686,685,PARENT,True,True
710,1847,SIDE_STORY,True,True
750,1926,CHARACTER,True,False
771,336,PREQUEL,True,True
777,11077,PREQUEL,True,True
777,270,ALTERNATIVE,True,True
798,103123,ALTERNATIVE,False,False
798,1843,SEQUEL,True,True
817,1790,SIDE_STORY,True,True
834,269,PARENT,True,True
837,4078,SIDE_STORY,True,True
837,4903,ALTERNATIVE,True,True
846,24,PREQUEL,True,True
846,4015,SEQUEL,True,True
846,517,PREQUEL,True,True
848,141,PARENT,True,True
849,4382,ALTERNATIVE,True,True
849,7311,SEQUEL,True,True
849,1887,CHARACTER,True,False
850,4353,SIDE_STORY,True,True
854,10373,SIDE_STORY,False,False
856,3593,SIDE_STORY,True,True
856,21218,SEQUEL,True,True
856,102573,SEQUEL,True,True
856,1830,SIDE_STORY,True,True
857,9201,SEQUEL,True,True
857,3791,SIDE_STORY,True,True
859,2606,SIDE_STORY,True,True
859,8491,SIDE_STORY,True,True
859,4712,SUMMARY,True,True
859,552,PARENT,False,False
859,11385,CHARACTER,True,False
860,6741,OTHER,True,False
861,3091,SEQUEL,True,True
861,793,SIDE_STORY,True,True
861,177,CHARACTER,True,False
861,969,CHARACTER,True,False
861,10681,CHARACTER,True,False
861,10490,OTHER,True,False
861,2768,CHARACTER,True,False
863,6657,SIDE_STORY,True,True
873,298,PREQUEL,True,True
873,3269,SEQUEL,True,True
873,110286,SUMMARY,True,True
878,168998,SEQUEL,True,True
878,21766,PREQUEL,True,True
880,50,PREQUEL,True,True
880,2198,SEQUEL,True,True
886,591,PREQUEL,True,True
886,1750,SIDE_STORY,True,True
889,1519,SEQUEL,True,True
907,158541,SIDE_STORY,True,True
908,430,PARENT,True,True
908,121,PARENT,True,True
910,1988,SEQUEL,True,True
918,9969,SEQUEL,True,True
918,2951,SIDE_STORY,True,True
918,6945,SIDE_STORY,True,True
918,10643,SIDE_STORY,True,True
918,7472,ALTERNATIVE,True,True
918,20760,ALTERNATIVE,True,True
918,15335,OTHER,True,False
918,111952,CHARACTER,True,False
918,98034,CHARACTER,True,False
918,162890,SPIN_OFF,True,True
918,197474,ALTERNATIVE,True,True
918,207475,CHARACTER,False,False
919,2213,PARENT,True,True
933,1841,SIDE_STORY,True,True
934,1889,SEQUEL,True,True
934,2899,SIDE_STORY,True,True
934,16700,SIDE_STORY,True,True
934,4896,OTHER,True,False
934,101044,CHARACTER,True,False
940,2132,SIDE_STORY,True,True
940,6628,CHARACTER,False,False
941,1489,SIDE_STORY,True,True
957,1914,SEQUEL,True,True
962,477,PREQUEL,True,True
962,2563,SEQUEL,True,True
962,5244,SIDE_STORY,True,True
965,2464,SPIN_OFF,True,True
968,913,PREQUEL,True,True
969,177,PREQUEL,True,True
969,2685,SEQUEL,True,True
969,439,CHARACTER,False,False
969,232,CHARACTER,False,False
969,59,CHARACTER,True,False
969,435,CHARACTER,False,False
969,861,CHARACTER,True,False
995,22,PREQUEL,True,True
995,2752,SEQUEL,True,True
1001,473,PREQUEL,True,True
1015,73,PARENT,True,True
1066,3956,SEQUEL,True,True
1066,355,PARENT,True,True
1067,766,ALTERNATIVE,True,True
1071,363,PREQUEL,True,True
1074,20,PARENT,True,True
1142,16,PREQUEL,True,True
1195,1840,SEQUEL,True,True
1195,6166,CHARACTER,True,False
1212,9361,ALTERNATIVE,False,False
1215,94,PARENT,True,True
1243,125868,ALTERNATIVE,True,True
1299,5136,SUMMARY,False,False
1368,235,PARENT,False,False
1410,3270,PREQUEL,True,True
1480,2604,ALTERNATIVE,True,True
1482,21558,SEQUEL,True,True
1489,941,PARENT,True,True
1501,427,PARENT,True,True
1506,7305,SUMMARY,False,False
1506,235,PARENT,False,False
1519,889,PREQUEL,True,True
1519,4901,SEQUEL,True,True
1519,8440,OTHER,True,False
1527,1564,PARENT,True,True
1530,144,ALTERNATIVE,True,True
1530,132528,CHARACTER,True,False
1530,143150,CHARACTER,True,False
1531,355,PARENT,True,True
1534,4124,SIDE_STORY,True,True
1534,603,ALTERNATIVE,True,True
1534,1932,ALTERNATIVE,True,True
1534,104436,SIDE_STORY,True,True
1534,100661,ALTERNATIVE,True,True
1534,5684,ALTERNATIVE,True,True
1534,7645,ALTERNATIVE,True,True
1534,12191,ALTERNATIVE,True,True
1534,98059,ALTERNATIVE,True,True
1534,16419,ALTERNATIVE,True,True
1534,21506,ALTERNATIVE,True,True
1534,9893,ALTERNATIVE,True,True
1534,21001,ALTERNATIVE,True,True
1534,20577,ALTERNATIVE,True,True
1534,5753,CHARACTER,True,False
1534,8133,CHARACTER,True,False
1534,9979,CHARACTER,True,False
1534,12221,CHARACTER,True,False
1534,16442,CHARACTER,True,False
1534,20549,CHARACTER,True,False
1534,21137,CHARACTER,True,False
1534,21504,CHARACTER,True,False
1534,101908,CHARACTER,True,False
1534,105857,ALTERNATIVE,True,True
1534,112748,ALTERNATIVE,True,True
1534,126905,ALTERNATIVE,True,True
1534,11569,CHARACTER,True,False
1534,10549,CHARACTER,True,False
1534,10736,CHARACTER,True,False
1534,142080,ALTERNATIVE,True,True
1534,157883,ALTERNATIVE,True,True
1534,159429,CHARACTER,True,False
1534,162720,SEQUEL,True,True
1534,171030,ALTERNATIVE,True,True
1534,185073,ALTERNATIVE,True,True
1534,202957,ALTERNATIVE,True,True
1535,2994,SUMMARY,True,True
1535,20931,CHARACTER,True,False
1541,967,SEQUEL,False,False
1541,100408,ALTERNATIVE,True,True
1541,3864,SIDE_STORY,True,True
1546,1619,SIDE_STORY,True,True
1546,1732,SIDE_STORY,True,True
1546,157,ALTERNATIVE,True,True
1546,4188,ALTERNATIVE,True,True
1546,21855,SEQUEL,True,True
1555,3686,SIDE_STORY,True,True
1555,2179,SPIN_OFF,False,False
1555,7691,SPIN_OFF,False,False
1556,1337,ALTERNATIVE,False,False
1556,9493,ALTERNATIVE,True,True
1559,11813,SEQUEL,True,True
1559,101928,OTHER,True,False
1561,6227,SEQUEL,True,True
1565,1564,PREQUEL,True,True
1565,9107,SEQUEL,True,True
1565,2847,SIDE_STORY,True,True
1565,4026,SIDE_STORY,True,True
1565,6178,SIDE_STORY,True,True
1565,6555,SIDE_STORY,True,True
1565,7550,SIDE_STORY,True,True
1565,7695,SIDE_STORY,True,True
1565,8709,SIDE_STORY,True,True
1565,11069,SIDE_STORY,True,True
1565,5256,OTHER,True,False
1565,6275,OTHER,True,False
1565,8438,OTHER,True,False
1565,10302,SEQUEL,True,True
1565,97635,ALTERNATIVE,True,True
1565,143863,CHARACTER,False,False
1566,801,PREQUEL,True,True
1566,3447,SIDE_STORY,True,True
1566,10870,SIDE_STORY,True,True
1566,106154,SEQUEL,True,True
1566,10950,SIDE_STORY,True,True
1568,3419,SEQUEL,True,True
1569,9988,SEQUEL,True,True
1569,2615,SIDE_STORY,True,True
1570,1902,SIDE_STORY,True,True
1575,2904,SEQUEL,True,True
1575,1953,SIDE_STORY,True,True
1575,8888,OTHER,True,False
1575,101811,ALTERNATIVE,True,True
1575,110253,OTHER,True,False
1575,126169,OTHER,False,False
1575,126830,OTHER,True,False
1575,139044,CHARACTER,False,False
1575,17277,SPIN_OFF,True,True
1575,203651,OTHER,False,False
1578,1864,SEQUEL,True,True
1578,5783,SIDE_STORY,True,True
1578,2535,PREQUEL,True,True
1579,5717,SEQUEL,True,True
1579,3392,SIDE_STORY,True,True
1579,20492,SPIN_OFF,True,True
1581,2784,SIDE_STORY,True,True
1583,3234,SIDE_STORY,True,True
1584,423,PREQUEL,True,True
1587,3248,SEQUEL,True,True
1589,155890,ALTERNATIVE,True,True
1591,669,ALTERNATIVE,True,True
1591,1813,PARENT,True,True
1594,228,PREQUEL,True,True
1594,3713,SEQUEL,True,True
1600,383,ALTERNATIVE,True,True
1600,293,CHARACTER,False,False
1601,2267,SEQUEL,True,True
1603,4075,SEQUEL,True,True
1604,8532,SIDE_STORY,True,True
1604,9023,SIDE_STORY,True,True
1604,143393,OTHER,True,False
1609,99,PREQUEL,True,True
1619,1546,PARENT,True,True
1639,5391,SEQUEL,True,True
1639,6546,ALTERNATIVE,True,True
1648,1514,PREQUEL,True,True
1654,667,PREQUEL,True,True
1659,99,PARENT,True,True
1686,269,PARENT,True,True
1692,4827,SIDE_STORY,False,False
1718,293,PARENT,False,False
1719,65,PARENT,True,True
1729,444,PREQUEL,True,True
1729,3750,SEQUEL,True,True
1729,2954,SIDE_STORY,True,True
1732,1546,PARENT,True,True
1747,2319,PREQUEL,True,True
1750,886,PARENT,True,True
1771,23,PREQUEL,True,True
1771,7793,SEQUEL,True,True
1771,140009,ALTERNATIVE,False,False
1773,3027,SEQUEL,True,True
1773,967,SIDE_STORY,False,False
1773,4549,PREQUEL,True,True
1790,817,PARENT,True,True
1813,240,PREQUEL,True,True
1813,2508,SEQUEL,True,True
1813,1591,OTHER,True,False
1830,856,PARENT,True,True
1835,3493,SEQUEL,True,True
1835,2808,ALTERNATIVE,True,True
1835,1854,PARENT,True,True
1841,933,PARENT,True,True
1843,798,PREQUEL,True,True
1847,710,PARENT,True,True
1856,147,PARENT,True,True
1856,281,SEQUEL,True,True
1872,8900,SEQUEL,True,True
1872,139884,PARENT,True,True
1881,1882,SEQUEL,True,True
1881,1502,ALTERNATIVE,False,False
1882,1881,PREQUEL,True,True
1886,505,PREQUEL,True,True
1903,422,PARENT,True,True
1906,247,ALTERNATIVE,True,True
1911,949,ALTERNATIVE,False,False
1911,1002,ALTERNATIVE,True,True
1912,18729,SEQUEL,True,True
1916,1917,PREQUEL,True,True
1916,4232,SEQUEL,True,True
1969,1968,PREQUEL,True,True
1969,85,ALTERNATIVE,False,False
2135,5644,SUMMARY,True,True
2139,510,PREQUEL,True,True
2139,3945,SIDE_STORY,True,True
2144,20,PARENT,True,True
2154,99717,ALTERNATIVE,False,False
2181,1152,PREQUEL,False,False
2181,1151,SIDE_STORY,False,False
2201,1564,PARENT,True,True
2214,2213,PREQUEL,True,True
2214,4071,PARENT,False,False
2232,102032,SEQUEL,False,False
2294,94,PARENT,True,True
2294,2269,PREQUEL,True,True
2294,1241,SEQUEL,True,True
2319,1747,SEQUEL,True,True
2329,2328,SEQUEL,True,True
2392,8687,PARENT,True,True
2392,3727,ALTERNATIVE,False,False
2407,516,PARENT,True,True
2448,2449,PREQUEL,True,True
2448,10948,SIDE_STORY,True,True
2448,801,PARENT,True,True
2464,965,PARENT,True,True
2505,5603,ALTERNATIVE,True,True
2506,13643,ALTERNATIVE,True,True
2518,1196,PREQUEL,True,True
2518,4056,SEQUEL,True,True
2580,343,PARENT,True,True
2589,68,PARENT,True,True
2606,859,PARENT,True,True
2619,2620,SEQUEL,True,True
2713,2110,PREQUEL,True,True
2713,2808,ALTERNATIVE,True,True
2717,1490,PREQUEL,True,True
2717,3854,PREQUEL,True,True
2842,1564,PARENT,True,True
2859,2858,PREQUEL,True,True
2867,9435,SEQUEL,True,True
2867,1783,ALTERNATIVE,True,True
2868,1388,PARENT,True,True
2868,2869,PREQUEL,True,True
2868,2870,SEQUEL,True,True
2870,1389,PARENT,True,True
2870,2868,PREQUEL,True,True
2910,668,PARENT,True,True
2954,1729,PARENT,True,True
3028,69,PARENT,True,True
3112,1995,PREQUEL,True,True
3138,152,PARENT,True,True
3517,3516,PREQUEL,True,True
3535,14519,SEQUEL,False,False
3559,4502,SEQUEL,True,True
3559,14621,SUMMARY,True,True
3559,6194,CHARACTER,True,False
3659,2707,PARENT,True,True
3659,516,CHARACTER,True,False
3747,4057,ALTERNATIVE,True,True
3747,9904,ALTERNATIVE,True,True
3769,3768,PREQUEL,True,True
3854,1490,PREQUEL,True,True
3854,2717,SEQUEL,True,True
3854,1491,CHARACTER,False,False
3888,8289,SEQUEL,True,True
3998,9006,PREQUEL,True,True
4114,2489,PREQUEL,True,True
4114,5520,SEQUEL,True,True
4124,1534,PARENT,True,True
4316,4314,PREQUEL,True,True
4316,116046,SEQUEL,False,False
4353,850,PARENT,True,True
4365,9487,SEQUEL,True,True
4399,21148,OTHER,True,False
4399,21369,OTHER,True,False
4399,98766,OTHER,True,False
4399,6041,SEQUEL,True,True
4698,21551,SEQUEL,True,True
4737,7175,SEQUEL,True,True
4737,13207,SIDE_STORY,True,True
4737,13499,SIDE_STORY,True,True
4737,117287,SIDE_STORY,True,True
4737,125514,OTHER,False,False
4823,4044,ALTERNATIVE,False,False
4823,99856,ALTERNATIVE,True,True
4823,107876,ALTERNATIVE,True,True
4851,1412,PARENT,False,False
4910,1564,PARENT,True,True
5167,3239,ALTERNATIVE,False,False
5244,962,PARENT,True,True
5644,2135,PARENT,True,True
5783,1578,PARENT,True,True
5968,5967,PREQUEL,True,True
6266,140238,OTHER,True,False
6330,14957,SEQUEL,True,True
6330,355,PARENT,True,True
6463,2891,OTHER,True,False
6657,863,PARENT,True,True
6721,107299,SEQUEL,True,True
6741,860,OTHER,True,False
6939,3496,PREQUEL,True,True
6939,7985,PREQUEL,True,True
7547,147928,PARENT,True,True
8278,3446,SEQUEL,True,True
8278,21464,OTHER,True,False
8345,6822,SEQUEL,True,True
8345,8346,SIDE_STORY,True,True
8366,8365,PREQUEL,True,True
8366,2172,SEQUEL,True,True
8366,966,PARENT,False,False
8491,859,PARENT,True,True
8900,1872,PREQUEL,True,True
8900,139884,PARENT,True,True
9426,9533,SEQUEL,True,True
9445,858,PARENT,True,True
9786,235,PARENT,False,False
10525,4443,PARENT,True,True
10948,2448,PARENT,True,True
11009,1564,PARENT,True,True
11521,124434,SEQUEL,True,True
11521,4024,CHARACTER,True,False
13503,13505,SEQUEL,True,True
13503,13507,SIDE_STORY,True,True
13503,13509,SIDE_STORY,True,True
13503,13511,SIDE_STORY,True,True
13503,13501,ALTERNATIVE,True,True
13643,2506,ALTERNATIVE,True,True
13679,145406,PREQUEL,True,True
15815,20207,PREQUEL,True,True
15815,7775,SEQUEL,True,True
15913,5478,PREQUEL,False,False
17006,1960,PARENT,False,False
18591,1960,PARENT,False,False
20562,20563,SIDE_STORY,True,True
104436,1534,PARENT,True,True
119771,2233,PREQUEL,True,True
119771,119772,SEQUEL,True,True
123074,481,PARENT,True,True
126318,3811,PREQUEL,False,False
129867,1193,PARENT,True,True
131957,2467,PARENT,False,False
131957,151765,PARENT,False,False
145779,3545,PARENT,False,False
145780,3545,PARENT,False,False
147928,7547,SIDE_STORY,True,True
147928,7461,SIDE_STORY,True,True
147928,145903,SIDE_STORY,False,False
147928,147464,SIDE_STORY,False,False
158541,907,PARENT,True,True
171760,1960,PARENT,False,False
173824,116793,SEQUEL,True,True
173824,2707,PREQUEL,True,True
1292,4970,SEQUEL,True,True
1292,99713,ALTERNATIVE,True,True
1292,13709,SUMMARY,True,True
1689,99646,SUMMARY,False,False
1689,1004,CHARACTER,False,False
1693,2128,ALTERNATIVE,False,False
1694,3406,SIDE_STORY,True,True
1694,10278,ALTERNATIVE,True,True
1695,5900,ALTERNATIVE,False,False
1698,4477,SEQUEL,True,True
1698,3965,SIDE_STORY,True,True
1698,127510,OTHER,True,False
1720,471,PREQUEL,True,True
1720,4166,SEQUEL,True,True
1723,2167,ALTERNATIVE,True,True
1723,4181,ALTERNATIVE,True,True
1727,5504,PREQUEL,True,True
1731,5306,SEQUEL,True,True
1731,3954,SIDE_STORY,True,True
1731,12699,CHARACTER,True,False
1735,20,PREQUEL,True,True
1735,2472,SIDE_STORY,True,True
1735,4437,SIDE_STORY,True,True
1735,6325,SIDE_STORY,True,True
1735,8246,SIDE_STORY,True,True
1735,10075,OTHER,True,False
1735,10589,SIDE_STORY,True,True
1735,13667,SIDE_STORY,True,True
1735,16870,SIDE_STORY,True,True
1735,4134,OTHER,True,False
1735,12979,OTHER,True,False
1735,19511,OTHER,True,False
1735,21579,SEQUEL,True,True
1735,97938,SEQUEL,True,True
1735,10686,SIDE_STORY,True,True
1735,115105,OTHER,False,False
1735,155348,SUMMARY,True,True
1807,4566,SIDE_STORY,True,True
1807,9506,ALTERNATIVE,True,True
1810,2911,SIDE_STORY,True,True
1815,3221,SIDE_STORY,True,True
1815,17551,SIDE_STORY,False,False
1815,355,ALTERNATIVE,True,True
1836,79,PARENT,True,True
1840,1195,PREQUEL,True,True
1840,3712,SEQUEL,True,True
1842,558,PREQUEL,True,True
1842,3226,SEQUEL,True,True
1852,3165,SEQUEL,True,True
1852,20391,OTHER,True,False
1858,3219,SIDE_STORY,True,True
1860,2683,SEQUEL,True,True
1862,3667,ALTERNATIVE,True,True
1864,1578,PREQUEL,True,True
1864,7333,SEQUEL,True,True
1864,8180,SIDE_STORY,True,True
1865,7427,SIDE_STORY,True,True
1887,4472,SEQUEL,True,True
1887,3080,CHARACTER,True,False
1887,17637,SPIN_OFF,True,True
1887,849,CHARACTER,True,False
1887,3958,CHARACTER,True,False
1888,488,PREQUEL,True,True
1888,4811,SEQUEL,True,True
1889,934,PREQUEL,True,True
1889,3652,SEQUEL,True,True
1889,6064,SIDE_STORY,True,True
1889,10491,SIDE_STORY,True,True
1902,1570,SIDE_STORY,True,True
1914,957,PREQUEL,True,True
1915,77,PREQUEL,True,True
1915,20820,SEQUEL,True,True
1915,108730,SIDE_STORY,True,True
1932,3692,SEQUEL,True,True
1932,3051,SIDE_STORY,True,True
1932,603,ALTERNATIVE,True,True
1932,1534,ALTERNATIVE,True,True
1932,100661,ALTERNATIVE,True,True
1932,5684,ALTERNATIVE,True,True
1932,7645,ALTERNATIVE,True,True
1932,16419,ALTERNATIVE,True,True
1932,21001,ALTERNATIVE,True,True
1932,98059,ALTERNATIVE,True,True
1932,9893,ALTERNATIVE,True,True
1932,21506,ALTERNATIVE,True,True
1932,20577,ALTERNATIVE,True,True
1932,12191,ALTERNATIVE,True,True
1932,5753,CHARACTER,True,False
1932,8133,CHARACTER,True,False
1932,9979,CHARACTER,True,False
1932,12221,CHARACTER,True,False
1932,16442,CHARACTER,True,False
1932,20549,CHARACTER,True,False
1932,21137,CHARACTER,True,False
1932,21504,CHARACTER,True,False
1932,101908,CHARACTER,True,False
1932,105857,ALTERNATIVE,True,True
1932,112748,ALTERNATIVE,True,True
1932,126905,ALTERNATIVE,True,True
1932,11569,CHARACTER,True,False
1932,10549,CHARACTER,True,False
1932,142080,ALTERNATIVE,True,True
1932,157883,ALTERNATIVE,True,True
1932,159429,CHARACTER,True,False
1932,171030,ALTERNATIVE,True,True
1932,185073,ALTERNATIVE,True,True
1932,188394,CHARACTER,True,False
1932,202957,ALTERNATIVE,True,True
1941,2929,SEQUEL,True,True
181826,181825,PREQUEL,True,True
1953,1575,PARENT,True,True
1956,257,PREQUEL,True,True
1956,4196,SEQUEL,True,True
1956,2905,SIDE_STORY,True,True
1965,3174,SIDE_STORY,True,True
1988,910,PREQUEL,True,True
1991,2255,PARENT,False,False
2001,10622,SIDE_STORY,True,True
2001,4107,ALTERNATIVE,True,True
2001,4565,ALTERNATIVE,True,True
2001,4705,SPIN_OFF,False,False
2001,8348,SPIN_OFF,True,True
2001,5947,OTHER,True,False
2001,6548,CHARACTER,True,False
2025,4182,SEQUEL,True,True
2026,5521,SEQUEL,True,True
2026,116267,CHARACTER,True,False
2026,4038,CHARACTER,True,False
2026,141212,CHARACTER,True,False
2032,3501,SEQUEL,True,True
2032,9365,SUMMARY,True,True
2035,345,PREQUEL,True,True
2104,4163,SEQUEL,True,True
2104,5199,SIDE_STORY,True,True
2104,107255,SIDE_STORY,True,True
2105,497,SPIN_OFF,True,True
2106,12689,SEQUEL,True,True
2106,11505,SIDE_STORY,True,True
2107,21,PARENT,False,False
2107,465,PREQUEL,True,True
2107,3848,SEQUEL,True,True
2107,106572,PREQUEL,True,True
2130,4082,SIDE_STORY,True,True
2130,9159,ALTERNATIVE,True,True
2131,357,PREQUEL,True,True
2132,940,PARENT,True,True
2142,4197,SEQUEL,True,True
2143,129,SEQUEL,True,True
2143,17137,PREQUEL,True,True
2148,104339,SIDE_STORY,False,False
2153,1037,SEQUEL,True,True
2156,5337,SEQUEL,True,True
2156,13143,SPIN_OFF,True,True
2156,108852,ALTERNATIVE,True,True
2156,177166,ALTERNATIVE,True,True
2157,4198,PREQUEL,False,False
2158,5037,SIDE_STORY,False,False
2158,2560,ALTERNATIVE,False,False
2159,7720,SEQUEL,True,True
2159,3887,SIDE_STORY,True,True
2162,8304,SEQUEL,False,False
2163,6443,SEQUEL,True,True
2165,8145,SIDE_STORY,True,True
2165,5688,ALTERNATIVE,False,False
2165,6971,ALTERNATIVE,False,False
2165,7307,ALTERNATIVE,False,False
2165,7619,ALTERNATIVE,False,False
2165,100978,ALTERNATIVE,True,True
2165,114814,CHARACTER,True,False
2165,3710,CHARACTER,True,False
2167,4181,SEQUEL,True,True
2167,1723,ALTERNATIVE,True,True
2167,4059,ALTERNATIVE,True,True
2167,6351,ALTERNATIVE,True,True
2167,132528,CHARACTER,True,False
2167,143150,CHARACTER,True,False
2168,1166,PARENT,False,False
2168,111500,SEQUEL,True,True
2169,9053,SUMMARY,True,True
2170,478,ALTERNATIVE,True,True
2171,235,PARENT,False,False
2172,8366,PREQUEL,True,True
2172,8367,SEQUEL,True,True
2172,966,PARENT,False,False
2173,4050,PARENT,True,True
2174,3027,PREQUEL,True,True
2174,4312,SEQUEL,True,True
2174,967,SIDE_STORY,False,False
2175,486,PARENT,True,True
2176,3222,SEQUEL,True,True
2176,274,PARENT,True,True
2198,880,PREQUEL,True,True
2198,3090,SEQUEL,True,True
2205,109,SEQUEL,True,True
2212,109,PARENT,True,True
2238,10048,SUMMARY,True,True
2246,586,CHARACTER,True,False
2246,151117,OTHER,True,False
2251,3901,SEQUEL,True,True
2251,6746,CHARACTER,True,False
2267,1601,PREQUEL,True,True
2367,4421,SIDE_STORY,True,True
2403,4195,SEQUEL,True,True
2403,3121,SIDE_STORY,True,True
2404,3354,SEQUEL,True,True
2408,516,PARENT,True,True
2418,14617,ALTERNATIVE,True,True
2472,1735,PARENT,True,True
2476,3759,SIDE_STORY,True,True
2476,756,ALTERNATIVE,True,True
2476,3328,OTHER,True,False
2508,1813,PREQUEL,True,True
2508,7882,OTHER,True,False
2508,19159,SEQUEL,True,True
2563,962,PREQUEL,True,True
2563,3297,SEQUEL,True,True
2564,4209,SEQUEL,True,True
2581,3927,SEQUEL,True,True
2581,80,PARENT,False,False
2581,5351,SUMMARY,True,True
2581,7270,SUMMARY,True,True
2581,7113,OTHER,False,False
2581,146488,SIDE_STORY,True,True
2581,212323,CHARACTER,True,False
2593,3782,SEQUEL,True,True
2593,10012,CHARACTER,True,False
2593,6624,SUMMARY,True,True
2594,100401,ALTERNATIVE,True,True
2595,291,PREQUEL,True,True
2595,3627,SEQUEL,True,True
2595,9353,OTHER,True,False
2597,235,PARENT,False,False
2604,3410,SIDE_STORY,True,True
2604,1480,ALTERNATIVE,True,True
2605,3228,SEQUEL,True,True
2605,13619,SIDE_STORY,True,True
2605,3674,SUMMARY,True,True
2615,1569,PARENT,True,True
2620,2619,PREQUEL,True,True
2673,8687,PARENT,True,True
2673,2672,ALTERNATIVE,False,False
2683,1860,PREQUEL,True,True
2684,406,PREQUEL,True,True
2685,969,PREQUEL,True,True
2685,4938,SEQUEL,True,True
2743,93,PARENT,True,True
2744,3292,SIDE_STORY,True,True
2752,995,PREQUEL,True,True
2752,4053,SEQUEL,True,True
2759,3784,SEQUEL,True,True
2759,100330,CHARACTER,False,False
2759,32,PREQUEL,False,False
2768,2274,PREQUEL,True,True
2768,5678,CHARACTER,True,False
2768,435,CHARACTER,False,False
2768,232,CHARACTER,False,False
2768,861,CHARACTER,True,False
2768,1890,CHARACTER,False,False
2768,156,CHARACTER,True,False
2768,177,CHARACTER,True,False
2768,1958,CHARACTER,True,False
2768,52,CHARACTER,True,False
2768,1043,CHARACTER,False,False
2768,1496,CHARACTER,False,False
2784,1581,PARENT,True,True
2787,355,PREQUEL,True,True
2787,6572,SEQUEL,True,True
2787,14957,SPIN_OFF,True,True
2787,6773,SEQUEL,True,True
2795,5072,SIDE_STORY,True,True
2798,5097,SEQUEL,True,True
2847,1565,PARENT,True,True
2847,4026,SEQUEL,True,True
2852,4502,SEQUEL,True,True
2852,6194,CHARACTER,True,False
2889,269,PARENT,True,True
2891,6463,OTHER,True,False
2899,934,PARENT,True,True
2905,1956,PARENT,True,True
2911,1810,PARENT,True,True
2923,5262,SEQUEL,True,True
2924,6361,PREQUEL,True,True
2924,4789,SEQUEL,True,True
2924,6783,SUMMARY,True,True
2927,4205,SIDE_STORY,True,True
2928,3269,PREQUEL,True,True
2928,873,PARENT,True,True
2928,48,ALTERNATIVE,True,True
2929,1941,PREQUEL,True,True
2931,4202,SIDE_STORY,True,True
2942,20528,SIDE_STORY,True,True
2963,3225,SEQUEL,True,True
2967,4213,SIDE_STORY,True,True
2969,54,PREQUEL,True,True
2971,251,PREQUEL,True,True
2971,4080,SEQUEL,True,True
2986,129868,SIDE_STORY,True,True
2986,130247,SIDE_STORY,True,True
2994,1535,PARENT,True,True
3000,2014,PREQUEL,True,True
3000,6312,SEQUEL,True,True
3001,13409,SEQUEL,True,True
3001,3618,SIDE_STORY,True,True
3001,9290,SIDE_STORY,True,True
3002,10271,SEQUEL,True,True
3002,101161,SPIN_OFF,True,True
3019,1412,PARENT,False,False
3027,1773,PREQUEL,True,True
3027,2174,SEQUEL,True,True
3027,967,ALTERNATIVE,False,False
3051,1932,PARENT,True,True
3085,472,CHARACTER,False,False
3085,276,CHARACTER,True,False
3090,2198,PREQUEL,True,True
3090,9611,SEQUEL,True,True
3102,9311,SEQUEL,True,True
3111,1209,PREQUEL,True,True
3121,2403,PARENT,True,True
3146,2321,ALTERNATIVE,False,False
3146,132038,ALTERNATIVE,False,False
3164,9518,SEQUEL,True,True
3165,1852,PREQUEL,True,True
3165,3604,SEQUEL,True,True
3174,1965,PARENT,True,True
3219,1858,PARENT,True,True
3221,1815,PARENT,True,True
3222,2176,PREQUEL,True,True
3222,3223,SEQUEL,True,True
3222,274,PARENT,True,True
3223,3222,PREQUEL,True,True
3223,274,PARENT,True,True
3227,1904,PREQUEL,True,True
3227,7254,SEQUEL,True,True
3227,4190,SIDE_STORY,False,False
3234,1583,PARENT,True,True
3245,2076,PARENT,False,False
3245,2077,PARENT,False,False
3248,1587,PREQUEL,True,True
3256,2585,PREQUEL,False,False
3256,2582,SEQUEL,False,False
3256,8248,OTHER,True,False
3256,8249,ALTERNATIVE,True,True
3256,7536,SUMMARY,True,True
3292,2744,PARENT,True,True
3318,147,ALTERNATIVE,True,True
3362,171080,CHARACTER,True,False
3392,1579,PREQUEL,True,True
3406,1694,PARENT,True,True
3410,2604,PARENT,True,True
3419,1568,PREQUEL,True,True
3447,1566,PARENT,True,True
3456,5116,PREQUEL,True,True
3456,4535,SEQUEL,True,True
3479,6590,SEQUEL,True,True
3479,8837,SIDE_STORY,True,True
3479,21401,SEQUEL,True,True
3493,1835,PREQUEL,True,True
3493,2808,ALTERNATIVE,True,True
3508,6795,SEQUEL,True,True
3576,5725,SEQUEL,True,True
3603,14719,ALTERNATIVE,True,True
3618,3001,PARENT,True,True
3622,9091,SIDE_STORY,True,True
3686,1555,PARENT,True,True
3707,10286,SIDE_STORY,True,True
3738,3737,PREQUEL,False,False
3738,5397,SEQUEL,True,True
3791,857,PARENT,True,True
3864,1541,PARENT,True,True
3885,126882,SEQUEL,True,True
3917,2958,PREQUEL,True,True
3918,2413,PREQUEL,True,True
3931,821,PREQUEL,True,True
3931,18,PARENT,True,True
3931,132634,SEQUEL,True,True
3945,2139,PARENT,True,True
3954,8908,SEQUEL,True,True
3954,1731,PARENT,True,True
3991,872,PARENT,True,True
4027,1360,PREQUEL,True,True
4027,7179,SEQUEL,True,True
4075,1603,PREQUEL,True,True
4075,9241,SEQUEL,True,True
4130,30,PARENT,False,False
4355,119810,OTHER,True,False
4421,2367,PARENT,True,True
4444,4443,PREQUEL,True,True
4444,10526,SEQUEL,True,True
4454,3572,ALTERNATIVE,True,True
4492,4699,ALTERNATIVE,True,True
4566,1807,PARENT,True,True
4590,6891,SEQUEL,True,True
4699,4492,ALTERNATIVE,True,True
4712,859,PARENT,True,True
4816,1511,PREQUEL,True,True
4816,10420,SEQUEL,True,True
5210,5213,SEQUEL,True,True
5256,6275,SEQUEL,True,True
5256,1565,PARENT,True,True
5391,1639,PREQUEL,True,True
5391,4866,SEQUEL,True,True
5449,516,PARENT,True,True
5520,4114,PREQUEL,True,True
5520,5938,SEQUEL,False,False
5848,14537,CHARACTER,True,False
5848,168635,CHARACTER,True,False
5848,168997,CHARACTER,False,False
5848,169887,CHARACTER,True,False
5848,169828,CHARACTER,True,False
5848,169966,CHARACTER,True,False
5848,187514,CHARACTER,True,False
5848,140377,CHARACTER,True,False
6032,478,ALTERNATIVE,True,True
6064,1889,PARENT,True,True
6227,1561,PREQUEL,True,True
6361,2924,SEQUEL,True,True
6518,6519,PREQUEL,False,False
6518,6517,SEQUEL,False,False
6518,6798,PREQUEL,False,False
6546,1639,ALTERNATIVE,True,True
7333,1864,PREQUEL,True,True
7427,1865,PARENT,True,True
7550,1565,PARENT,True,True
7775,15815,PREQUEL,True,True
7775,129045,SEQUEL,True,True
8180,1864,PARENT,True,True
8191,8192,SIDE_STORY,True,True
8346,8345,PARENT,True,True
8355,8356,SEQUEL,True,True
8355,7175,PARENT,True,True
8644,168559,OTHER,True,False
8644,187051,OTHER,True,False
8644,187052,OTHER,True,False
8644,187216,OTHER,True,False
9365,2032,PARENT,True,True
9533,9426,PREQUEL,True,True
9533,15897,PREQUEL,True,True
10005,2337,ALTERNATIVE,True,True
10526,4444,PREQUEL,True,True
10526,10527,SEQUEL,True,True
10622,2001,PARENT,True,True
10870,1566,PARENT,True,True
11679,121062,PREQUEL,True,True
12163,1491,OTHER,False,False
13507,13503,PARENT,True,True
13709,4970,SEQUEL,True,True
13709,1292,PARENT,True,True
16482,4459,PARENT,False,False
17933,5240,SIDE_STORY,True,True
18729,1912,PREQUEL,True,True
20391,1852,PARENT,True,True
20391,3604,PARENT,True,True
20563,20562,PARENT,True,True
119810,4355,OTHER,True,False
121069,121071,SEQUEL,True,True
121069,121077,SIDE_STORY,True,True
121071,121069,PREQUEL,True,True
121071,121072,SEQUEL,True,True
121077,121069,PARENT,True,True
121826,1960,PARENT,False,False
124434,11521,PREQUEL,True,True
124434,124435,SEQUEL,True,True
124435,124434,PREQUEL,True,True
126871,126872,OTHER,False,False
126871,2747,PARENT,False,False
126882,3885,PREQUEL,True,True
126882,6482,SEQUEL,True,True
2129,8230,SEQUEL,False,False
2129,102605,CHARACTER,False,False
2129,6234,SIDE_STORY,False,False
2129,9002,SIDE_STORY,False,False
2129,207886,OTHER,False,False
2904,1575,PREQUEL,True,True
2904,5163,SIDE_STORY,True,True
2904,8728,SIDE_STORY,True,True
2904,9591,SIDE_STORY,True,True
2904,112900,SIDE_STORY,True,True
2904,97880,OTHER,True,False
2904,132317,SIDE_STORY,False,False
2904,12685,OTHER,True,False
2966,6007,SEQUEL,True,True
2966,21685,CHARACTER,True,False
2966,145728,ALTERNATIVE,True,True
2993,4214,SEQUEL,True,True
3091,861,PREQUEL,True,True
3091,4918,SEQUEL,True,True
3092,4814,SEQUEL,True,True
3092,13767,SIDE_STORY,True,True
3092,9926,CHARACTER,True,False
3167,7465,ALTERNATIVE,True,True
3225,2963,PREQUEL,True,True
3225,5162,SEQUEL,True,True
3226,1842,PREQUEL,True,True
3226,5029,SEQUEL,True,True
3228,2605,PREQUEL,True,True
3228,4872,SEQUEL,True,True
3228,8317,SUMMARY,True,True
3229,10213,PARENT,True,True
3230,4726,SEQUEL,True,True
3230,4798,SIDE_STORY,False,False
3231,134,PREQUEL,True,True
3231,4765,SEQUEL,True,True
3268,99,SEQUEL,True,True
3269,873,PREQUEL,True,True
3269,2928,SEQUEL,True,True
3269,4469,SIDE_STORY,True,True
3269,110286,SUMMARY,True,True
3295,6693,SIDE_STORY,True,True
3295,3008,ALTERNATIVE,False,False
3295,185887,SIDE_STORY,True,True
3297,2563,PREQUEL,True,True
3297,4772,SIDE_STORY,True,True
3297,5196,SIDE_STORY,True,True
3297,21043,SEQUEL,True,True
3322,5484,SIDE_STORY,True,True
3323,320,PREQUEL,False,False
3328,2476,PARENT,True,True
3354,2404,PREQUEL,True,True
3358,8078,SIDE_STORY,True,True
3366,14407,OTHER,True,False
3366,10588,OTHER,True,False
3366,99693,OTHER,True,False
3407,5539,SUMMARY,True,True
3420,4715,SEQUEL,True,True
3420,4173,SIDE_STORY,True,True
3446,8278,PREQUEL,True,True
3446,9544,SEQUEL,True,True
3455,5667,SEQUEL,True,True
3457,4752,SEQUEL,True,True
3457,8422,SIDE_STORY,True,True
3467,6023,SEQUEL,True,True
3500,8229,PREQUEL,True,True
3500,178147,SEQUEL,True,True
145781,3545,PARENT,False,False
145782,3545,PARENT,False,False
148664,1960,PARENT,False,False
171762,1960,PARENT,False,False
3501,2032,PREQUEL,True,True
3503,6791,SEQUEL,True,True
3503,4760,SIDE_STORY,True,True
3514,5089,SEQUEL,True,True
3515,1253,PREQUEL,True,True
3515,1259,SEQUEL,True,True
3515,20928,SIDE_STORY,True,True
3572,1398,PREQUEL,False,False
3572,4454,ALTERNATIVE,True,True
3572,5310,ALTERNATIVE,True,True
3572,7222,ALTERNATIVE,True,True
3572,20680,SEQUEL,True,True
3572,15177,SPIN_OFF,True,True
3572,4939,SIDE_STORY,True,True
3572,10050,CHARACTER,False,False
3572,5165,CHARACTER,True,False
3572,10361,CHARACTER,True,False
3588,20547,SPIN_OFF,True,True
3588,21687,SPIN_OFF,True,True
3588,179062,OTHER,True,False
3604,3165,PREQUEL,True,True
3604,6984,SEQUEL,True,True
3604,20391,OTHER,True,False
3613,11001,SEQUEL,True,True
3613,5332,SIDE_STORY,True,True
3615,4662,SEQUEL,True,True
3616,5045,SIDE_STORY,True,True
3627,2595,PREQUEL,True,True
3627,14827,SEQUEL,True,True
3653,7540,SEQUEL,True,True
3653,130211,SIDE_STORY,True,True
3667,6381,SEQUEL,True,True
3667,1862,ALTERNATIVE,True,True
3667,20454,SPIN_OFF,True,True
3667,103118,OTHER,True,False
3667,104378,SPIN_OFF,True,True
3667,121681,SPIN_OFF,True,True
3674,8317,SEQUEL,True,True
3674,2605,PARENT,True,True
3692,1932,PREQUEL,True,True
3692,4703,SIDE_STORY,True,True
3692,121026,CHARACTER,True,False
3692,11569,CHARACTER,True,False
3692,10549,CHARACTER,True,False
3692,10736,CHARACTER,True,False
3692,159429,CHARACTER,True,False
3692,162720,SEQUEL,True,True
3692,188394,CHARACTER,True,False
3702,5065,SUMMARY,False,False
3704,145000,ALTERNATIVE,True,True
3710,2165,CHARACTER,True,False
3712,1840,PREQUEL,True,True
3712,11319,SEQUEL,True,True
3712,5764,SIDE_STORY,True,True
3712,6489,SPIN_OFF,True,True
3713,1594,PREQUEL,True,True
3713,98379,SEQUEL,True,True
3759,2476,PARENT,True,True
3782,2593,PREQUEL,True,True
3782,3783,SEQUEL,True,True
3782,6624,SUMMARY,True,True
3783,3782,PREQUEL,True,True
3783,4280,SEQUEL,True,True
3783,6624,SUMMARY,True,True
3805,21865,OTHER,True,False
3805,10217,ALTERNATIVE,True,True
3841,6024,SEQUEL,True,True
3848,2107,PREQUEL,True,True
3848,21,PARENT,False,False
3848,4155,SEQUEL,True,True
3848,107110,OTHER,True,False
3887,2159,PARENT,True,True
3901,2251,PREQUEL,True,True
3923,6297,SEQUEL,True,True
3927,2581,PREQUEL,True,True
3927,6288,SEQUEL,True,True
3927,7270,SUMMARY,True,True
3927,146488,SIDE_STORY,True,True
3956,1066,PREQUEL,True,True
3956,7375,SEQUEL,True,True
3958,5978,SEQUEL,True,True
3958,1887,CHARACTER,True,False
3962,5238,ALTERNATIVE,True,True
3965,1698,PARENT,True,True
3972,482,PREQUEL,True,True
3972,6951,SIDE_STORY,True,True
3972,10015,OTHER,True,False
3972,20552,OTHER,True,False
3972,21590,SIDE_STORY,True,True
3972,98231,OTHER,True,False
3972,114072,OTHER,True,False
3972,142842,OTHER,True,False
3974,6380,SEQUEL,True,True
3974,566,ALTERNATIVE,False,False
3975,199495,SIDE_STORY,True,True
4015,846,PREQUEL,True,True
4026,1565,PARENT,True,True
4026,2847,PREQUEL,True,True
4026,6178,SEQUEL,True,True
4028,1172,PREQUEL,False,False
4028,5233,SEQUEL,True,True
4033,10278,ALTERNATIVE,True,True
4038,7745,SEQUEL,True,True
4038,16005,SPIN_OFF,True,True
4038,9127,SUMMARY,True,True
4038,2026,CHARACTER,True,False
4039,1760,PREQUEL,False,False
4039,1761,PREQUEL,False,False
4053,2752,PREQUEL,True,True
4053,5751,SEQUEL,True,True
4053,113254,SEQUEL,True,True
4053,10276,SIDE_STORY,True,True
4056,2518,PREQUEL,True,True
4056,7761,SEQUEL,True,True
4057,9287,SIDE_STORY,True,True
4057,3747,ALTERNATIVE,True,True
4057,9904,ALTERNATIVE,True,True
4057,99349,OTHER,True,False
4057,3747,ALTERNATIVE,True,True
4059,2167,ALTERNATIVE,True,True
4059,6351,ALTERNATIVE,True,True
4063,5277,SEQUEL,True,True
4063,5279,SIDE_STORY,False,False
4078,837,PARENT,True,True
4080,251,PREQUEL,True,True
4080,2971,PREQUEL,True,True
4081,5300,SEQUEL,True,True
4081,154978,OTHER,True,False
4081,188619,OTHER,True,False
4082,2130,PARENT,True,True
4107,4565,SEQUEL,True,True
4107,2001,ALTERNATIVE,True,True
4127,10256,ALTERNATIVE,True,True
4134,1735,PARENT,True,True
4136,5056,SIDE_STORY,True,True
4151,109616,ALTERNATIVE,True,True
4163,2104,PREQUEL,True,True
4163,7041,SIDE_STORY,True,True
4166,1720,PREQUEL,True,True
4166,4804,SEQUEL,True,True
4173,3420,PARENT,True,True
4181,2167,PREQUEL,True,True
4181,1723,ALTERNATIVE,True,True
4181,132528,CHARACTER,True,False
4181,143150,CHARACTER,True,False
4182,7338,SEQUEL,True,True
4182,2025,PREQUEL,True,True
4188,6050,SEQUEL,True,True
4188,1546,ALTERNATIVE,True,True
4196,1956,PREQUEL,True,True
4196,7580,SEQUEL,True,True
4196,5333,SIDE_STORY,True,True
4197,2142,PREQUEL,True,True
4202,2931,PARENT,True,True
4205,2927,PARENT,True,True
4209,2564,PREQUEL,True,True
4213,2967,PARENT,True,True
4214,2993,PREQUEL,True,True
4224,6127,SIDE_STORY,True,True
4224,11553,SIDE_STORY,True,True
4224,7769,CHARACTER,True,False
4224,206729,SIDE_STORY,True,True
4232,1916,PREQUEL,True,True
4262,6112,SEQUEL,True,True
4262,5305,SIDE_STORY,True,True
4280,3783,PREQUEL,True,True
4280,4282,SEQUEL,True,True
4280,6624,SUMMARY,True,True
4282,4280,PREQUEL,True,True
4282,5204,SEQUEL,True,True
4282,6624,SUMMARY,True,True
4312,2174,PREQUEL,True,True
4312,5291,SEQUEL,True,True
4312,967,PARENT,False,False
4320,1412,PARENT,False,False
4331,10855,SEQUEL,True,True
4331,6063,SIDE_STORY,True,True
4360,10280,SEQUEL,True,True
4362,10348,PREQUEL,True,True
4362,10666,SIDE_STORY,True,True
4383,4418,PREQUEL,False,False
4383,7164,SIDE_STORY,False,False
4437,1735,PARENT,True,True
4447,5348,SIDE_STORY,True,True
4447,235,PARENT,False,False
4469,3269,PARENT,True,True
4472,1887,PARENT,True,True
4477,1698,PREQUEL,True,True
4477,8038,SEQUEL,True,True
4477,6187,SIDE_STORY,True,True
4483,273,PARENT,True,True
4502,2852,PREQUEL,True,True
4502,3559,PREQUEL,True,True
4535,3456,PREQUEL,True,True
4535,6479,SEQUEL,True,True
4548,8457,ALTERNATIVE,True,True
4548,18497,ALTERNATIVE,True,True
4549,967,PARENT,False,False
4549,1773,SEQUEL,True,True
4550,6958,SIDE_STORY,True,True
4551,7083,SIDE_STORY,False,False
4581,5034,SEQUEL,True,True
4646,2451,PREQUEL,False,False
4646,5031,SEQUEL,True,True
4650,400,PARENT,False,False
4654,8937,SEQUEL,True,True
4654,5955,SIDE_STORY,True,True
4654,104463,SPIN_OFF,True,True
4654,6213,SPIN_OFF,True,True
4654,125268,OTHER,True,False
4654,186742,SPIN_OFF,True,True
4662,3615,PREQUEL,True,True
4672,43,ALTERNATIVE,False,False
4703,10549,SIDE_STORY,True,True
4703,3692,PARENT,True,True
4715,3420,PREQUEL,True,True
4725,19199,CHARACTER,True,False
4744,5772,SIDE_STORY,True,True
4752,3457,PREQUEL,True,True
4760,3503,PARENT,True,True
4765,3231,PREQUEL,True,True
4772,3297,PARENT,True,True
4789,2924,PREQUEL,True,True
4789,6401,PREQUEL,True,True
4814,3092,PREQUEL,True,True
4814,20796,SEQUEL,True,True
4835,269,PARENT,True,True
4866,5391,PREQUEL,True,True
4872,3228,PREQUEL,True,True
4872,6377,SEQUEL,True,True
4879,6736,SIDE_STORY,True,True
4879,182419,OTHER,True,False
4884,8754,SIDE_STORY,True,True
4884,12699,CHARACTER,True,False
4884,114989,OTHER,False,False
4886,6811,ALTERNATIVE,True,True
4886,249,PREQUEL,True,True
4898,6707,SEQUEL,True,True
4898,6793,SIDE_STORY,True,True
4898,20606,SEQUEL,True,True
4903,6379,SEQUEL,True,True
4903,837,ALTERNATIVE,True,True
4905,1445,PARENT,False,False
4939,3572,ALTERNATIVE,True,True
4961,1137,ALTERNATIVE,True,True
4975,21126,SEQUEL,True,True
4975,10519,CHARACTER,True,False
4975,9253,OTHER,True,False
4975,13599,OTHER,True,False
4975,21708,OTHER,True,False
4981,1598,ALTERNATIVE,False,False
4981,4810,ALTERNATIVE,False,False
5005,6582,SEQUEL,True,True
5005,8314,SIDE_STORY,True,True
5005,8316,CHARACTER,True,False
5019,1412,PARENT,False,False
5020,119835,OTHER,True,False
5027,8963,SEQUEL,True,True
5027,108746,ALTERNATIVE,False,False
5029,3226,PREQUEL,True,True
5029,5028,SEQUEL,True,True
5045,3616,PARENT,True,True
5056,4136,PARENT,True,True
5072,2795,PARENT,True,True
5080,7549,SEQUEL,True,True
5082,21020,OTHER,True,False
5082,6901,ALTERNATIVE,True,True
5082,19825,ALTERNATIVE,True,True
5082,21635,ALTERNATIVE,True,True
5082,11017,ALTERNATIVE,True,True
5082,14913,ALTERNATIVE,True,True
5082,21020,ALTERNATIVE,True,True
5082,169319,SIDE_STORY,True,True
5082,187990,ALTERNATIVE,True,True
5089,3514,PREQUEL,True,True
5096,8687,PARENT,True,True
5097,2798,PREQUEL,True,True
5116,3456,SEQUEL,True,True
5152,813,PARENT,False,False
5163,2904,PARENT,True,True
5164,194,PARENT,True,True
5165,3572,PARENT,True,True
5196,3297,PARENT,True,True
5199,2104,PARENT,True,True
5213,5210,PREQUEL,True,True
5228,822,PREQUEL,True,True
5228,18,PARENT,True,True
5231,10507,SEQUEL,True,True
5231,9032,SIDE_STORY,True,True
5231,98225,SIDE_STORY,True,True
5231,21879,SPIN_OFF,True,True
5231,99059,SPIN_OFF,True,True
5231,180804,ALTERNATIVE,True,True
5252,21,ALTERNATIVE,False,False
5262,2923,PREQUEL,True,True
5262,7082,SEQUEL,True,True
5290,516,PARENT,True,True
5291,4312,PREQUEL,True,True
5291,967,ALTERNATIVE,False,False
5316,169693,PARENT,True,True
5332,3613,PARENT,True,True
5333,4196,PARENT,True,True
5348,4447,PARENT,True,True
5351,2581,PARENT,True,True
5397,3738,PREQUEL,True,True
5397,10513,SEQUEL,True,True
5427,14047,SEQUEL,True,True
5427,2858,ALTERNATIVE,True,True
5455,18151,PREQUEL,True,True
5484,3322,PARENT,True,True
5493,1010,PREQUEL,False,False
5493,1011,SEQUEL,False,False
5493,1293,CHARACTER,False,False
5538,6444,PARENT,True,True
5539,3407,PARENT,True,True
5583,177465,CHARACTER,True,False
5603,2505,ALTERNATIVE,True,True
5725,3576,PREQUEL,True,True
5764,3712,PARENT,True,True
5854,960,PREQUEL,True,True
6000,6281,OTHER,True,False
6041,21148,OTHER,True,False
6041,21369,OTHER,True,False
6041,98766,OTHER,True,False
6041,4399,PREQUEL,True,True
6297,3923,PREQUEL,True,True
6297,10202,SEQUEL,True,True
6312,3000,PREQUEL,True,True
6355,6130,SEQUEL,True,True
6401,4789,SEQUEL,True,True
6482,126881,SEQUEL,True,True
6482,126882,PREQUEL,True,True
6489,3712,PARENT,True,True
6566,1293,CHARACTER,False,False
6566,249,CHARACTER,True,False
6566,210,CHARACTER,False,False
6567,1293,PARENT,False,False
6567,210,CHARACTER,False,False
6567,249,CHARACTER,True,False
6783,2924,PARENT,True,True
6795,3508,PREQUEL,True,True
6795,1105,CHARACTER,True,False
7041,4163,PARENT,True,True
7803,166051,PARENT,True,True
2952,6151,SIDE_STORY,True,True
2952,317,ALTERNATIVE,True,True
3087,9488,SEQUEL,True,True
7882,2508,PARENT,True,True
8145,2165,PARENT,True,True
8317,3674,PREQUEL,True,True
8317,3228,PARENT,True,True
8356,8355,PREQUEL,True,True
8356,8357,SEQUEL,True,True
8356,7175,PARENT,True,True
8367,2172,PREQUEL,True,True
8367,8368,SEQUEL,True,True
8367,966,PARENT,False,False
8422,3457,PARENT,True,True
8709,1565,PARENT,True,True
8908,3954,PREQUEL,True,True
8921,6693,OTHER,True,False
9053,2169,PARENT,True,True
9591,2904,PARENT,True,True
10048,2238,PARENT,True,True
10527,10526,PREQUEL,True,True
10527,10528,SEQUEL,True,True
10527,6062,SIDE_STORY,True,True
10549,4703,PARENT,True,True
10549,5753,SEQUEL,True,True
10549,603,CHARACTER,True,False
10549,1932,CHARACTER,True,False
10549,1929,CHARACTER,True,False
10549,3692,CHARACTER,True,False
10549,1534,CHARACTER,True,False
12689,2106,PREQUEL,True,True
13177,126202,CHARACTER,False,False
13177,13179,SEQUEL,True,True
13223,1401,PARENT,True,True
13509,13503,PARENT,True,True
14957,6330,PREQUEL,True,True
14957,2787,PARENT,True,True
16415,478,ALTERNATIVE,True,True
17004,1960,PARENT,False,False
18937,9768,PREQUEL,False,False
18937,18939,SEQUEL,True,True
20528,2942,PARENT,True,True
21590,3972,PARENT,True,True
21687,3588,PARENT,True,True
100719,269,PARENT,True,True
116039,1960,PARENT,False,False
119772,119771,PREQUEL,True,True
119835,5020,PARENT,True,True
121072,121071,PREQUEL,True,True
121072,121074,SEQUEL,True,True
121074,121072,PREQUEL,True,True
121074,121075,SEQUEL,True,True
121840,1960,PARENT,False,False
124438,124439,SEQUEL,True,True
129045,7775,PREQUEL,True,True
129868,2986,PARENT,True,True
130247,2986,PARENT,True,True
145783,3545,PARENT,False,False
145784,3545,PARENT,False,False
169828,168635,CHARACTER,True,False
169828,5848,CHARACTER,True,False
169887,5848,CHARACTER,True,False
185887,3295,PARENT,True,True
185887,2389,CHARACTER,False,False
185887,1445,CHARACTER,False,False
3349,274,PREQUEL,True,True
3349,5859,PREQUEL,False,False
3593,6743,SIDE_STORY,True,True
3593,856,PARENT,True,True
3652,1889,PREQUEL,True,True
3652,114446,SEQUEL,True,True
3750,1729,PREQUEL,True,True
3750,6299,SIDE_STORY,True,True
3784,2759,PREQUEL,True,True
3784,3785,SEQUEL,True,True
3784,100330,CHARACTER,False,False
4155,8740,PREQUEL,True,True
4155,21,PARENT,False,False
4155,3848,PREQUEL,True,True
4155,9999,SEQUEL,True,True
4186,6368,PREQUEL,False,False
4192,5521,PREQUEL,True,True
4192,9958,SEQUEL,True,True
4195,2403,PREQUEL,True,True
4246,237,ALTERNATIVE,True,True
4382,7311,SEQUEL,True,True
4382,849,ALTERNATIVE,True,True
4382,5118,SPIN_OFF,True,True
4382,5957,SPIN_OFF,True,True
4565,4107,PREQUEL,True,True
4565,2001,ALTERNATIVE,True,True
4657,99884,ALTERNATIVE,False,False
4719,6633,SEQUEL,True,True
4719,6704,SIDE_STORY,True,True
4719,21388,SPIN_OFF,True,True
4719,98319,ALTERNATIVE,True,True
4720,6165,SEQUEL,True,True
4720,18245,OTHER,True,False
4726,3230,PREQUEL,True,True
4804,4166,PREQUEL,True,True
4804,9005,SEQUEL,True,True
4811,1888,PREQUEL,True,True
4896,934,PARENT,True,True
4896,7568,SIDE_STORY,True,True
4918,3091,PREQUEL,True,True
4918,6864,SEQUEL,True,True
4918,4938,SIDE_STORY,True,True
4938,2685,PREQUEL,True,True
4938,4918,SIDE_STORY,True,True
4970,1292,PREQUEL,True,True
4970,13709,PREQUEL,True,True
5028,7655,SEQUEL,True,True
5028,5029,PREQUEL,True,True
5030,9712,SEQUEL,True,True
5031,4646,PREQUEL,True,True
5031,5032,SEQUEL,True,True
5034,4581,PREQUEL,True,True
5034,6344,SIDE_STORY,True,True
5034,7108,SIDE_STORY,True,True
5042,7593,SIDE_STORY,True,True
5060,8479,SEQUEL,True,True
5060,7337,SIDE_STORY,True,True
5060,9865,SIDE_STORY,True,True
5060,125351,SIDE_STORY,True,True
5074,6380,PREQUEL,True,True
5074,566,ALTERNATIVE,False,False
5079,6794,SIDE_STORY,True,True
5081,15689,PREQUEL,True,True
5081,11597,SEQUEL,True,True
5081,21520,SIDE_STORY,True,True
5081,106495,OTHER,True,False
5081,143663,ALTERNATIVE,False,False
5112,6287,SIDE_STORY,True,True
5114,6421,SIDE_STORY,True,True
5114,9135,SIDE_STORY,True,True
5114,121,ALTERNATIVE,True,True
5114,7902,SPIN_OFF,True,True
5118,4382,PARENT,True,True
5141,8042,SIDE_STORY,True,True
5150,6882,SIDE_STORY,True,True
5155,3488,ALTERNATIVE,False,False
5162,3225,PREQUEL,True,True
5162,14575,SEQUEL,True,True
5162,5713,SIDE_STORY,True,True
5178,4012,OTHER,True,False
5204,4282,PREQUEL,True,True
5204,5205,SEQUEL,True,True
5204,6624,SUMMARY,True,True
5205,5204,PREQUEL,True,True
5205,6954,SEQUEL,True,True
5205,14807,SIDE_STORY,True,True
5205,6624,PREQUEL,True,True
5216,291,ALTERNATIVE,True,True
5233,4028,PREQUEL,True,True
5238,3962,ALTERNATIVE,True,True
5240,17933,PARENT,True,True
5258,265,PREQUEL,True,True
5258,19647,SEQUEL,True,True
5300,4081,PREQUEL,True,True
5300,10379,SEQUEL,True,True
5300,19945,SIDE_STORY,True,True
5305,15093,SIDE_STORY,True,True
5305,4262,PARENT,True,True
5307,6437,SIDE_STORY,True,True
5310,7222,SEQUEL,True,True
5310,3572,ALTERNATIVE,True,True
5337,2156,PREQUEL,True,True
5337,7334,SEQUEL,True,True
5341,6007,PREQUEL,True,True
5341,6884,SIDE_STORY,True,True
5342,6676,SEQUEL,True,True
5355,6634,SEQUEL,True,True
5355,6581,SIDE_STORY,True,True
5355,7857,SIDE_STORY,True,True
5355,20612,OTHER,True,False
5355,101470,ALTERNATIVE,True,True
5356,207886,OTHER,False,False
5369,1362,PARENT,False,False
5419,490,PREQUEL,True,True
5454,6748,SIDE_STORY,True,True
5460,6231,SIDE_STORY,True,True
5460,235,PARENT,False,False
5485,2253,ALTERNATIVE,False,False
5494,283,SEQUEL,False,False
5494,8950,SEQUEL,True,True
5494,184639,ALTERNATIVE,True,True
5504,1727,SEQUEL,True,True
5507,7016,SIDE_STORY,True,True
5507,9793,CHARACTER,True,False
5521,2026,PREQUEL,True,True
5521,4192,SEQUEL,True,True
5530,6896,SIDE_STORY,True,True
5597,6712,SEQUEL,True,True
5630,6372,SEQUEL,True,True
5630,6927,SUMMARY,True,True
5630,6399,OTHER,False,False
5653,2988,PREQUEL,True,True
5667,3455,PREQUEL,True,True
5667,9181,SEQUEL,True,True
5670,6959,SIDE_STORY,True,True
5671,16123,SEQUEL,True,True
5671,7759,SIDE_STORY,True,True
5671,10884,SIDE_STORY,True,True
5671,21642,SIDE_STORY,True,True
5678,10098,SIDE_STORY,True,True
5678,177,CHARACTER,True,False
5678,1958,CHARACTER,True,False
5678,2768,CHARACTER,True,False
5680,7791,SEQUEL,True,True
5680,6862,SIDE_STORY,True,True
5680,7017,SIDE_STORY,True,True
5682,438,ALTERNATIVE,True,True
5682,8705,SPIN_OFF,False,False
5682,10519,CHARACTER,True,False
5684,6527,SIDE_STORY,True,True
5684,603,ALTERNATIVE,True,True
5684,7645,ALTERNATIVE,True,True
5684,100661,ALTERNATIVE,True,True
5684,1932,ALTERNATIVE,True,True
5684,20577,ALTERNATIVE,True,True
5684,21506,ALTERNATIVE,True,True
5684,21001,ALTERNATIVE,True,True
5684,16419,ALTERNATIVE,True,True
5684,9893,ALTERNATIVE,True,True
5684,1534,ALTERNATIVE,True,True
5684,98059,ALTERNATIVE,True,True
5684,12191,ALTERNATIVE,True,True
5684,5753,CHARACTER,True,False
5684,8133,CHARACTER,True,False
5684,9979,CHARACTER,True,False
5684,12221,CHARACTER,True,False
5684,16442,CHARACTER,True,False
5684,20549,CHARACTER,True,False
5684,21137,CHARACTER,True,False
5684,21504,CHARACTER,True,False
5684,101908,CHARACTER,True,False
5684,105857,ALTERNATIVE,True,True
5684,3692,ALTERNATIVE,True,True
5684,112748,ALTERNATIVE,True,True
5684,126905,ALTERNATIVE,True,True
5684,11569,CHARACTER,True,False
5684,10736,CHARACTER,True,False
5684,142080,ALTERNATIVE,True,True
5684,157883,ALTERNATIVE,True,True
5684,159429,CHARACTER,True,False
5684,171030,ALTERNATIVE,True,True
5684,185073,ALTERNATIVE,True,True
5684,202957,ALTERNATIVE,True,True
5702,6169,SUMMARY,True,True
5702,1135,ALTERNATIVE,True,True
5702,1174,ALTERNATIVE,True,True
5710,11299,SIDE_STORY,True,True
5710,516,PARENT,True,True
5713,5162,PARENT,True,True
5717,1579,PREQUEL,True,True
5734,6705,SIDE_STORY,True,True
5751,4053,PREQUEL,True,True
5751,10573,SEQUEL,True,True
5751,6999,SIDE_STORY,True,True
5753,8133,SEQUEL,True,True
5753,603,CHARACTER,True,False
5753,5684,CHARACTER,True,False
5753,1534,CHARACTER,True,False
5753,1932,CHARACTER,True,False
5753,10549,PREQUEL,True,True
5772,4744,PARENT,True,True
5774,129046,CHARACTER,True,False
5781,696,PARENT,False,False
5902,15291,SIDE_STORY,False,False
5909,10464,SEQUEL,True,True
5940,6166,CHARACTER,True,False
5947,2001,PARENT,True,True
5955,10249,SEQUEL,True,True
5955,4654,PARENT,True,True
5957,4382,PARENT,True,True
5958,8407,SEQUEL,True,True
5958,7858,SIDE_STORY,True,True
5962,8410,SEQUEL,True,True
5962,136668,ALTERNATIVE,True,True
5962,288,OTHER,True,False
5973,7744,SIDE_STORY,True,True
5973,110954,SIDE_STORY,True,True
5978,3958,PREQUEL,True,True
6007,2966,PREQUEL,True,True
6007,5341,SEQUEL,True,True
6008,21553,CHARACTER,True,False
6008,8217,ALTERNATIVE,True,True
6008,10359,ALTERNATIVE,True,True
6008,12963,ALTERNATIVE,True,True
6008,20784,ALTERNATIVE,True,True
6008,17497,ALTERNATIVE,True,True
6008,21134,ALTERNATIVE,True,True
6008,113689,ALTERNATIVE,True,True
6008,116150,CHARACTER,True,False
6023,3467,PREQUEL,True,True
6023,10928,SEQUEL,True,True
6024,3841,PREQUEL,True,True
6024,21796,SEQUEL,True,True
6030,7322,SIDE_STORY,True,True
6033,223,PREQUEL,False,False
6033,11359,SEQUEL,True,True
6033,813,ALTERNATIVE,False,False
6045,9656,SEQUEL,True,True
6046,12699,CHARACTER,True,False
6046,109189,CHARACTER,True,False
6050,4188,PREQUEL,True,True
6050,7135,SEQUEL,True,True
6050,10628,SIDE_STORY,True,True
6062,1685,PARENT,True,True
6062,10527,PARENT,True,True
6063,4331,PARENT,True,True
6098,6885,SIDE_STORY,True,True
6112,4262,PREQUEL,True,True
6112,8057,SEQUEL,True,True
6112,7774,SIDE_STORY,True,True
6112,8635,OTHER,True,False
6115,235,PARENT,False,False
6115,1412,PARENT,False,False
6115,18429,SEQUEL,True,True
6117,8538,SEQUEL,True,True
6127,4224,PARENT,True,True
6129,6883,SEQUEL,True,True
6129,9100,SIDE_STORY,True,True
6129,10306,OTHER,True,False
6130,6355,PREQUEL,True,True
6130,8409,SEQUEL,True,True
6130,6684,SIDE_STORY,True,True
6148,11699,SEQUEL,True,True
6148,12123,OTHER,True,False
6151,2952,PARENT,True,True
6165,4720,PREQUEL,True,True
6169,5702,PARENT,True,True
6169,1135,PREQUEL,True,True
6171,9130,SEQUEL,True,True
6172,100785,OTHER,True,False
6172,207886,OTHER,False,False
6178,1565,PARENT,True,True
6178,4026,PREQUEL,True,True
6178,7695,SEQUEL,True,True
6187,4477,PARENT,True,True
6194,2852,CHARACTER,True,False
6194,3559,CHARACTER,True,False
6201,7468,SIDE_STORY,True,True
6201,8231,SIDE_STORY,False,False
6201,8918,SIDE_STORY,True,True
6205,10076,SEQUEL,True,True
6205,7782,SIDE_STORY,True,True
6205,6166,CHARACTER,True,False
6211,7654,SUMMARY,True,True
6213,16049,SEQUEL,True,True
6213,9047,SIDE_STORY,True,True
6213,9063,SIDE_STORY,True,True
6213,8023,SPIN_OFF,True,True
6213,4654,PARENT,True,True
6213,7769,CHARACTER,True,False
6231,5460,PARENT,True,True
6275,5256,PREQUEL,True,True
6275,1565,PARENT,True,True
6281,6000,OTHER,True,False
6287,5112,PARENT,True,True
6299,3750,PARENT,True,True
6325,1735,PARENT,True,True
6327,7103,ALTERNATIVE,True,True
6337,7276,CHARACTER,True,False
6344,5034,PARENT,True,True
6351,2167,ALTERNATIVE,True,True
6351,4059,ALTERNATIVE,True,True
6372,5630,PREQUEL,True,True
6372,6637,SEQUEL,True,True
6377,4872,PREQUEL,True,True
6377,7044,SEQUEL,True,True
6379,4903,PREQUEL,True,True
6380,3974,PREQUEL,True,True
6380,5074,SEQUEL,True,True
6392,7897,SEQUEL,True,True
6421,5114,PARENT,True,True
6425,7463,SEQUEL,True,True
6437,5307,PARENT,True,True
6438,235,PARENT,False,False
6443,2163,PREQUEL,True,True
6443,366,SEQUEL,False,False
6443,7453,SIDE_STORY,True,True
6444,8311,SEQUEL,True,True
6444,5538,SIDE_STORY,True,True
6444,8022,SIDE_STORY,True,True
6479,4535,PREQUEL,True,True
6481,126880,SEQUEL,True,True
6481,126881,PREQUEL,True,True
6513,1520,CHARACTER,False,False
6513,3024,CHARACTER,False,False
6513,5476,CHARACTER,False,False
6513,971,CHARACTER,True,False
6525,16371,SEQUEL,False,False
6525,17159,SIDE_STORY,False,False
6525,19337,SIDE_STORY,True,True
6525,21347,OTHER,True,False
6525,117407,SIDE_STORY,True,True
6525,117409,OTHER,True,False
6525,135836,SIDE_STORY,True,True
6527,5684,PARENT,True,True
6555,1565,PARENT,True,True
6572,2787,PREQUEL,True,True
6572,6773,SEQUEL,True,True
6573,7338,PREQUEL,True,True
6582,5005,PREQUEL,True,True
6582,8196,CHARACTER,True,False
6586,9441,SEQUEL,True,True
6586,8894,SIDE_STORY,False,False
6590,3479,PREQUEL,True,True
6590,104854,SIDE_STORY,True,True
6604,9013,SEQUEL,True,True
6604,17749,SIDE_STORY,True,True
6604,98638,OTHER,False,False
6607,2290,PREQUEL,False,False
6624,2593,PARENT,True,True
6624,3782,PARENT,True,True
6624,3783,PARENT,True,True
6624,4280,PARENT,True,True
6624,4282,PARENT,True,True
6624,5204,PARENT,True,True
6624,5205,SEQUEL,True,True
6633,4719,PREQUEL,True,True
6633,8456,SEQUEL,True,True
6633,7740,SIDE_STORY,True,True
6641,177460,ALTERNATIVE,False,False
6658,213096,SEQUEL,True,True
6675,1980,PARENT,True,True
6675,11483,ALTERNATIVE,True,True
6675,204410,PARENT,False,False
6676,5342,PREQUEL,True,True
6682,7739,SIDE_STORY,True,True
6682,110465,OTHER,True,False
6684,6130,PARENT,True,True
6685,21374,OTHER,True,False
6690,188,CHARACTER,False,False
6690,4561,CHARACTER,True,False
6693,3295,PARENT,True,True
6693,8921,OTHER,True,False
6694,3728,ALTERNATIVE,True,True
6702,9982,SIDE_STORY,True,True
6702,12049,SIDE_STORY,True,True
6702,20626,SEQUEL,True,True
6702,12121,OTHER,False,False
6702,119683,CHARACTER,True,False
6702,11511,OTHER,False,False
6702,18393,CHARACTER,True,False
6704,7740,SEQUEL,True,True
6704,4719,PARENT,True,True
6705,5734,PARENT,True,True
6712,5597,PREQUEL,True,True
6736,4879,PARENT,True,True
6743,3593,SIDE_STORY,True,True
6748,5454,PARENT,True,True
6791,3503,PREQUEL,True,True
6791,7875,SIDE_STORY,True,True
6793,4898,PARENT,True,True
6794,5079,PARENT,True,True
6811,249,PREQUEL,True,True
6811,118399,SEQUEL,True,True
6811,4886,ALTERNATIVE,True,True
6822,8345,PREQUEL,True,True
6882,5150,PARENT,True,True
6884,5341,PARENT,True,True
6885,6098,PARENT,True,True
6891,4590,PREQUEL,True,True
6893,10380,SEQUEL,True,True
6893,9308,ALTERNATIVE,True,True
6896,5530,PARENT,True,True
6899,8963,PREQUEL,True,True
6899,8964,SEQUEL,True,True
6899,140340,SEQUEL,True,True
6900,15865,SEQUEL,True,True
6901,9346,SEQUEL,True,True
6901,5082,ALTERNATIVE,True,True
6901,19825,ALTERNATIVE,True,True
6901,11017,ALTERNATIVE,True,True
6901,21020,ALTERNATIVE,True,True
6901,14913,ALTERNATIVE,True,True
6901,21635,ALTERNATIVE,True,True
6901,187990,ALTERNATIVE,True,True
6909,2556,ALTERNATIVE,False,False
6927,5630,PARENT,True,True
6930,8687,PARENT,True,True
6930,2662,ALTERNATIVE,False,False
6941,10074,PREQUEL,True,True
6941,10033,ALTERNATIVE,True,True
6945,918,PARENT,True,True
6958,4550,PARENT,True,True
6964,392,PREQUEL,False,False
6984,3604,PREQUEL,True,True
6984,7062,SEQUEL,True,True
6986,7712,SEQUEL,True,True
6987,8577,SEQUEL,True,True
6992,7230,PREQUEL,True,True
6999,5751,PARENT,True,True
7016,5507,PARENT,True,True
7017,9203,SEQUEL,True,True
7017,5680,PARENT,True,True
7044,6377,PREQUEL,True,True
7044,10469,SEQUEL,True,True
7053,16638,SEQUEL,True,True
7060,80,PARENT,False,False
7066,277,PARENT,True,True
7082,5262,PREQUEL,True,True
7103,6327,ALTERNATIVE,True,True
7108,5034,PARENT,True,True
7144,3072,PREQUEL,False,False
7175,4737,PREQUEL,True,True
7175,13431,SEQUEL,True,True
7175,8355,SIDE_STORY,True,True
7175,8356,SIDE_STORY,True,True
7175,8357,SIDE_STORY,True,True
7176,9340,SIDE_STORY,True,True
7176,145704,SIDE_STORY,False,False
7179,4027,PREQUEL,True,True
7193,4876,ALTERNATIVE,False,False
7193,7651,SUMMARY,True,True
7193,145909,ALTERNATIVE,False,False
7193,8554,ALTERNATIVE,False,False
7193,108626,ALTERNATIVE,True,True
7193,109364,ALTERNATIVE,False,False
7230,6992,SEQUEL,True,True
7262,99911,ALTERNATIVE,True,True
7264,5049,PREQUEL,True,True
7270,2581,PARENT,True,True
7270,3927,PARENT,True,True
7276,6337,CHARACTER,True,False
7279,1662,ALTERNATIVE,False,False
7285,1491,ALTERNATIVE,False,False
7322,6030,PARENT,True,True
7367,20,PARENT,True,True
7375,3956,PREQUEL,True,True
7375,12823,SEQUEL,True,True
7411,18597,OTHER,True,False
7453,6443,PARENT,True,True
7461,147928,PARENT,True,True
7463,6425,PREQUEL,True,True
7468,6201,PARENT,True,True
7536,2582,SEQUEL,False,False
7536,3256,PARENT,True,True
7540,3653,PREQUEL,True,True
7568,4896,PARENT,True,True
7651,7193,PARENT,True,True
7654,6211,PARENT,True,True
7669,6408,SEQUEL,True,True
7723,104388,SEQUEL,False,False
7730,9849,SIDE_STORY,True,True
7740,6704,PREQUEL,True,True
7740,6633,PARENT,True,True
7744,5973,PARENT,True,True
7759,5671,PARENT,True,True
7782,6205,PARENT,True,True
7805,6347,PARENT,True,True
7857,9630,SEQUEL,True,True
7857,5355,PARENT,True,True
7875,6791,PARENT,True,True
7902,5114,PARENT,True,True
8042,5141,PARENT,True,True
8176,2225,CHARACTER,False,False
8314,5005,PARENT,True,True
8316,8196,SEQUEL,True,True
8316,5005,CHARACTER,True,False
8368,8367,PREQUEL,True,True
8368,8369,SEQUEL,True,True
8368,966,PARENT,False,False
8440,1519,PARENT,True,True
8492,8494,ALTERNATIVE,False,False
4106,6,PARENT,False,False
4334,9121,SIDE_STORY,True,True
4901,1519,PREQUEL,True,True
4985,10153,SEQUEL,True,True
4985,76,ALTERNATIVE,True,True
5032,5031,PREQUEL,True,True
5277,4063,PREQUEL,True,True
5277,9355,SIDE_STORY,True,True
5306,1731,PREQUEL,True,True
5306,8995,SEQUEL,True,True
5306,8909,SIDE_STORY,True,True
5690,8038,PREQUEL,True,True
5690,8190,SEQUEL,True,True
8754,4884,PARENT,True,True
8837,3479,PARENT,True,True
8935,8925,CHARACTER,True,False
8963,5027,PREQUEL,True,True
8963,6899,SEQUEL,True,True
9100,6129,PARENT,True,True
9708,86,PARENT,False,False
9819,9820,PREQUEL,False,False
10276,4053,PARENT,True,True
10306,6129,PARENT,True,True
10384,99361,ALTERNATIVE,True,True
10384,7748,SEQUEL,True,True
10470,20849,SEQUEL,True,True
10666,4362,PARENT,True,True
10735,329,PARENT,True,True
11299,5710,PARENT,True,True
11483,6675,ALTERNATIVE,True,True
13505,13503,PREQUEL,True,True
13817,13819,SEQUEL,True,True
13817,13821,SIDE_STORY,True,True
13817,13825,SIDE_STORY,True,True
13817,13827,SIDE_STORY,True,True
13817,13829,SIDE_STORY,True,True
13817,13831,SIDE_STORY,True,True
14617,2418,ALTERNATIVE,True,True
15093,5305,PARENT,True,True
15129,145442,OTHER,True,False
16041,8375,PREQUEL,False,False
16740,6574,SUMMARY,True,True
17213,1960,PARENT,False,False
17213,169982,SIDE_STORY,True,True
17749,6604,PARENT,True,True
18449,80,PARENT,False,False
18577,18573,PARENT,False,False
19945,5300,PARENT,True,True
125574,203,PARENT,False,False
126881,6482,PREQUEL,True,True
126881,6481,SEQUEL,True,True
130211,3653,PARENT,True,True
158619,102983,PREQUEL,False,False
168635,5848,CHARACTER,True,False
168635,14537,CHARACTER,True,False
168635,169828,CHARACTER,True,False
169982,17213,PARENT,True,True
206729,4224,PARENT,True,True
6166,9618,SIDE_STORY,True,True
6166,1195,CHARACTER,True,False
6166,5940,CHARACTER,True,False
6166,6205,CHARACTER,True,False
6288,3927,PREQUEL,True,True
6336,87,PREQUEL,False,False
6336,14007,PREQUEL,True,True
6336,88,SEQUEL,False,False
6336,20707,OTHER,True,False
6336,21658,ALTERNATIVE,True,True
6336,98504,SEQUEL,True,True
6336,101554,SEQUEL,True,True
6336,7113,OTHER,False,False
6336,104557,SEQUEL,True,True
6336,112451,ALTERNATIVE,False,False
6336,112452,OTHER,False,False
6336,136641,OTHER,False,False
6336,212323,CHARACTER,True,False
6347,9471,SEQUEL,True,True
6347,7870,SIDE_STORY,True,True
6347,7805,SIDE_STORY,True,True
6347,107348,SIDE_STORY,True,True
6381,3667,PREQUEL,True,True
6381,20650,SEQUEL,True,True
6408,7669,PREQUEL,True,True
6408,8481,PREQUEL,True,True
6467,8331,SIDE_STORY,True,True
6467,235,PARENT,False,False
6500,10073,SEQUEL,True,True
6500,8668,SIDE_STORY,True,True
6500,9202,SIDE_STORY,True,True
6547,9062,SIDE_STORY,True,True
6547,10067,SIDE_STORY,True,True
6547,143150,CHARACTER,True,False
6547,20997,CHARACTER,True,False
6547,207886,OTHER,False,False
6574,16646,SIDE_STORY,True,True
6574,16648,OTHER,True,False
6574,16740,OTHER,True,False
6581,5355,PARENT,True,True
6634,5355,PREQUEL,True,True
6634,9745,SEQUEL,True,True
6634,9630,SIDE_STORY,True,True
6634,10483,SIDE_STORY,True,True
6637,6372,PREQUEL,True,True
6707,4898,PREQUEL,True,True
6707,9136,SIDE_STORY,True,True
6707,20606,ALTERNATIVE,True,True
6746,8408,SIDE_STORY,True,True
6746,20652,SEQUEL,True,True
6746,2251,CHARACTER,True,False
6772,8514,SEQUEL,True,True
6772,8648,SIDE_STORY,True,True
6772,20618,ALTERNATIVE,True,True
6787,13993,SEQUEL,True,True
6802,8197,SIDE_STORY,True,True
6862,5680,PARENT,True,True
6864,4918,PREQUEL,True,True
6875,6918,CHARACTER,True,False
6875,15847,ALTERNATIVE,True,True
6883,6129,PREQUEL,True,True
6895,13115,PREQUEL,True,True
6895,9065,SEQUEL,True,True
6895,10350,SIDE_STORY,True,True
6895,13117,ALTERNATIVE,True,True
6895,21474,SPIN_OFF,True,True
6895,115879,SIDE_STORY,False,False
6895,11663,OTHER,True,False
6895,139386,ALTERNATIVE,True,True
6922,356,ALTERNATIVE,True,True
6922,11741,PREQUEL,True,True
6922,19603,ALTERNATIVE,True,True
6922,20791,ALTERNATIVE,True,True
6922,98035,ALTERNATIVE,True,True
6922,10012,CHARACTER,True,False
6922,14829,SPIN_OFF,True,True
6922,21717,ALTERNATIVE,True,True
6922,12565,ALTERNATIVE,True,True
6922,21318,ALTERNATIVE,True,True
6922,97815,ALTERNATIVE,True,True
6951,3972,PARENT,True,True
6951,104932,OTHER,False,False
6956,10521,SEQUEL,True,True
6956,21764,ALTERNATIVE,True,True
6959,5670,PARENT,True,True
6973,8800,SIDE_STORY,True,True
6973,10201,SIDE_STORY,True,True
6974,9220,SIDE_STORY,True,True
6979,9167,SIDE_STORY,True,True
6979,9924,SIDE_STORY,True,True
6988,8687,PARENT,True,True
7054,9366,SIDE_STORY,True,True
7054,10298,SIDE_STORY,True,True
7059,11285,ALTERNATIVE,True,True
7059,12079,CHARACTER,True,False
7062,6984,PREQUEL,True,True
7062,9563,SEQUEL,True,True
7088,8465,SIDE_STORY,True,True
7148,8302,SIDE_STORY,True,True
7148,8619,OTHER,True,False
7254,3227,PREQUEL,True,True
7254,202418,SEQUEL,True,True
7311,4382,PREQUEL,True,True
7311,20566,SPIN_OFF,True,True
7311,849,PREQUEL,True,True
7334,5337,PREQUEL,True,True
7334,10330,SEQUEL,True,True
7337,5060,PARENT,True,True
7338,6573,SEQUEL,True,True
7338,4182,PREQUEL,True,True
7456,2432,SEQUEL,True,True
7465,3167,ALTERNATIVE,True,True
7472,918,ALTERNATIVE,True,True
7472,9735,OTHER,True,False
7549,5080,PREQUEL,True,True
7561,18375,OTHER,True,False
7580,4196,PREQUEL,True,True
7580,11255,SEQUEL,True,True
7580,8507,SIDE_STORY,True,True
7590,8599,SIDE_STORY,True,True
7591,8961,ALTERNATIVE,True,True
7592,10049,SEQUEL,True,True
7592,10886,SIDE_STORY,True,True
7593,5042,PARENT,True,True
7596,9598,ALTERNATIVE,True,True
7596,11785,ALTERNATIVE,True,True
7598,10104,SIDE_STORY,True,True
7598,12723,ALTERNATIVE,True,True
7627,9510,SEQUEL,True,True
7627,9396,SIDE_STORY,True,True
7645,9288,SIDE_STORY,True,True
7645,603,ALTERNATIVE,True,True
7645,5684,ALTERNATIVE,True,True
7645,9893,ALTERNATIVE,True,True
7645,100661,ALTERNATIVE,True,True
7645,1932,ALTERNATIVE,True,True
7645,1534,ALTERNATIVE,True,True
7645,12191,ALTERNATIVE,True,True
7645,21506,ALTERNATIVE,True,True
7645,21001,ALTERNATIVE,True,True
7645,16419,ALTERNATIVE,True,True
7645,20577,ALTERNATIVE,True,True
7645,98059,ALTERNATIVE,True,True
7645,8133,CHARACTER,True,False
7645,9979,CHARACTER,True,False
7645,12221,CHARACTER,True,False
7645,16442,CHARACTER,True,False
7645,20549,CHARACTER,True,False
7645,21137,CHARACTER,True,False
7645,21504,CHARACTER,True,False
7645,101908,CHARACTER,True,False
7645,105857,ALTERNATIVE,True,True
7645,112748,ALTERNATIVE,True,True
7645,126905,ALTERNATIVE,True,True
7645,11569,CHARACTER,True,False
7645,135864,CHARACTER,True,False
7645,10736,CHARACTER,True,False
7645,142080,ALTERNATIVE,True,True
7645,157883,ALTERNATIVE,True,True
7645,159429,CHARACTER,True,False
7645,171030,ALTERNATIVE,True,True
7645,185073,ALTERNATIVE,True,True
7645,202957,ALTERNATIVE,True,True
7647,9074,SEQUEL,True,True
7655,5028,PREQUEL,True,True
7655,11917,SEQUEL,True,True
7674,10030,SEQUEL,True,True
7674,15711,SUMMARY,True,True
7695,1565,PARENT,True,True
7695,6178,PREQUEL,True,True
7712,6986,PREQUEL,True,True
7712,9309,SEQUEL,True,True
7720,2159,PREQUEL,True,True
7720,9124,SIDE_STORY,True,True
7724,10083,SIDE_STORY,True,True
7739,6682,PARENT,True,True
7745,4038,PREQUEL,True,True
7748,10384,PREQUEL,True,True
7761,4056,PREQUEL,True,True
7761,185259,SEQUEL,True,True
7762,10216,PARENT,True,True
7768,11341,SEQUEL,True,True
7768,10923,SIDE_STORY,True,True
7768,87533,OTHER,True,False
7768,105663,SIDE_STORY,True,True
7768,100570,SIDE_STORY,True,True
7768,15313,CHARACTER,True,False
7769,4224,CHARACTER,True,False
7769,6213,CHARACTER,True,False
7774,5305,PREQUEL,True,True
7774,15095,SIDE_STORY,True,True
7774,6112,PARENT,True,True
7785,8985,SIDE_STORY,True,True
7785,97917,SPIN_OFF,True,True
7785,137819,SPIN_OFF,True,True
7791,5680,PREQUEL,True,True
7791,9203,SIDE_STORY,True,True
7791,9617,SIDE_STORY,True,True
7791,9734,SIDE_STORY,True,True
7793,1771,PREQUEL,True,True
7793,10346,SEQUEL,True,True
7858,5958,PARENT,True,True
7870,6347,PARENT,True,True
7897,6392,PREQUEL,True,True
7897,9744,SEQUEL,True,True
7969,18525,SEQUEL,True,True
7969,10458,ALTERNATIVE,True,True
7972,21796,ALTERNATIVE,True,True
8017,8250,PREQUEL,True,True
8022,6444,PARENT,True,True
8023,6213,PARENT,True,True
8023,19697,SEQUEL,True,True
8025,11733,SEQUEL,True,True
8025,11731,SIDE_STORY,True,True
8026,17379,PREQUEL,False,False
8038,4477,PREQUEL,True,True
8038,5690,SEQUEL,True,True
8057,6112,PREQUEL,True,True
8057,10297,SIDE_STORY,True,True
8062,98,PARENT,True,True
8074,9515,SEQUEL,True,True
8078,3358,PARENT,True,True
8086,10934,CHARACTER,True,False
8097,1412,PARENT,False,False
8098,75,PREQUEL,True,True
8098,17080,SEQUEL,True,True
8098,143201,SEQUEL,True,True
8100,10624,SEQUEL,True,True
8101,10187,OTHER,True,False
8110,21620,SEQUEL,True,True
8129,9754,SIDE_STORY,True,True
8129,10391,OTHER,True,False
8132,8287,PARENT,True,True
8133,5753,PREQUEL,True,True
8133,9979,SEQUEL,True,True
8133,603,CHARACTER,True,False
8133,1534,CHARACTER,True,False
8133,1932,CHARACTER,True,False
8133,7645,CHARACTER,True,False
8133,5684,CHARACTER,True,False
8134,516,PARENT,True,True
8141,3858,ALTERNATIVE,False,False
8141,8140,ALTERNATIVE,False,False
8190,5690,PREQUEL,True,True
8192,8191,PARENT,True,True
8196,8316,PREQUEL,True,True
8196,6582,CHARACTER,True,False
8197,6802,PARENT,True,True
8206,126885,SEQUEL,True,True
8217,19619,SEQUEL,True,True
8217,6008,ALTERNATIVE,True,True
8217,10359,ALTERNATIVE,True,True
8217,12963,ALTERNATIVE,True,True
8217,21134,ALTERNATIVE,True,True
8217,17497,ALTERNATIVE,True,True
8217,113689,ALTERNATIVE,True,True
8217,20784,ALTERNATIVE,True,True
8245,8410,PARENT,True,True
8246,1735,PARENT,True,True
8246,10659,OTHER,True,False
8247,269,PARENT,True,True
8248,3256,OTHER,True,False
8248,145751,SIDE_STORY,False,False
8249,3256,ALTERNATIVE,True,True
8277,15377,SEQUEL,True,True
8277,9362,SIDE_STORY,True,True
8277,13127,SIDE_STORY,True,True
8287,80,PARENT,False,False
8287,8132,SIDE_STORY,True,True
8289,3888,PREQUEL,True,True
8294,2590,ALTERNATIVE,True,True
8302,7148,PARENT,True,True
8310,20790,ALTERNATIVE,True,True
8310,235,CHARACTER,False,False
8310,2514,ALTERNATIVE,True,True
8311,6444,PREQUEL,True,True
8311,9673,SIDE_STORY,True,True
8331,6467,PREQUEL,True,True
8331,235,PARENT,False,False
8336,17263,SIDE_STORY,True,True
8357,8356,PREQUEL,True,True
8357,7175,PARENT,True,True
8357,120831,SEQUEL,True,True
8369,8368,PREQUEL,True,True
8369,10116,SEQUEL,True,True
8369,966,PARENT,False,False
8407,9790,SEQUEL,True,True
8407,5958,PREQUEL,True,True
8408,6746,PARENT,True,True
8409,6130,PREQUEL,True,True
8410,5962,PREQUEL,True,True
8410,10370,SEQUEL,True,True
8410,8245,SIDE_STORY,True,True
8410,136668,CHARACTER,True,False
8424,9581,SIDE_STORY,True,True
8438,1565,PARENT,True,True
8449,110346,OTHER,False,False
8456,6633,PREQUEL,True,True
8456,10924,SEQUEL,True,True
8456,16363,SEQUEL,True,True
8457,4548,ALTERNATIVE,True,True
8457,18497,PARENT,True,True
8460,10620,ALTERNATIVE,True,True
8465,7088,PARENT,True,True
8476,10180,SIDE_STORY,True,True
8479,5060,PREQUEL,True,True
8479,15195,SEQUEL,True,True
8479,10497,SIDE_STORY,True,True
8481,6408,SEQUEL,True,True
8507,7580,PARENT,True,True
8514,6772,PREQUEL,True,True
8514,9252,SEQUEL,True,True
8514,20618,ALTERNATIVE,True,True
8518,99,PARENT,True,True
8525,9675,PREQUEL,True,True
8525,10080,SEQUEL,True,True
8525,17725,SPIN_OFF,True,True
8532,1604,PARENT,True,True
8536,9347,SEQUEL,True,True
8538,6117,PREQUEL,True,True
8557,10378,SEQUEL,True,True
8557,9888,SIDE_STORY,True,True
8557,10849,CHARACTER,False,False
8557,15453,CHARACTER,False,False
8577,6987,PREQUEL,True,True
8599,7590,PARENT,True,True
8609,235,PARENT,False,False
8619,7148,PARENT,True,True
8624,10444,SEQUEL,True,True
8624,552,PARENT,False,False
8635,6112,PARENT,True,True
8648,6772,PARENT,True,True
8666,1064,OTHER,True,False
8668,6500,PARENT,True,True
8675,10119,SEQUEL,True,True
8676,11235,SEQUEL,True,True
8676,9117,SIDE_STORY,True,True
8676,9925,SIDE_STORY,True,True
8706,8710,PREQUEL,True,True
8710,8706,SEQUEL,True,True
8728,18881,SIDE_STORY,True,True
8728,2904,PARENT,True,True
8740,4155,SEQUEL,True,True
8740,21,PARENT,False,False
8768,15895,ALTERNATIVE,True,True
8769,10020,SEQUEL,True,True
8769,21685,CHARACTER,True,False
8769,10719,CHARACTER,True,False
8769,10108,SIDE_STORY,True,True
8769,19727,OTHER,False,False
8795,10739,OTHER,False,False
8795,151799,SEQUEL,True,True
8800,6973,PARENT,True,True
8909,5306,PARENT,True,True
8918,6201,PARENT,True,True
8925,8935,CHARACTER,True,False
8934,12857,ALTERNATIVE,True,True
8937,4654,PREQUEL,True,True
8937,10249,SIDE_STORY,True,True
8937,11743,SIDE_STORY,True,True
8937,100185,SEQUEL,True,True
8950,283,ALTERNATIVE,False,False
8950,5494,PREQUEL,True,True
8950,184639,ALTERNATIVE,True,True
8958,119347,SEQUEL,True,True
8960,10802,SEQUEL,True,True
8960,9797,SIDE_STORY,True,True
8961,7591,ALTERNATIVE,True,True
8961,10324,SEQUEL,True,True
8964,6899,PREQUEL,True,True
8964,140340,PREQUEL,True,True
8964,146171,SIDE_STORY,True,True
8964,147814,SEQUEL,True,True
8964,147815,SEQUEL,True,True
8985,7785,PARENT,True,True
8987,155740,SEQUEL,True,True
9005,4804,PREQUEL,True,True
9005,11773,SEQUEL,True,True
9006,3998,SEQUEL,True,True
9007,1960,PARENT,False,False
9013,6604,PREQUEL,True,True
9013,17753,SIDE_STORY,True,True
9023,1604,PARENT,True,True
9032,5231,PARENT,True,True
9040,80,PARENT,False,False
9047,6213,PARENT,True,True
9055,10232,SEQUEL,True,True
9062,6547,PARENT,True,True
9063,6213,PARENT,True,True
9065,6895,PREQUEL,True,True
9065,13119,ALTERNATIVE,True,True
9074,7647,PREQUEL,True,True
9091,3622,PARENT,True,True
9107,1565,PREQUEL,True,True
9107,14093,SEQUEL,True,True
9107,9917,SIDE_STORY,True,True
9107,10740,SIDE_STORY,True,True
9107,11853,SIDE_STORY,True,True
9107,14123,ALTERNATIVE,True,True
9107,97635,ALTERNATIVE,True,True
9120,9513,ALTERNATIVE,True,True
9121,4334,PARENT,True,True
9124,7720,PARENT,True,True
9127,4038,PARENT,True,True
9136,6707,PARENT,True,True
9159,2130,ALTERNATIVE,True,True
9167,6979,PARENT,True,True
9181,5667,PREQUEL,True,True
9181,13663,SEQUEL,True,True
9201,857,PREQUEL,True,True
9202,6500,PARENT,True,True
9203,7017,PREQUEL,True,True
9203,7791,PARENT,True,True
9204,9395,ALTERNATIVE,True,True
9204,21097,ALTERNATIVE,True,True
9213,10122,SIDE_STORY,True,True
9213,10918,ALTERNATIVE,True,True
9220,6974,PARENT,True,True
9241,4075,PREQUEL,True,True
9241,1544,SEQUEL,True,True
9252,8514,PREQUEL,True,True
9252,9465,SEQUEL,True,True
9252,20618,ALTERNATIVE,True,True
9287,4057,PARENT,True,True
9288,7645,PARENT,True,True
9290,3001,PARENT,True,True
9308,6893,ALTERNATIVE,True,True
9308,21245,SEQUEL,True,True
9309,7712,PREQUEL,True,True
9309,12961,SEQUEL,True,True
9311,3102,PREQUEL,True,True
9312,10443,SEQUEL,True,True
9322,98970,SIDE_STORY,False,False
9328,10101,CHARACTER,True,False
9339,20459,PARENT,True,True
9339,180851,SEQUEL,True,True
9340,7176,PARENT,True,True
9345,6472,ALTERNATIVE,False,False
9346,6901,PREQUEL,True,True
9346,111121,SEQUEL,True,True
9353,62,PARENT,True,True
9353,2595,PARENT,True,True
9355,5277,PARENT,True,True
9362,8277,PARENT,True,True
9395,9204,ALTERNATIVE,True,True
9435,2867,PREQUEL,True,True
9441,6586,PREQUEL,True,True
9465,9252,PREQUEL,True,True
9465,9724,SEQUEL,True,True
9465,20618,ALTERNATIVE,True,True
9487,15839,OTHER,True,False
9487,4365,PREQUEL,True,True
9506,1807,ALTERNATIVE,True,True
9518,3164,PREQUEL,True,True
9536,15069,SEQUEL,False,False
9563,7062,PREQUEL,True,True
9563,11237,SEQUEL,True,True
9581,8424,PARENT,True,True
9600,2530,ALTERNATIVE,True,True
9608,12437,SIDE_STORY,True,True
9627,10908,SEQUEL,True,True
9627,13677,CHARACTER,True,False
9630,7857,PREQUEL,True,True
9630,6634,PARENT,True,True
9673,8311,PARENT,True,True
9675,8525,SEQUEL,True,True
9689,122241,SEQUEL,True,True
9689,122694,CHARACTER,False,False
9744,7897,PREQUEL,True,True
9796,3006,PARENT,True,True
9797,8960,PARENT,True,True
9799,966,PARENT,False,False
9849,7730,PARENT,True,True
9861,9875,CHARACTER,True,False
9865,5060,PARENT,True,True
9875,3080,CHARACTER,True,False
9875,9861,CHARACTER,True,False
9973,6156,PREQUEL,False,False
9973,18489,SEQUEL,False,False
9973,107070,PARENT,False,False
10017,984,ALTERNATIVE,False,False
10017,813,PARENT,False,False
10067,6547,PARENT,True,True
10098,5678,PARENT,True,True
10104,7598,PARENT,True,True
10108,10020,PARENT,True,True
10108,8769,PARENT,True,True
10118,1491,OTHER,False,False
10118,207037,SEQUEL,True,True
10122,9213,PARENT,True,True
10122,10918,PARENT,True,True
10180,8476,PARENT,True,True
10201,6973,PARENT,True,True
10202,6297,PREQUEL,True,True
10256,4127,ALTERNATIVE,True,True
10280,4360,PREQUEL,True,True
10286,3707,PARENT,True,True
10298,7054,PARENT,True,True
10391,8129,PARENT,True,True
10528,10527,PREQUEL,True,True
10528,10524,SEQUEL,True,True
10628,6050,PARENT,True,True
10643,918,PARENT,True,True
10659,20,PARENT,True,True
10659,8246,PARENT,True,True
10855,4331,PREQUEL,True,True
10855,10856,SEQUEL,True,True
10862,22,PARENT,True,True
10886,7592,PARENT,True,True
10918,9213,ALTERNATIVE,True,True
10918,10122,SIDE_STORY,True,True
11069,1565,PARENT,True,True
11787,10033,PARENT,True,True
12723,7598,ALTERNATIVE,True,True
13127,8277,PARENT,True,True
13179,13177,PREQUEL,True,True
13179,13465,SEQUEL,True,True
13511,13503,PARENT,True,True
13819,13817,PREQUEL,True,True
14007,6336,SEQUEL,True,True
14007,86,PARENT,False,False
14007,80,PARENT,False,False
14007,85,PARENT,False,False
14007,87,PARENT,False,False
14007,21658,SEQUEL,True,True
15095,7774,PARENT,True,True
16646,6574,PARENT,True,True
16648,6574,OTHER,True,False
17753,9013,PARENT,True,True
18375,7561,PARENT,True,True
18881,8728,PARENT,True,True
18939,18937,PREQUEL,True,True
18939,18941,SEQUEL,True,True
98208,2033,PARENT,True,True
107255,2104,PARENT,True,True
110465,6682,PARENT,True,True
120831,8357,PREQUEL,True,True
120831,13433,OTHER,True,False
121062,11679,SEQUEL,True,True
121835,1960,PARENT,False,False
124439,124438,PREQUEL,True,True
126880,6481,PREQUEL,True,True
6773,6572,PREQUEL,True,True
6773,2787,PREQUEL,True,True
6880,10418,SIDE_STORY,True,True
6918,6875,CHARACTER,True,False
6918,6919,CHARACTER,True,False
6918,6920,CHARACTER,True,False
6919,6918,CHARACTER,True,False
6920,6918,CHARACTER,True,False
6954,5205,PREQUEL,True,True
6954,14807,SEQUEL,True,True
7014,20500,SEQUEL,True,True
7081,12651,SEQUEL,True,True
7081,119123,OTHER,True,False
7135,6050,PREQUEL,True,True
7222,5310,PREQUEL,True,True
7222,3572,ALTERNATIVE,True,True
7222,129549,SEQUEL,True,True
8063,9926,PARENT,True,True
8241,10301,SIDE_STORY,True,True
8250,2586,PREQUEL,False,False
8250,8017,SEQUEL,True,True
8426,10935,ALTERNATIVE,True,True
8516,9471,PREQUEL,True,True
8516,10834,OTHER,True,False
8516,21467,SIDE_STORY,True,True
8630,10604,SEQUEL,True,True
8630,20991,ALTERNATIVE,True,True
8841,10209,SEQUEL,True,True
8857,10165,PARENT,True,True
8915,12879,SIDE_STORY,True,True
8995,5306,PREQUEL,True,True
8995,12709,SIDE_STORY,True,True
9000,19117,OTHER,True,False
9041,10794,SEQUEL,True,True
9088,17137,SEQUEL,True,True
9117,8676,PARENT,True,True
9130,6171,PREQUEL,True,True
9130,1254,SEQUEL,False,False
9135,5114,PARENT,True,True
9135,10842,SPIN_OFF,True,True
9253,10863,SEQUEL,True,True
9253,20907,SIDE_STORY,True,True
9253,21624,ALTERNATIVE,True,True
9253,11577,SIDE_STORY,True,True
9253,13599,CHARACTER,True,False
9253,10519,CHARACTER,True,False
9253,4975,PARENT,True,True
9289,14175,SIDE_STORY,True,True
9289,102605,OTHER,False,False
9289,207886,OTHER,False,False
9314,121675,OTHER,False,False
9332,10390,SIDE_STORY,True,True
9332,110286,SUMMARY,True,True
9332,48,PARENT,True,True
9347,8536,PREQUEL,True,True
9366,7054,PARENT,True,True
9367,18001,SEQUEL,True,True
9367,10172,SIDE_STORY,True,True
9379,10638,SEQUEL,True,True
140340,6899,PREQUEL,True,True
140340,8964,SEQUEL,True,True
169693,5316,SIDE_STORY,True,True
178147,3500,PREQUEL,True,True
181832,10705,PARENT,False,False
187214,198411,ALTERNATIVE,True,True
187214,198412,ALTERNATIVE,False,False
202418,7254,PREQUEL,True,True
213096,6658,PREQUEL,True,True
9393,62,PARENT,True,True
9396,7627,PARENT,True,True
9471,6347,PREQUEL,True,True
9471,8516,SEQUEL,True,True
9471,10431,SIDE_STORY,True,True
9471,21468,OTHER,True,False
9493,1337,ALTERNATIVE,False,False
9493,1556,ALTERNATIVE,True,True
9510,7627,PREQUEL,True,True
9513,10479,SIDE_STORY,True,True
9513,16532,SIDE_STORY,True,True
9513,13067,SIDE_STORY,True,True
9513,9120,ALTERNATIVE,True,True
9515,8074,PREQUEL,True,True
9539,13145,SEQUEL,True,True
9539,18391,SPIN_OFF,True,True
9539,101594,ALTERNATIVE,True,True
9539,121962,OTHER,True,False
9539,207082,CHARACTER,False,False
9587,10219,SIDE_STORY,True,True
9598,10477,SEQUEL,True,True
9598,7596,ALTERNATIVE,True,True
9598,11785,ALTERNATIVE,True,True
9611,3090,PREQUEL,True,True
9617,7791,PARENT,True,True
9618,6166,PARENT,True,True
9624,12131,SIDE_STORY,True,True
9656,6045,PREQUEL,True,True
9656,10536,SIDE_STORY,True,True
9656,168872,SEQUEL,True,True
9712,5030,PREQUEL,True,True
9712,10945,SIDE_STORY,True,True
9712,10679,OTHER,True,False
9724,9465,PREQUEL,True,True
9724,10092,SEQUEL,True,True
9724,20618,ALTERNATIVE,True,True
9734,7791,PARENT,True,True
9735,7472,PARENT,True,True
9736,10582,SIDE_STORY,True,True
9737,10689,SUMMARY,True,True
9737,10693,SUMMARY,True,True
9737,937,ALTERNATIVE,False,False
9737,54,ALTERNATIVE,True,True
9745,6634,PREQUEL,True,True
9745,18549,SIDE_STORY,True,True
9750,10934,SIDE_STORY,True,True
9750,13137,SIDE_STORY,True,True
9750,12579,OTHER,True,False
9754,8129,PARENT,True,True
9756,11981,SEQUEL,True,True
9756,11977,ALTERNATIVE,True,True
9756,11979,ALTERNATIVE,True,True
9756,101090,CHARACTER,True,False
9756,104051,ALTERNATIVE,True,True
9756,10519,OTHER,True,False
9774,10671,ALTERNATIVE,True,True
9774,11615,ALTERNATIVE,True,True
9776,11339,SEQUEL,True,True
9776,10737,SIDE_STORY,True,True
9790,8407,PREQUEL,True,True
9790,12783,SEQUEL,True,True
9793,5507,CHARACTER,True,False
9834,11061,CHARACTER,True,False
9863,16395,SIDE_STORY,True,True
9863,9969,CHARACTER,True,False
9863,16718,OTHER,True,False
9863,180367,OTHER,True,False
9888,8557,PARENT,True,True
9890,11917,PREQUEL,True,True
9890,100306,SEQUEL,True,True
9893,10821,SIDE_STORY,True,True
9893,603,ALTERNATIVE,True,True
9893,7645,ALTERNATIVE,True,True
9893,100661,ALTERNATIVE,True,True
9893,1932,ALTERNATIVE,True,True
9893,5684,ALTERNATIVE,True,True
9893,1534,ALTERNATIVE,True,True
9893,12191,ALTERNATIVE,True,True
9893,21001,ALTERNATIVE,True,True
9893,21506,ALTERNATIVE,True,True
9893,20577,ALTERNATIVE,True,True
9893,16419,ALTERNATIVE,True,True
9893,98059,ALTERNATIVE,True,True
9893,9979,CHARACTER,True,False
9893,12221,CHARACTER,True,False
9893,16442,CHARACTER,True,False
9893,20549,CHARACTER,True,False
9893,21137,CHARACTER,True,False
9893,21504,CHARACTER,True,False
9893,101908,CHARACTER,True,False
9893,105857,ALTERNATIVE,True,True
9893,112748,ALTERNATIVE,True,True
9893,126905,ALTERNATIVE,True,True
9893,11569,CHARACTER,True,False
9893,10736,CHARACTER,True,False
9893,142080,ALTERNATIVE,True,True
9893,157883,ALTERNATIVE,True,True
9893,159429,CHARACTER,True,False
9893,171030,ALTERNATIVE,True,True
9893,185073,ALTERNATIVE,True,True
9893,188394,CHARACTER,True,False
9893,202957,ALTERNATIVE,True,True
9904,21562,SIDE_STORY,True,True
9904,3747,ALTERNATIVE,True,True
9904,4057,ALTERNATIVE,True,True
9904,3747,ALTERNATIVE,True,True
9917,9107,PARENT,True,True
9917,10740,ALTERNATIVE,True,True
9919,10647,SIDE_STORY,True,True
9919,11266,SIDE_STORY,True,True
9919,11737,SIDE_STORY,True,True
9919,21861,SEQUEL,True,True
9922,10547,OTHER,True,False
9924,6979,PARENT,True,True
9925,8676,PARENT,True,True
9926,11123,SEQUEL,True,True
9926,8063,SIDE_STORY,True,True
9926,20371,OTHER,True,False
9926,3092,CHARACTER,True,False
9934,10936,SIDE_STORY,True,True
9934,13681,SIDE_STORY,True,True
9936,11209,SEQUEL,True,True
9936,12449,SIDE_STORY,True,True
9938,10804,SIDE_STORY,True,True
9938,10832,SIDE_STORY,True,True
9938,10905,SIDE_STORY,True,True
9941,11099,PREQUEL,True,True
9941,12015,ALTERNATIVE,True,True
9941,102628,SIDE_STORY,True,True
9941,12017,SEQUEL,True,True
9958,4192,PREQUEL,True,True
9958,14653,SEQUEL,True,True
9963,10531,SIDE_STORY,True,True
9963,235,PARENT,False,False
9969,918,PREQUEL,True,True
9969,15417,SEQUEL,True,True
9969,9863,CHARACTER,True,False
9969,20760,ALTERNATIVE,True,True
9969,169000,SUMMARY,True,True
9979,8133,PREQUEL,True,True
9979,12221,SEQUEL,True,True
9979,7645,CHARACTER,True,False
9979,1932,CHARACTER,True,False
9979,9893,CHARACTER,True,False
9979,5684,CHARACTER,True,False
9979,603,CHARACTER,True,False
9979,1534,CHARACTER,True,False
9979,11569,OTHER,True,False
9981,12753,SEQUEL,True,True
9982,6702,PARENT,True,True
9989,107342,SIDE_STORY,True,True
9989,15039,ALTERNATIVE,True,True
9999,21,PARENT,False,False
9999,4155,PREQUEL,True,True
9999,12859,SEQUEL,True,True
10012,12187,SIDE_STORY,True,True
10012,15927,SIDE_STORY,True,True
10012,169,CHARACTER,True,False
10012,356,CHARACTER,True,False
10012,19603,CHARACTER,True,False
10012,2593,CHARACTER,True,False
10012,6922,CHARACTER,True,False
10012,10087,CHARACTER,True,False
10012,127149,OTHER,True,False
10012,12565,CHARACTER,True,False
10013,10014,PARENT,True,True
10014,10013,SUMMARY,True,True
10015,15489,SEQUEL,True,True
10015,16574,SIDE_STORY,True,True
10015,481,OTHER,True,False
10015,482,OTHER,True,False
10015,3972,OTHER,True,False
10015,20552,OTHER,True,False
10015,98231,OTHER,True,False
10015,114072,OTHER,True,False
10015,142842,OTHER,True,False
10016,10500,OTHER,True,False
10016,10502,OTHER,True,False
10016,10501,OTHER,True,False
10020,10108,SIDE_STORY,True,True
10020,13659,SEQUEL,True,True
10020,8769,PREQUEL,True,True
10030,7674,PREQUEL,True,True
10030,12365,SEQUEL,True,True
10030,15711,SUMMARY,True,True
10030,102609,SIDE_STORY,False,False
10033,10074,PREQUEL,True,True
10033,17699,SIDE_STORY,True,True
10033,6941,ALTERNATIVE,True,True
10033,11787,SIDE_STORY,True,True
10033,21,CHARACTER,False,False
10049,7592,PREQUEL,True,True
10049,15959,SIDE_STORY,True,True
10073,6500,PREQUEL,True,True
10073,10920,SIDE_STORY,True,True
10074,6941,SEQUEL,True,True
10074,10033,SEQUEL,True,True
10075,1735,PARENT,True,True
10076,6205,PREQUEL,True,True
10079,11161,SEQUEL,True,True
10080,8525,PREQUEL,True,True
10080,10805,SEQUEL,True,True
10083,7724,PARENT,True,True
10087,11741,SEQUEL,True,True
10087,13263,SIDE_STORY,True,True
10087,10012,CHARACTER,True,False
10087,19165,CHARACTER,False,False
10092,9724,PREQUEL,True,True
10092,20618,ALTERNATIVE,True,True
10101,9328,CHARACTER,True,False
10109,10796,SIDE_STORY,True,True
10114,1199,PARENT,False,False
10116,8369,PREQUEL,True,True
10116,12499,SEQUEL,True,True
10116,966,PARENT,False,False
10119,8675,PREQUEL,True,True
10119,20448,SEQUEL,True,True
10155,11783,SEQUEL,True,True
10156,11635,SUMMARY,True,True
10162,11113,SIDE_STORY,True,True
10165,8857,SIDE_STORY,True,True
10165,131044,CHARACTER,False,False
10165,181841,CHARACTER,True,False
10172,9367,PARENT,True,True
10177,967,ALTERNATIVE,False,False
10177,17705,ALTERNATIVE,True,True
10187,8101,OTHER,True,False
10191,12991,SIDE_STORY,True,True
10209,8841,PREQUEL,True,True
10209,10790,SEQUEL,True,True
10213,3229,OTHER,True,False
10216,16241,SEQUEL,True,True
10216,7762,SIDE_STORY,True,True
10217,21834,SIDE_STORY,True,True
10217,3805,ALTERNATIVE,True,True
10217,21865,OTHER,True,False
10219,9587,PARENT,True,True
10232,9055,PREQUEL,True,True
10232,15731,SEQUEL,True,True
10232,11793,SIDE_STORY,True,True
10249,5955,PREQUEL,True,True
10249,107692,SEQUEL,True,True
10249,8937,PARENT,True,True
10257,12863,SEQUEL,True,True
10257,11911,SIDE_STORY,True,True
10257,21409,OTHER,True,False
10257,20917,CHARACTER,True,False
10257,107755,CHARACTER,True,False
10257,136206,CHARACTER,True,False
10257,17249,ALTERNATIVE,True,True
10257,20742,ALTERNATIVE,True,True
10257,101097,ALTERNATIVE,True,True
10257,136119,ALTERNATIVE,True,True
10257,171080,ALTERNATIVE,True,True
10257,184756,CHARACTER,True,False
10257,20620,SUMMARY,True,True
10257,20581,SIDE_STORY,True,True
10260,20538,CHARACTER,True,False
10271,3002,PREQUEL,True,True
10271,101161,SPIN_OFF,True,True
10278,11889,SEQUEL,True,True
10278,4033,ALTERNATIVE,True,True
10278,1694,ALTERNATIVE,True,True
10278,98310,ALTERNATIVE,True,True
10278,120755,SPIN_OFF,True,True
10278,110219,OTHER,True,False
10278,20693,ALTERNATIVE,True,True
10278,137075,CHARACTER,True,False
10278,124082,CHARACTER,False,False
10278,158702,CHARACTER,False,False
10278,162889,ALTERNATIVE,True,True
10278,20267,CHARACTER,True,False
10294,10713,SEQUEL,True,True
10297,15015,SIDE_STORY,True,True
10297,8057,PARENT,True,True
10301,8241,PARENT,True,True
10302,1565,PREQUEL,True,True
10321,12711,SEQUEL,True,True
10321,115045,CHARACTER,False,False
10321,145798,CHARACTER,False,False
10324,8961,PREQUEL,True,True
10330,7334,PREQUEL,True,True
10336,97,PREQUEL,True,True
10336,21469,ALTERNATIVE,True,True
10338,208834,SIDE_STORY,True,True
10346,7793,PREQUEL,True,True
10346,140009,ALTERNATIVE,False,False
10348,4362,SEQUEL,True,True
10348,100282,PREQUEL,True,True
10350,6895,PARENT,True,True
10359,6008,ALTERNATIVE,True,True
10359,8217,ALTERNATIVE,True,True
10359,12963,ALTERNATIVE,True,True
10359,17497,ALTERNATIVE,True,True
10359,113689,ALTERNATIVE,True,True
10359,20784,ALTERNATIVE,True,True
10359,21134,ALTERNATIVE,True,True
10361,3572,PARENT,True,True
10370,8410,PREQUEL,True,True
10370,13231,SEQUEL,True,True
10372,11715,SIDE_STORY,True,True
10378,8557,PREQUEL,True,True
10378,13267,SEQUEL,True,True
10379,5300,PREQUEL,True,True
10379,11665,SEQUEL,True,True
10380,6893,PREQUEL,True,True
10380,11879,SEQUEL,True,True
10390,9332,PARENT,True,True
10396,12447,OTHER,True,False
10397,13757,SIDE_STORY,True,True
10397,14049,SIDE_STORY,True,True
10407,11501,SEQUEL,False,False
10418,6880,PARENT,True,True
10420,4816,PREQUEL,True,True
10431,9471,PARENT,True,True
10443,9312,PREQUEL,True,True
10444,8624,PREQUEL,True,True
10444,11385,SEQUEL,True,True
10456,13669,PREQUEL,True,True
10456,12487,SEQUEL,True,True
10456,104211,OTHER,True,False
10456,104367,SIDE_STORY,True,True
10457,101020,CHARACTER,True,False
10458,18525,SEQUEL,True,True
10458,7969,ALTERNATIVE,True,True
10459,11589,SEQUEL,True,True
10460,11739,SEQUEL,True,True
10465,10845,SIDE_STORY,True,True
10465,12239,SIDE_STORY,True,True
10477,9598,PREQUEL,True,True
10479,9513,PARENT,True,True
10483,6634,PARENT,True,True
10490,10681,SEQUEL,True,True
10490,14077,SIDE_STORY,True,True
10490,150,OTHER,True,False
10490,405,OTHER,True,False
10490,861,OTHER,True,False
10491,1889,PARENT,True,True
10495,12403,SEQUEL,True,True
10495,12665,SIDE_STORY,True,True
10495,167984,SPIN_OFF,True,True
10497,8479,PARENT,True,True
10500,10016,OTHER,True,False
10500,10502,OTHER,True,False
10500,10501,OTHER,True,False
10501,10016,OTHER,True,False
10501,10500,OTHER,True,False
10501,10502,OTHER,True,False
10501,207886,OTHER,False,False
10502,10016,OTHER,True,False
10502,10500,OTHER,True,False
10502,10501,OTHER,True,False
10507,5231,PREQUEL,True,True
10507,13261,SEQUEL,True,True
10507,10999,SIDE_STORY,True,True
10507,16964,OTHER,True,False
10513,5397,PREQUEL,True,True
10513,16347,SEQUEL,True,True
10519,20455,CHARACTER,True,False
10519,9253,CHARACTER,True,False
10519,5682,CHARACTER,True,False
10519,4975,CHARACTER,True,False
10519,9756,PARENT,True,True
10521,6956,PREQUEL,True,True
10521,20819,SEQUEL,True,True
10521,10532,OTHER,True,False
10524,10528,PREQUEL,True,True
10524,21021,SEQUEL,True,True
10531,9963,PREQUEL,True,True
10531,235,PARENT,False,False
10532,10521,PARENT,True,True
10532,21764,CHARACTER,True,False
10533,10997,SEQUEL,True,True
10534,8687,PARENT,True,True
10534,2665,ALTERNATIVE,False,False
10536,9656,PARENT,True,True
10540,104009,ALTERNATIVE,True,True
10541,11609,SEQUEL,True,True
10547,9922,OTHER,True,False
10572,15807,SEQUEL,True,True
10573,5751,PREQUEL,True,True
10573,13073,SIDE_STORY,True,True
10578,12505,SIDE_STORY,True,True
10582,9736,PARENT,True,True
10588,13587,SEQUEL,True,True
10588,14267,SUMMARY,True,True
10588,20713,ALTERNATIVE,True,True
10588,3366,OTHER,True,False
10588,99693,OTHER,True,False
10588,14407,OTHER,True,False
10588,127042,SIDE_STORY,True,True
10588,127045,SIDE_STORY,False,False
10589,1735,PARENT,True,True
10589,10686,OTHER,True,False
10590,21667,CHARACTER,True,False
10592,12223,SEQUEL,True,True
10592,168,PARENT,True,True
10604,8630,PREQUEL,True,True
10611,10933,SEQUEL,True,True
10620,16762,SEQUEL,True,True
10620,12503,SIDE_STORY,True,True
10620,8460,ALTERNATIVE,True,True
10624,8100,PREQUEL,True,True
10624,12053,SEQUEL,True,True
10647,9919,PARENT,True,True
10668,19051,OTHER,True,False
10671,11615,SEQUEL,True,True
10671,12921,SIDE_STORY,True,True
10671,9774,ALTERNATIVE,True,True
10684,1960,PARENT,False,False
10685,1960,PARENT,False,False
10686,1735,PARENT,True,True
10686,10589,PARENT,True,True
10689,10693,SEQUEL,True,True
10689,9737,PARENT,True,True
10693,10689,PREQUEL,True,True
10693,9737,PARENT,True,True
10702,153906,CHARACTER,True,False
10703,235,PARENT,False,False
10713,10294,PREQUEL,True,True
10713,10714,SEQUEL,True,True
10714,10713,PREQUEL,True,True
10714,10715,SEQUEL,True,True
10715,10714,PREQUEL,True,True
10715,10716,SEQUEL,True,True
10716,10715,PREQUEL,True,True
10716,10717,SEQUEL,True,True
10717,10716,PREQUEL,True,True
10719,14027,SEQUEL,True,True
10719,10897,PREQUEL,True,True
10719,8769,CHARACTER,True,False
10721,132232,ALTERNATIVE,True,True
10721,148179,ALTERNATIVE,True,True
10731,22,PARENT,True,True
10736,1534,CHARACTER,True,False
10736,1929,CHARACTER,True,False
10736,5684,CHARACTER,True,False
10736,3692,CHARACTER,True,False
10736,7645,CHARACTER,True,False
10736,9893,CHARACTER,True,False
10737,9776,PARENT,True,True
10740,9107,PARENT,True,True
10740,9917,ALTERNATIVE,True,True
10779,12997,CHARACTER,True,False
10793,13411,PREQUEL,True,True
10793,13561,SIDE_STORY,True,True
10793,17949,CHARACTER,False,False
10794,9041,PREQUEL,True,True
10794,18247,SEQUEL,True,True
10796,10109,PARENT,True,True
10798,11531,PREQUEL,True,True
10798,12411,OTHER,False,False
10800,14397,SEQUEL,True,True
10800,143391,CHARACTER,True,False
10801,208831,SIDE_STORY,True,True
10802,8960,PREQUEL,True,True
10804,9938,PARENT,True,True
10805,10080,PREQUEL,True,True
10805,15117,SEQUEL,True,True
10805,11583,OTHER,False,False
10808,17655,SUMMARY,True,True
10808,80,PARENT,False,False
10808,212323,CHARACTER,True,False
10821,9893,PARENT,True,True
10832,9938,PARENT,True,True
10834,8516,PARENT,True,True
10834,21467,PARENT,True,True
10842,9135,PARENT,True,True
10845,10465,PARENT,True,True
10856,10855,PREQUEL,True,True
10893,15359,SEQUEL,True,True
10893,19703,OTHER,True,False
10897,10719,SEQUEL,True,True
10905,9938,PARENT,True,True
10908,9627,PREQUEL,True,True
10908,145707,SIDE_STORY,True,True
10920,10073,PARENT,True,True
10923,7768,PARENT,True,True
10924,8456,PREQUEL,True,True
10924,11859,SEQUEL,True,True
10924,12065,SIDE_STORY,True,True
10933,10611,PREQUEL,True,True
10934,9750,PARENT,True,True
10934,8086,CHARACTER,True,False
10935,8426,ALTERNATIVE,True,True
10945,9712,PARENT,True,True
10950,1566,PARENT,True,True
10954,19799,OTHER,True,False
10997,10533,PREQUEL,True,True
10999,10507,PARENT,True,True
11017,5082,ALTERNATIVE,True,True
11017,19825,ALTERNATIVE,True,True
11017,21635,ALTERNATIVE,True,True
11017,14913,ALTERNATIVE,True,True
11017,21020,ALTERNATIVE,True,True
11017,6901,ALTERNATIVE,True,True
11017,187990,ALTERNATIVE,True,True
11061,13271,SIDE_STORY,True,True
11061,136,ALTERNATIVE,False,False
11061,137,ALTERNATIVE,True,True
11061,138,ALTERNATIVE,True,True
11061,139,ALTERNATIVE,True,True
11061,19951,SIDE_STORY,True,True
11061,99530,OTHER,False,False
11061,9834,CHARACTER,True,False
11077,777,SEQUEL,True,True
11077,21123,CHARACTER,True,False
11099,9941,SEQUEL,True,True
11103,14237,ALTERNATIVE,True,True
11113,10162,PARENT,True,True
11123,9926,PREQUEL,True,True
11123,111305,SEQUEL,True,True
11161,10079,PREQUEL,True,True
11177,15547,SEQUEL,False,False
11237,9563,PREQUEL,True,True
11237,11239,SEQUEL,True,True
11255,7580,PREQUEL,True,True
11255,87475,SEQUEL,True,True
11266,9919,PARENT,True,True
11349,103611,OTHER,True,False
11355,15439,OTHER,True,False
11355,20781,OTHER,True,False
11355,21435,OTHER,True,False
11359,6033,PREQUEL,True,True
11359,20635,SEQUEL,True,True
11385,10444,PREQUEL,True,True
11385,552,CHARACTER,False,False
11385,1313,CHARACTER,True,False
11385,874,CHARACTER,True,False
11385,859,CHARACTER,True,False
11385,1132,CHARACTER,True,False
11441,45,PARENT,False,False
11505,2106,PARENT,True,True
11531,10798,SEQUEL,True,True
11553,4224,PARENT,True,True
11569,9979,PARENT,True,True
11569,5684,CHARACTER,True,False
11569,1534,CHARACTER,True,False
11569,3692,CHARACTER,True,False
11569,9893,CHARACTER,True,False
11569,1932,CHARACTER,True,False
11569,1929,CHARACTER,True,False
11569,7645,CHARACTER,True,False
11569,603,CHARACTER,True,False
11589,10459,PREQUEL,True,True
11609,10541,PREQUEL,True,True
11615,10671,PREQUEL,True,True
11615,12921,SIDE_STORY,True,True
11615,9774,ALTERNATIVE,True,True
11663,6895,PARENT,True,True
11699,6148,PREQUEL,True,True
11715,10372,PARENT,True,True
11731,8025,PARENT,True,True
11733,8025,PREQUEL,True,True
11745,16059,SEQUEL,True,True
11777,1412,PARENT,False,False
11809,16912,SEQUEL,True,True
11809,100527,SPIN_OFF,True,True
11853,9107,PARENT,True,True
11855,13559,SEQUEL,True,True
11879,10380,PREQUEL,True,True
11879,20852,SEQUEL,True,True
11911,10257,PARENT,True,True
12001,21,PARENT,False,False
12065,10924,PARENT,True,True
12131,9624,PARENT,True,True
12143,20934,OTHER,True,False
12187,10012,PARENT,True,True
12231,813,PARENT,False,False
12239,10465,PARENT,True,True
12373,13917,SIDE_STORY,True,True
12447,10396,PARENT,True,True
12449,9936,PARENT,True,True
12565,356,ALTERNATIVE,True,True
12565,6922,ALTERNATIVE,True,True
12565,19603,ALTERNATIVE,True,True
12565,20791,ALTERNATIVE,True,True
12565,10012,CHARACTER,True,False
12579,9750,PARENT,True,True
12665,10495,PARENT,True,True
12709,8995,PARENT,True,True
12991,10191,PARENT,True,True
13067,9513,PARENT,True,True
13073,10573,PARENT,True,True
13499,4737,PARENT,True,True
13501,13503,ALTERNATIVE,True,True
13681,9934,PARENT,True,True
13829,13817,PARENT,True,True
13993,6787,PREQUEL,True,True
15015,10297,PARENT,True,True
16373,16371,PREQUEL,False,False
16373,16377,SEQUEL,True,True
16373,17163,SIDE_STORY,False,False
16377,16373,PREQUEL,True,True
16377,17359,SEQUEL,True,True
16718,9863,PARENT,True,True
18549,9745,PARENT,True,True
21467,8516,PARENT,True,True
21467,10834,OTHER,True,False
21468,9471,PARENT,True,True
104367,10456,PARENT,True,True
106507,108743,SEQUEL,True,True
106572,2107,SEQUEL,True,True
106572,21,PARENT,False,False
107299,6721,PREQUEL,True,True
108339,1520,PREQUEL,False,False
119347,8958,PREQUEL,True,True
3785,3784,PREQUEL,True,True
3785,3786,SEQUEL,True,True
3785,101092,CHARACTER,False,False
3785,100330,CHARACTER,False,False
3785,155399,SIDE_STORY,True,True
5784,719,ALTERNATIVE,False,False
7781,2042,PARENT,False,False
7867,125271,SEQUEL,True,True
8888,15197,SEQUEL,True,True
8888,1575,OTHER,True,False
8917,14817,SEQUEL,True,True
9544,3446,PREQUEL,True,True
9751,20650,PREQUEL,True,True
9751,103119,SEQUEL,True,True
9988,1569,PREQUEL,True,True
9988,138717,SEQUEL,True,True
10153,4985,PREQUEL,True,True
10153,17947,SEQUEL,True,True
10153,77,ALTERNATIVE,True,True
10153,108549,SIDE_STORY,True,True
10153,108729,SIDE_STORY,True,True
10218,12113,SEQUEL,True,True
10218,33,ALTERNATIVE,False,False
10218,155011,ALTERNATIVE,True,True
10357,15617,SIDE_STORY,True,True
10447,478,PREQUEL,True,True
10447,21115,SEQUEL,True,True
10447,21119,OTHER,True,False
10464,5909,PREQUEL,True,True
10464,15963,SIDE_STORY,True,True
10469,7044,PREQUEL,True,True
10638,9379,PREQUEL,True,True
10681,10490,PREQUEL,True,True
10681,150,OTHER,True,False
10681,405,OTHER,True,False
10681,861,CHARACTER,True,False
10790,10209,PREQUEL,True,True
10790,15437,SEQUEL,True,True
10863,9253,PREQUEL,True,True
10863,11577,SEQUEL,True,True
10884,15989,SEQUEL,True,True
10884,16123,PARENT,True,True
10884,97610,SIDE_STORY,True,True
10928,6023,PREQUEL,True,True
10936,9934,PARENT,True,True
11001,3613,PREQUEL,True,True
11013,13403,SEQUEL,True,True
11021,21201,PREQUEL,True,True
11021,112716,PARENT,True,True
11053,8687,PARENT,True,True
11079,20039,SIDE_STORY,True,True
11111,11701,PREQUEL,True,True
11111,20365,SIDE_STORY,False,False
11111,207886,OTHER,False,False
11179,12673,SEQUEL,True,True
11209,9936,PREQUEL,True,True
11209,15565,SEQUEL,True,True
11227,13727,SEQUEL,True,True
11227,14583,SIDE_STORY,True,True
11235,8676,PREQUEL,True,True
11235,97730,SEQUEL,True,True
11235,12669,SIDE_STORY,True,True
11235,15951,SIDE_STORY,True,True
11239,11237,PREQUEL,True,True
11239,17739,SEQUEL,True,True
121075,121074,PREQUEL,True,True
121714,2389,PARENT,False,False
126885,8206,PREQUEL,True,True
145707,10908,PARENT,True,True
146171,8964,PARENT,True,True
206863,166051,OTHER,True,False
207037,10118,PREQUEL,True,True
208834,10338,PARENT,True,True
11285,7059,ALTERNATIVE,True,True
11285,12079,CHARACTER,True,False
11313,17741,SEQUEL,True,True
11319,3712,PREQUEL,True,True
11339,9776,PREQUEL,True,True
11339,98897,SEQUEL,True,True
11341,7768,PREQUEL,True,True
11341,17267,SEQUEL,True,True
11341,14647,ALTERNATIVE,True,True
11371,13245,SIDE_STORY,True,True
11371,20941,SEQUEL,True,True
11371,113254,PREQUEL,True,True
11375,15219,SIDE_STORY,True,True
11433,20659,SIDE_STORY,True,True
11491,13377,SEQUEL,True,True
11491,14627,SIDE_STORY,True,True
11499,16694,SEQUEL,True,True
11499,13055,SIDE_STORY,True,True
11597,5081,PREQUEL,True,True
11597,17074,SEQUEL,True,True
11597,21520,SIDE_STORY,True,True
11597,102859,OTHER,False,False
11617,13357,SIDE_STORY,True,True
11617,12729,SIDE_STORY,True,True
11617,15451,SEQUEL,True,True
11635,10156,PARENT,True,True
11635,13927,OTHER,True,False
11665,10379,PREQUEL,True,True
11665,18849,SIDE_STORY,True,True
11665,20478,SIDE_STORY,True,True
11665,21710,SEQUEL,True,True
11701,11111,SEQUEL,True,True
11703,15633,SIDE_STORY,True,True
11737,9919,PARENT,True,True
11737,13677,CHARACTER,True,False
11739,10460,PREQUEL,True,True
11741,10087,PREQUEL,True,True
11741,19603,SEQUEL,True,True
11741,20791,SEQUEL,True,True
11741,356,SEQUEL,True,True
11741,6922,SEQUEL,True,True
11741,13263,SIDE_STORY,True,True
11741,106918,SPIN_OFF,True,True
11751,15793,SEQUEL,True,True
11755,1678,ALTERNATIVE,True,True
11755,4690,ALTERNATIVE,False,False
11755,8394,ALTERNATIVE,False,False
11755,87481,SEQUEL,True,True
11757,20021,SEQUEL,True,True
11757,20594,SEQUEL,True,True
11757,124140,ALTERNATIVE,True,True
11757,16099,OTHER,True,False
11757,156631,OTHER,False,False
11757,21685,CHARACTER,True,False
11757,157058,CHARACTER,False,False
11757,208754,ALTERNATIVE,True,True
11759,13939,SEQUEL,True,True
11759,13859,SIDE_STORY,True,True
11759,21404,OTHER,True,False
11761,14527,SEQUEL,True,True
11769,19431,SIDE_STORY,True,True
11771,16916,PREQUEL,True,True
11771,16894,SEQUEL,True,True
11771,17259,SIDE_STORY,True,True
11771,15487,OTHER,True,False
11771,102093,SUMMARY,True,True
11771,19669,SIDE_STORY,True,True
11771,156053,CHARACTER,False,False
11771,21170,CHARACTER,True,False
11773,9005,PREQUEL,True,True
11783,10155,PREQUEL,True,True
11783,16385,SEQUEL,True,True
11783,17419,SUMMARY,False,False
11785,15699,SEQUEL,True,True
11785,18713,SIDE_STORY,True,True
11785,7596,ALTERNATIVE,True,True
11785,9598,ALTERNATIVE,True,True
11793,10232,PARENT,True,True
11813,1559,PREQUEL,True,True
11813,101928,SEQUEL,True,True
11813,101928,OTHER,True,False
11827,132209,SEQUEL,True,True
11843,12893,SIDE_STORY,True,True
11859,10924,PREQUEL,True,True
11859,13855,SIDE_STORY,True,True
11859,14663,CHARACTER,True,False
11859,16363,PREQUEL,True,True
11887,16001,SEQUEL,True,True
11889,10278,PREQUEL,True,True
11889,14835,SEQUEL,True,True
11917,7655,PREQUEL,True,True
11917,9890,SEQUEL,True,True
11977,11979,SEQUEL,True,True
11977,9756,ALTERNATIVE,True,True
11979,11977,PREQUEL,True,True
11979,11981,SEQUEL,True,True
11979,9756,ALTERNATIVE,True,True
12015,9941,ALTERNATIVE,True,True
12029,1650,ALTERNATIVE,False,False
12029,21730,SEQUEL,True,True
12029,110732,SUMMARY,True,True
12029,20690,SIDE_STORY,True,True
12031,17389,SEQUEL,True,True
12049,17535,PREQUEL,True,True
12049,6702,PARENT,True,True
12053,10624,PREQUEL,True,True
12113,10218,PREQUEL,True,True
12113,12115,SEQUEL,True,True
12113,33,ALTERNATIVE,False,False
12113,155011,ALTERNATIVE,True,True
12117,235,PARENT,False,False
12117,13837,SIDE_STORY,True,True
12119,15431,SEQUEL,True,True
12123,14693,SEQUEL,True,True
12123,14949,SIDE_STORY,True,True
12123,6148,PARENT,True,True
12149,14941,SEQUEL,True,True
12175,18045,SEQUEL,True,True
12175,18053,OTHER,True,False
12189,13469,SIDE_STORY,True,True
12191,15307,SIDE_STORY,True,True
12191,603,ALTERNATIVE,True,True
12191,100661,ALTERNATIVE,True,True
12191,1932,ALTERNATIVE,True,True
12191,5684,ALTERNATIVE,True,True
12191,7645,ALTERNATIVE,True,True
12191,1534,ALTERNATIVE,True,True
12191,9893,ALTERNATIVE,True,True
12191,21506,ALTERNATIVE,True,True
12191,20577,ALTERNATIVE,True,True
12191,16419,ALTERNATIVE,True,True
12191,98059,ALTERNATIVE,True,True
12191,21001,ALTERNATIVE,True,True
12191,12221,CHARACTER,True,False
12191,16442,CHARACTER,True,False
12191,20549,CHARACTER,True,False
12191,21137,CHARACTER,True,False
12191,21504,CHARACTER,True,False
12191,101908,CHARACTER,True,False
12191,112748,ALTERNATIVE,True,True
12191,126905,ALTERNATIVE,True,True
12191,105857,ALTERNATIVE,True,True
12191,142080,ALTERNATIVE,True,True
12191,157883,ALTERNATIVE,True,True
12191,159429,CHARACTER,True,False
12191,171030,ALTERNATIVE,True,True
12191,185073,ALTERNATIVE,True,True
12191,202957,ALTERNATIVE,True,True
12221,16442,SEQUEL,True,True
12221,9979,PREQUEL,True,True
12221,1932,CHARACTER,True,False
12221,603,CHARACTER,True,False
12221,7645,CHARACTER,True,False
12221,9893,CHARACTER,True,False
12221,1534,CHARACTER,True,False
12221,12191,CHARACTER,True,False
12221,5684,CHARACTER,True,False
12223,10592,PREQUEL,True,True
12223,168,PARENT,True,True
12281,13727,PREQUEL,True,True
12281,18639,SIDE_STORY,True,True
12291,16273,SEQUEL,True,True
12291,18531,SIDE_STORY,True,True
12317,14173,SIDE_STORY,True,True
12321,12727,SIDE_STORY,True,True
12321,13983,SIDE_STORY,True,True
12321,13967,SIDE_STORY,False,False
12321,13969,SIDE_STORY,False,False
12321,18003,SIDE_STORY,True,True
12321,13965,SIDE_STORY,False,False
12321,110245,OTHER,True,False
12321,125447,ALTERNATIVE,True,True
12365,10030,PREQUEL,True,True
12365,15711,PREQUEL,True,True
12365,102608,SIDE_STORY,False,False
12367,15505,SIDE_STORY,True,True
12367,15769,SIDE_STORY,True,True
12403,10495,PREQUEL,True,True
12403,20625,SEQUEL,True,True
12413,13331,SEQUEL,True,True
12431,20559,PREQUEL,True,True
12431,20561,SIDE_STORY,True,True
12431,17573,SEQUEL,True,True
12437,9608,SIDE_STORY,True,True
12445,14189,SEQUEL,True,True
12461,14645,SEQUEL,True,True
12461,16928,SIDE_STORY,True,True
12467,13093,SIDE_STORY,True,True
12471,237,PREQUEL,True,True
12471,14875,SIDE_STORY,True,True
12471,101339,SEQUEL,True,True
12487,10456,PREQUEL,True,True
12487,104211,SEQUEL,True,True
12499,10116,PREQUEL,True,True
12499,966,PARENT,False,False
12499,17113,SEQUEL,True,True
12503,10620,PARENT,True,True
12505,10578,PARENT,True,True
12549,14893,SEQUEL,True,True
12651,7081,PREQUEL,True,True
12651,17917,SEQUEL,True,True
12651,15785,SIDE_STORY,True,True
12651,119123,OTHER,True,False
12669,11235,PARENT,True,True
12671,13799,SIDE_STORY,True,True
12671,14093,PARENT,True,True
12673,11179,PREQUEL,True,True
12673,17875,SEQUEL,True,True
12679,15591,SEQUEL,True,True
12685,2904,PARENT,True,True
12699,445,CHARACTER,True,False
12699,1731,CHARACTER,True,False
12699,4884,CHARACTER,True,False
12699,6046,CHARACTER,True,False
12727,12321,PARENT,True,True
12729,11617,PARENT,True,True
12753,9981,PREQUEL,True,True
12753,15651,SEQUEL,True,True
12823,7375,PREQUEL,True,True
12859,16239,PREQUEL,True,True
12859,16468,PREQUEL,True,True
12859,21,PARENT,False,False
12859,9999,PREQUEL,True,True
12863,10257,PREQUEL,True,True
12863,20917,CHARACTER,True,False
12863,107755,CHARACTER,True,False
12863,136206,CHARACTER,True,False
12863,20581,SIDE_STORY,True,True
12863,20620,SUMMARY,True,True
12875,15993,SUMMARY,True,True
12879,8915,PARENT,True,True
12883,104739,SIDE_STORY,False,False
12893,11843,PARENT,True,True
12921,11615,PARENT,True,True
12929,1259,PREQUEL,True,True
12961,9309,PREQUEL,True,True
12961,21060,OTHER,True,False
12963,12965,SIDE_STORY,True,True
12963,6008,ALTERNATIVE,True,True
12963,8217,ALTERNATIVE,True,True
12963,10359,ALTERNATIVE,True,True
12963,20784,ALTERNATIVE,True,True
12963,17497,ALTERNATIVE,True,True
12963,21134,ALTERNATIVE,True,True
12963,113689,ALTERNATIVE,True,True
12965,12963,PARENT,True,True
12965,14947,OTHER,True,False
12967,15411,SIDE_STORY,True,True
12979,1735,PARENT,True,True
12995,3728,ALTERNATIVE,True,True
12997,10779,CHARACTER,True,False
13029,1961,ALTERNATIVE,True,True
13055,16694,PREQUEL,True,True
13055,11499,PARENT,True,True
13093,12467,PARENT,True,True
13115,6895,SEQUEL,True,True
13137,9750,PARENT,True,True
13139,17147,SEQUEL,True,True
13141,20689,CHARACTER,True,False
13143,2156,PARENT,True,True
13143,177121,SEQUEL,True,True
13145,9539,PREQUEL,True,True
13145,15611,SEQUEL,True,True
13161,15729,SIDE_STORY,True,True
13161,14663,CHARACTER,True,False
13169,13175,OTHER,True,False
13169,13173,OTHER,True,False
13169,13171,OTHER,True,False
13171,13169,OTHER,True,False
13171,13175,OTHER,True,False
13171,13173,OTHER,True,False
13173,13169,OTHER,True,False
13173,13175,OTHER,True,False
13173,13171,OTHER,True,False
13175,13169,OTHER,True,False
13175,13173,OTHER,True,False
13175,13171,OTHER,True,False
13185,197976,SEQUEL,True,True
13203,1412,ALTERNATIVE,False,False
13203,20978,SEQUEL,True,True
13207,4737,PARENT,True,True
13215,8450,ALTERNATIVE,False,False
13215,209015,ALTERNATIVE,False,False
13231,10370,PREQUEL,True,True
13231,136110,SEQUEL,True,True
13231,288,OTHER,True,False
13245,11371,PARENT,True,True
13247,1412,PARENT,False,False
13247,101497,OTHER,False,False
13247,16183,OTHER,True,False
13249,1412,PARENT,False,False
13261,10507,PREQUEL,True,True
13261,18097,SEQUEL,True,True
13261,15785,SIDE_STORY,True,True
13263,10087,PARENT,True,True
13263,11741,PARENT,True,True
13267,10378,PREQUEL,True,True
13331,12413,PREQUEL,True,True
13333,20847,SIDE_STORY,True,True
13333,102605,OTHER,False,False
13333,207886,OTHER,False,False
13349,16119,SIDE_STORY,False,False
13357,11617,PARENT,True,True
13367,15609,SEQUEL,True,True
13377,11491,PREQUEL,True,True
13377,18099,SEQUEL,True,True
13403,11013,PREQUEL,True,True
13409,3001,PREQUEL,True,True
13409,104480,PARENT,False,False
13411,10793,SEQUEL,True,True
13427,18843,SPIN_OFF,False,False
13429,12477,SEQUEL,True,True
13431,7175,PREQUEL,True,True
13431,18241,SEQUEL,True,True
13433,120831,PARENT,True,True
13465,13179,PREQUEL,True,True
13465,116908,SEQUEL,True,True
13469,12189,PARENT,True,True
13559,11855,PREQUEL,True,True
13561,10793,PARENT,True,True
13587,10588,PREQUEL,True,True
13599,9253,CHARACTER,True,False
13599,4975,PARENT,True,True
13601,20513,SEQUEL,True,True
13601,17901,OTHER,False,False
13619,2605,PARENT,True,True
13629,21017,OTHER,False,False
13655,18195,SEQUEL,True,True
13655,17643,SIDE_STORY,True,True
13655,104749,OTHER,True,False
13655,132528,CHARACTER,True,False
13655,143150,CHARACTER,True,False
13663,9181,PREQUEL,True,True
13663,13851,SIDE_STORY,True,True
13663,20995,SEQUEL,True,True
13667,1735,PARENT,True,True
13669,10456,SEQUEL,True,True
13677,11737,CHARACTER,True,False
13677,9627,CHARACTER,True,False
13693,3008,CHARACTER,False,False
13727,11227,PREQUEL,True,True
13727,12281,SEQUEL,True,True
13731,237,PARENT,True,True
13757,10397,PARENT,True,True
13767,3092,PARENT,True,True
13799,14093,PARENT,True,True
13807,15037,SEQUEL,True,True
13821,13823,SIDE_STORY,True,True
13821,13817,PARENT,True,True
13823,13821,PARENT,True,True
13825,13817,PARENT,True,True
13827,13817,PARENT,True,True
13831,13817,PARENT,True,True
13833,15717,ALTERNATIVE,True,True
13837,235,PARENT,False,False
13837,12117,PARENT,True,True
13839,235,PARENT,False,False
13851,13663,PARENT,True,True
13855,11859,PARENT,True,True
13859,11759,PARENT,True,True
13917,12373,PARENT,True,True
13927,11635,PARENT,True,True
13937,2276,PREQUEL,True,True
13939,11759,PREQUEL,True,True
13983,12321,PARENT,True,True
14027,10719,PREQUEL,True,True
14027,14967,SEQUEL,True,True
14047,5427,PREQUEL,True,True
14049,10397,PARENT,True,True
14073,14889,SIDE_STORY,True,True
14073,16508,SIDE_STORY,True,True
14077,10490,PARENT,True,True
14093,9107,PREQUEL,True,True
14093,17115,SEQUEL,True,True
14093,12671,SIDE_STORY,True,True
14093,126294,OTHER,False,False
14093,14935,SIDE_STORY,True,True
14095,966,CHARACTER,False,False
14123,9107,ALTERNATIVE,True,True
14129,148112,SEQUEL,True,True
14131,18617,SEQUEL,True,True
14131,15811,SIDE_STORY,True,True
14131,18619,SIDE_STORY,True,True
14131,130362,OTHER,False,False
14131,154147,OTHER,False,False
14131,188034,SPIN_OFF,True,True
14131,209312,SPIN_OFF,True,True
14173,12317,PARENT,True,True
14189,12445,PREQUEL,True,True
14199,15881,SIDE_STORY,True,True
14227,16866,SPIN_OFF,True,True
14237,16614,SEQUEL,True,True
14237,11103,ALTERNATIVE,True,True
14267,10588,PARENT,True,True
14277,16319,SIDE_STORY,True,True
14277,20689,CHARACTER,True,False
14289,16868,SIDE_STORY,True,True
14289,17409,SIDE_STORY,True,True
14333,17969,SEQUEL,True,True
14381,1960,PARENT,False,False
14467,16904,SEQUEL,True,True
14467,21798,SIDE_STORY,True,True
14513,18115,SEQUEL,True,True
14513,20609,SIDE_STORY,True,True
14513,21394,PREQUEL,True,True
14527,11761,PREQUEL,True,True
14537,5848,CHARACTER,True,False
14537,168635,CHARACTER,True,False
14543,20860,ALTERNATIVE,True,True
14563,19207,SEQUEL,True,True
14575,5162,PREQUEL,True,True
14575,14511,SEQUEL,True,True
14583,11227,PARENT,True,True
14621,3559,PARENT,True,True
14627,11491,PARENT,True,True
14629,101913,SEQUEL,True,True
14629,2516,ALTERNATIVE,False,False
14631,18601,ALTERNATIVE,True,True
14631,10987,PREQUEL,True,True
14645,12461,PREQUEL,True,True
14647,11341,ALTERNATIVE,True,True
14653,9958,PREQUEL,True,True
14653,16982,SEQUEL,True,True
14663,11859,CHARACTER,True,False
14663,13161,CHARACTER,True,False
14693,12123,PREQUEL,True,True
14713,18661,SIDE_STORY,True,True
14713,20801,SEQUEL,True,True
14719,3603,ALTERNATIVE,True,True
14719,20474,SEQUEL,True,True
14741,16934,SEQUEL,True,True
14741,15687,SIDE_STORY,True,True
14741,15879,SIDE_STORY,True,True
14741,19021,SUMMARY,True,True
14753,124080,ALTERNATIVE,True,True
14835,17437,SEQUEL,True,True
14835,11889,PREQUEL,True,True
14875,12471,PARENT,True,True
14913,19877,SEQUEL,True,True
14913,5082,ALTERNATIVE,True,True
14913,19825,ALTERNATIVE,True,True
14913,11017,ALTERNATIVE,True,True
14913,21020,ALTERNATIVE,True,True
14913,6901,ALTERNATIVE,True,True
14913,187990,ALTERNATIVE,True,True
14935,14093,PARENT,True,True
14947,2489,PARENT,True,True
14947,12965,PARENT,True,True
14949,12123,PARENT,True,True
14993,16644,OTHER,True,False
14995,101020,CHARACTER,True,False
15043,17727,SEQUEL,True,True
15059,18,PREQUEL,True,True
15059,19613,SEQUEL,True,True
15059,132634,SUMMARY,True,True
15061,20181,SEQUEL,True,True
15061,101043,ALTERNATIVE,True,True
15061,21648,ALTERNATIVE,True,True
15061,111082,ALTERNATIVE,True,True
15061,128872,ALTERNATIVE,True,True
15061,179860,OTHER,False,False
15067,3638,PARENT,True,True
15117,10805,PREQUEL,True,True
15117,16706,SEQUEL,True,True
15125,18121,SEQUEL,True,True
15125,19297,CHARACTER,True,False
15125,21079,SPIN_OFF,True,True
15125,21570,SPIN_OFF,True,True
15177,1397,ALTERNATIVE,False,False
15177,3572,PARENT,True,True
15219,11375,PARENT,True,True
15307,12191,PARENT,True,True
15313,16738,SEQUEL,True,True
15313,115069,CHARACTER,True,False
15313,21637,CHARACTER,True,False
15313,7768,CHARACTER,True,False
15313,20033,CHARACTER,True,False
15313,99424,CHARACTER,True,False
15313,21200,CHARACTER,True,False
15313,20798,CHARACTER,True,False
15313,20747,CHARACTER,True,False
15323,21,PARENT,False,False
15359,10893,PREQUEL,True,True
15359,19703,OTHER,True,False
15417,9969,PREQUEL,True,True
15417,20996,SEQUEL,True,True
15417,15335,SEQUEL,True,True
15417,20882,SIDE_STORY,True,True
15417,175573,SUMMARY,True,True
15417,178436,SUMMARY,True,True
15431,12119,PREQUEL,True,True
15437,10790,PREQUEL,True,True
15439,20781,OTHER,True,False
15439,11355,OTHER,True,False
15439,21435,OTHER,True,False
15487,11771,PARENT,True,True
15489,10015,PREQUEL,True,True
15489,114072,OTHER,True,False
15489,142842,OTHER,True,False
15505,12367,PARENT,True,True
15617,10357,PARENT,True,True
15633,11703,PARENT,True,True
15687,14741,PARENT,True,True
15689,5081,SEQUEL,True,True
15689,21400,PREQUEL,True,True
15711,12365,SEQUEL,True,True
15711,7674,SUMMARY,True,True
15711,10030,SUMMARY,True,True
15717,13833,ALTERNATIVE,True,True
15729,13161,PARENT,True,True
15769,12367,PARENT,True,True
15775,15771,ALTERNATIVE,True,True
15781,15649,SEQUEL,True,True
15783,1412,PARENT,False,False
15785,12651,PARENT,True,True
15785,13261,PARENT,True,True
15819,2076,PARENT,False,False
15865,6900,PREQUEL,True,True
15865,19843,SEQUEL,True,True
15891,21792,ALTERNATIVE,True,True
15895,8768,ALTERNATIVE,True,True
15897,9533,PREQUEL,True,True
15927,10012,PARENT,True,True
15951,11235,PARENT,True,True
15959,10049,PARENT,True,True
15979,12471,PARENT,True,True
15993,12875,PARENT,True,True
16001,11887,PREQUEL,True,True
16033,16035,PARENT,True,True
16059,11745,PREQUEL,True,True
16059,119350,SEQUEL,True,True
16099,20895,SEQUEL,True,True
16099,11757,PARENT,True,True
16183,1412,PARENT,False,False
16183,13247,OTHER,True,False
16183,101497,OTHER,False,False
16183,156905,SIDE_STORY,True,True
16239,12859,SEQUEL,True,True
16239,21,PARENT,False,False
16273,12291,PREQUEL,True,True
16347,10513,PREQUEL,True,True
16405,16936,SIDE_STORY,True,True
16405,18419,SIDE_STORY,True,True
16468,12859,SEQUEL,True,True
16468,21,PARENT,False,False
16508,14073,PARENT,True,True
16532,9513,PARENT,True,True
16574,10015,PARENT,True,True
16636,15379,PARENT,True,True
16694,11499,PREQUEL,True,True
16694,13055,SEQUEL,True,True
16774,17843,OTHER,True,False
16774,20456,SEQUEL,False,False
16774,101817,SIDE_STORY,False,False
16774,21637,CHARACTER,True,False
16912,11809,PREQUEL,True,True
16912,16726,SEQUEL,True,True
16932,21123,ALTERNATIVE,True,True
16936,16405,PARENT,True,True
16964,10507,PARENT,True,True
17020,14827,PARENT,True,True
17205,1,PARENT,False,False
17237,17359,PREQUEL,True,True
17259,11771,PARENT,True,True
17259,101816,SEQUEL,True,True
17359,16377,PREQUEL,True,True
17359,17237,SEQUEL,True,True
17573,12431,PARENT,True,True
17843,16774,PARENT,True,True
18003,12321,PARENT,True,True
18053,12175,PARENT,True,True
18133,18425,SIDE_STORY,True,True
18133,143288,SEQUEL,False,False
18425,18133,PARENT,True,True
18531,12291,PARENT,True,True
18601,14631,ALTERNATIVE,True,True
18639,12281,PARENT,True,True
18713,11785,PARENT,True,True
11577,10863,PREQUEL,True,True
11577,9253,PARENT,True,True
11633,18441,SEQUEL,True,True
11633,100502,CHARACTER,False,False
11743,8937,PARENT,True,True
11743,20035,OTHER,True,False
11763,20522,SIDE_STORY,False,False
11981,9756,PREQUEL,True,True
11981,11979,PREQUEL,True,True
11981,133007,SEQUEL,True,True
12115,12113,PREQUEL,True,True
12115,21560,SEQUEL,True,True
12115,33,ALTERNATIVE,False,False
12115,155011,ALTERNATIVE,True,True
12477,13429,PREQUEL,True,True
12711,10321,PREQUEL,True,True
12711,19251,SEQUEL,True,True
12711,115052,CHARACTER,False,False
12711,172393,SIDE_STORY,True,True
12857,8934,ALTERNATIVE,True,True
13117,13119,SEQUEL,True,True
13117,6895,ALTERNATIVE,True,True
13271,11061,PARENT,True,True
13659,18857,SEQUEL,True,True
13659,10020,PREQUEL,True,True
13659,19845,SIDE_STORY,True,True
13659,19287,OTHER,False,False
13863,14347,OTHER,True,False
13863,14349,OTHER,True,False
13863,14353,OTHER,True,False
14045,17351,SEQUEL,True,True
14175,9289,PARENT,True,True
14175,207886,OTHER,False,False
14347,13863,OTHER,True,False
14347,14349,OTHER,True,False
14347,14353,OTHER,True,False
14349,19489,SEQUEL,True,True
14349,14347,OTHER,True,False
14349,13863,OTHER,True,False
14349,14353,OTHER,True,False
14349,21858,ALTERNATIVE,True,True
14353,14347,OTHER,True,False
14353,13863,OTHER,True,False
14353,14349,OTHER,True,False
14353,20931,ALTERNATIVE,True,True
14355,20485,SEQUEL,True,True
14355,17341,SIDE_STORY,True,True
14397,10800,PREQUEL,True,True
14397,18745,SIDE_STORY,True,True
14397,101215,SEQUEL,True,True
14407,3366,OTHER,True,False
14407,20736,SEQUEL,True,True
14407,10588,OTHER,True,False
14407,99693,OTHER,True,False
14407,207415,CHARACTER,False,False
14511,14575,PREQUEL,True,True
14511,20221,SEQUEL,True,True
14735,235,PARENT,False,False
18845,4936,ALTERNATIVE,False,False
18941,18939,PREQUEL,True,True
18941,20550,SIDE_STORY,True,True
18941,116801,SIDE_STORY,True,True
18941,131641,SIDE_STORY,True,True
18941,131642,SIDE_STORY,True,True
18941,130781,SIDE_STORY,False,False
18941,131925,SIDE_STORY,False,False
18941,131953,OTHER,False,False
18941,18943,SIDE_STORY,True,True
18941,111227,SIDE_STORY,False,False
18941,172973,SIDE_STORY,True,True
18941,172976,SIDE_STORY,True,True
18941,183412,SIDE_STORY,True,True
20561,12431,SIDE_STORY,True,True
20760,918,PARENT,True,True
20760,9969,PARENT,True,True
20897,118640,PREQUEL,False,False
21021,10524,PREQUEL,True,True
21021,21022,SEQUEL,True,True
99361,10384,ALTERNATIVE,True,True
107342,9989,PARENT,True,True
121823,1960,PARENT,False,False
136668,138985,SEQUEL,True,True
136668,21236,ALTERNATIVE,True,True
136668,288,ALTERNATIVE,True,True
136668,5962,ALTERNATIVE,True,True
147814,8964,PREQUEL,True,True
147814,147815,SEQUEL,True,True
155740,8987,PREQUEL,True,True
156905,16183,PARENT,True,True
168579,7479,ALTERNATIVE,False,False
14807,6954,PREQUEL,True,True
14807,20697,SIDE_STORY,True,True
14807,5205,PARENT,True,True
14811,20567,SEQUEL,True,True
14813,18753,SIDE_STORY,True,True
14813,20698,SEQUEL,True,True
14827,3627,PREQUEL,True,True
14827,17020,SIDE_STORY,True,True
14829,19109,SIDE_STORY,True,True
14829,18851,SEQUEL,True,True
14829,356,PARENT,True,True
14829,19603,PARENT,True,True
14829,20791,PARENT,True,True
14829,100269,CHARACTER,True,False
14829,6922,PARENT,True,True
14837,813,PARENT,False,False
14837,20778,SEQUEL,True,True
14837,21175,ALTERNATIVE,True,True
14837,170083,PREQUEL,True,True
14837,206814,SUMMARY,True,True
14889,14073,PARENT,True,True
14893,12549,PREQUEL,True,True
14921,207886,OTHER,False,False
14941,12149,PREQUEL,True,True
14967,14027,PREQUEL,True,True
15037,13807,PREQUEL,True,True
15039,9989,ALTERNATIVE,True,True
15051,19111,SEQUEL,True,True
15051,20554,SIDE_STORY,True,True
15051,9907,CHARACTER,True,False
15051,11033,CHARACTER,True,False
15051,12637,CHARACTER,True,False
15051,14951,CHARACTER,True,False
15051,21013,CHARACTER,True,False
15051,105906,CHARACTER,False,False
15051,99165,CHARACTER,True,False
15051,117574,CHARACTER,False,False
15051,9930,CHARACTER,False,False
15051,113970,ALTERNATIVE,True,True
15051,114979,ALTERNATIVE,True,True
15051,194167,ALTERNATIVE,True,True
15085,20734,SIDE_STORY,False,False
15119,17345,SIDE_STORY,True,True
15119,21129,SIDE_STORY,True,True
15119,102822,SEQUEL,True,True
15119,124082,CHARACTER,False,False
15195,8479,PREQUEL,True,True
15195,17273,SIDE_STORY,True,True
15195,20962,SEQUEL,True,True
15195,102036,SIDE_STORY,True,True
15197,8888,PREQUEL,True,True
15197,15199,SEQUEL,True,True
15197,109002,OTHER,True,False
15225,20608,OTHER,True,False
15315,16444,SIDE_STORY,True,True
15335,918,PARENT,True,True
15335,20996,SEQUEL,True,True
15335,15417,PREQUEL,True,True
15377,8277,PREQUEL,True,True
15377,19255,SIDE_STORY,True,True
15377,20823,SEQUEL,True,True
15379,16636,SIDE_STORY,True,True
15411,12967,PARENT,True,True
15451,11617,PREQUEL,True,True
15451,21103,SIDE_STORY,True,True
15451,20745,SEQUEL,True,True
15583,17641,SEQUEL,True,True
15583,111852,SPIN_OFF,True,True
15583,121034,SPIN_OFF,True,True
15591,12679,PREQUEL,True,True
15605,20915,SEQUEL,True,True
15605,20916,OTHER,True,False
15609,13367,PREQUEL,True,True
15611,13145,PREQUEL,True,True
15611,20564,SEQUEL,True,True
15611,20810,SIDE_STORY,True,True
15613,18055,SEQUEL,True,True
15649,15781,PREQUEL,True,True
15649,18781,SIDE_STORY,True,True
15649,20498,SEQUEL,True,True
15651,12753,PREQUEL,True,True
15699,11785,PREQUEL,True,True
15699,20733,SIDE_STORY,True,True
15699,20824,SEQUEL,True,True
15731,10232,PREQUEL,True,True
15731,20579,SIDE_STORY,True,True
15731,20805,SEQUEL,True,True
15731,114679,SIDE_STORY,True,True
15751,18523,SEQUEL,True,True
15751,17391,SIDE_STORY,True,True
15771,15775,ALTERNATIVE,True,True
15793,11751,PREQUEL,True,True
15793,20560,SEQUEL,True,True
15793,20452,SIDE_STORY,True,True
15795,145353,SEQUEL,True,True
15807,10572,PREQUEL,True,True
15807,16051,SEQUEL,True,True
15809,130592,SEQUEL,True,True
15809,177437,OTHER,False,False
15811,14131,PARENT,True,True
15839,19101,SEQUEL,True,True
15839,9487,PARENT,True,True
15847,6875,ALTERNATIVE,True,True
15863,21752,SEQUEL,True,True
15879,14741,PARENT,True,True
15881,14199,PARENT,True,True
15911,19029,SIDE_STORY,True,True
15911,98344,OTHER,True,False
15925,8687,PARENT,True,True
15963,10464,PARENT,True,True
15989,10884,PREQUEL,True,True
15989,16123,PARENT,True,True
16005,4038,PARENT,True,True
16009,20423,SEQUEL,True,True
16011,20896,SIDE_STORY,True,True
16035,16033,OTHER,True,False
16049,6213,PREQUEL,True,True
16049,20686,OTHER,True,False
16049,19697,SIDE_STORY,True,True
16049,104462,SEQUEL,True,True
16051,15807,PREQUEL,True,True
16067,207886,OTHER,False,False
16157,20472,SEQUEL,True,True
16157,108758,OTHER,True,False
16157,139806,OTHER,True,False
16157,143766,OTHER,True,False
16169,20689,SEQUEL,True,True
16241,10216,PREQUEL,True,True
16317,18149,SEQUEL,True,True
16319,14277,PARENT,True,True
16363,18231,SIDE_STORY,True,True
16363,8456,PREQUEL,True,True
16363,11859,SEQUEL,True,True
16395,9863,PARENT,True,True
16417,17879,SIDE_STORY,True,True
16417,20519,SEQUEL,True,True
16417,17819,OTHER,False,False
16419,17357,SIDE_STORY,True,True
16419,603,ALTERNATIVE,True,True
16419,20577,ALTERNATIVE,True,True
16419,100661,ALTERNATIVE,True,True
16419,1932,ALTERNATIVE,True,True
16419,5684,ALTERNATIVE,True,True
16419,7645,ALTERNATIVE,True,True
16419,1534,ALTERNATIVE,True,True
16419,9893,ALTERNATIVE,True,True
16419,12191,ALTERNATIVE,True,True
16419,21001,ALTERNATIVE,True,True
16419,98059,ALTERNATIVE,True,True
16419,21506,ALTERNATIVE,True,True
16419,16442,CHARACTER,True,False
16419,20549,CHARACTER,True,False
16419,21137,CHARACTER,True,False
16419,21504,CHARACTER,True,False
16419,101908,CHARACTER,True,False
16419,112748,ALTERNATIVE,True,True
16419,126905,ALTERNATIVE,True,True
16419,105857,ALTERNATIVE,True,True
16419,142080,ALTERNATIVE,True,True
16419,157883,ALTERNATIVE,True,True
16419,159429,CHARACTER,True,False
16419,171030,ALTERNATIVE,True,True
16419,185073,ALTERNATIVE,True,True
16419,202957,ALTERNATIVE,True,True
16442,12221,PREQUEL,True,True
16442,20549,SEQUEL,True,True
16442,9893,CHARACTER,True,False
16442,1534,CHARACTER,True,False
16442,5684,CHARACTER,True,False
16442,16419,CHARACTER,True,False
16442,1932,CHARACTER,True,False
16442,603,CHARACTER,True,False
16442,7645,CHARACTER,True,False
16442,12191,CHARACTER,True,False
16444,15315,PARENT,True,True
16472,21525,SEQUEL,True,True
16498,20691,ALTERNATIVE,True,True
16498,20692,ALTERNATIVE,True,True
16498,20958,SEQUEL,True,True
16498,21281,SPIN_OFF,True,True
16498,18397,SIDE_STORY,True,True
16498,119113,SUMMARY,True,True
16498,20811,PREQUEL,True,True
16498,99634,SIDE_STORY,True,True
16498,19391,OTHER,True,False
16498,143391,CHARACTER,True,False
16512,18799,OTHER,False,False
16518,19447,OTHER,True,False
16524,19211,SEQUEL,True,True
16524,18413,SIDE_STORY,True,True
16592,21825,PREQUEL,True,True
16614,14237,PREQUEL,True,True
16638,7053,PREQUEL,True,True
16644,14993,PARENT,True,True
16664,109352,ALTERNATIVE,False,False
16664,185871,ALTERNATIVE,False,False
16664,193617,ALTERNATIVE,False,False
16668,18295,SEQUEL,True,True
16678,16680,PARENT,True,True
16680,19099,PREQUEL,True,True
16680,16678,SIDE_STORY,True,True
16680,17873,PARENT,True,True
16700,934,PARENT,True,True
16706,15117,PREQUEL,True,True
16726,16912,PREQUEL,True,True
16726,20887,SIDE_STORY,True,True
16732,20654,SEQUEL,True,True
16738,15313,PREQUEL,True,True
16738,20267,SEQUEL,True,True
16742,20453,SEQUEL,True,True
16762,10620,PREQUEL,True,True
16782,21519,CHARACTER,True,False
16866,14227,PARENT,True,True
16868,14289,PARENT,True,True
16894,11771,PREQUEL,True,True
16894,20603,OTHER,True,False
16894,20725,SEQUEL,True,True
16894,98703,OTHER,True,False
16894,102836,SUMMARY,True,True
16894,101816,SIDE_STORY,True,True
16906,18155,ALTERNATIVE,True,True
16908,9070,PREQUEL,True,True
16910,17855,SIDE_STORY,True,True
16916,11771,SEQUEL,True,True
16918,19363,SEQUEL,True,True
16928,12461,PARENT,True,True
16934,14741,PREQUEL,True,True
16934,18671,SEQUEL,True,True
16982,14653,PREQUEL,True,True
16982,20651,SEQUEL,True,True
17074,11597,PREQUEL,True,True
17074,21520,SIDE_STORY,True,True
17074,104434,SIDE_STORY,False,False
17074,21262,SEQUEL,True,True
17113,966,PARENT,False,False
17113,20535,SEQUEL,True,True
17113,12499,PREQUEL,True,True
17115,14093,PREQUEL,True,True
17115,17873,SEQUEL,True,True
17137,9088,PREQUEL,True,True
17137,2143,SEQUEL,True,True
17147,13139,PREQUEL,True,True
17157,20804,OTHER,True,False
17187,19191,SEQUEL,True,True
17187,18989,SIDE_STORY,True,True
17187,467,ALTERNATIVE,True,True
17187,43,ALTERNATIVE,False,False
17187,21056,ALTERNATIVE,True,True
17187,20776,OTHER,True,False
17187,177699,ALTERNATIVE,True,True
17247,20451,SIDE_STORY,True,True
17249,20917,CHARACTER,True,False
17249,107755,CHARACTER,True,False
17249,21409,SPIN_OFF,True,True
17249,136206,CHARACTER,True,False
17249,10257,ALTERNATIVE,True,True
17249,20742,ALTERNATIVE,True,True
17249,101097,ALTERNATIVE,True,True
17249,136119,ALTERNATIVE,True,True
17249,171080,ALTERNATIVE,True,True
17249,20620,SUMMARY,True,True
17249,20581,SIDE_STORY,True,True
17263,8336,PARENT,True,True
17265,20671,SEQUEL,True,True
17267,11341,PREQUEL,True,True
17267,20848,SEQUEL,True,True
17269,1000,ALTERNATIVE,False,False
17273,15195,PARENT,True,True
17277,1575,PARENT,True,True
17341,14355,PARENT,True,True
17345,15119,PARENT,True,True
17351,14045,PREQUEL,True,True
17357,16419,PARENT,True,True
17389,12031,PREQUEL,True,True
17389,113108,SEQUEL,True,True
17391,15751,PARENT,True,True
17409,14289,PARENT,True,True
17497,6008,ALTERNATIVE,True,True
17497,8217,ALTERNATIVE,True,True
17497,10359,ALTERNATIVE,True,True
17497,12963,ALTERNATIVE,True,True
17497,113689,ALTERNATIVE,True,True
17497,20784,ALTERNATIVE,True,True
17497,21134,ALTERNATIVE,True,True
17505,20909,SIDE_STORY,False,False
17513,20844,OTHER,True,False
17513,21046,SEQUEL,True,True
17535,12049,SEQUEL,True,True
17535,6702,PARENT,True,True
17549,20694,SEQUEL,True,True
17549,20497,SIDE_STORY,True,True
17549,98779,SIDE_STORY,True,True
17635,207886,OTHER,False,False
17637,1887,PARENT,True,True
17643,13655,PARENT,True,True
17651,20187,SEQUEL,True,True
17655,10808,PARENT,True,True
17681,19397,SIDE_STORY,True,True
17699,10033,PARENT,True,True
17705,10177,ALTERNATIVE,True,True
17705,21232,SEQUEL,True,True
17707,18109,SPIN_OFF,True,True
17707,115758,SEQUEL,True,True
17707,1974,PARENT,True,True
17707,115765,CHARACTER,True,False
17717,81,PARENT,False,False
17725,8525,PARENT,True,True
17727,15043,PREQUEL,True,True
17731,20929,SEQUEL,True,True
17731,19297,SIDE_STORY,True,True
17739,11239,PREQUEL,True,True
17741,11313,PREQUEL,True,True
17741,20715,SIDE_STORY,True,True
17745,21550,SIDE_STORY,True,True
17855,16910,PARENT,True,True
17867,97905,SEQUEL,True,True
17873,17115,PREQUEL,True,True
17873,20570,SEQUEL,True,True
17873,16680,SIDE_STORY,True,True
17873,19099,SIDE_STORY,True,True
17875,12673,PREQUEL,True,True
17879,16417,PARENT,True,True
17909,97642,SEQUEL,True,True
17909,207886,OTHER,False,False
17917,12651,PREQUEL,True,True
17917,119123,OTHER,True,False
17969,14333,PREQUEL,True,True
18001,9367,PREQUEL,True,True
18001,20578,SIDE_STORY,True,True
18041,64,ALTERNATIVE,True,True
18041,65,ALTERNATIVE,True,True
18045,12175,PREQUEL,True,True
18055,15613,PREQUEL,True,True
18097,13261,PREQUEL,True,True
18099,13377,PREQUEL,True,True
18099,20828,SEQUEL,True,True
18109,17707,PARENT,True,True
18115,14513,PREQUEL,True,True
18115,20609,SIDE_STORY,True,True
18121,15125,PREQUEL,True,True
18121,20450,SIDE_STORY,True,True
18121,20444,SEQUEL,True,True
18137,130912,SEQUEL,True,True
18149,16317,PREQUEL,True,True
18151,21036,SIDE_STORY,True,True
18151,5455,SEQUEL,True,True
18153,20531,SIDE_STORY,True,True
18153,20779,PREQUEL,True,True
18153,20963,SEQUEL,True,True
18153,20524,SIDE_STORY,True,True
18153,17813,CHARACTER,False,False
18153,20768,SUMMARY,True,True
18155,16906,ALTERNATIVE,True,True
18177,18179,PARENT,True,True
18179,18177,SIDE_STORY,True,True
18179,20723,SEQUEL,True,True
18179,20808,ALTERNATIVE,True,True
18179,21806,SPIN_OFF,True,True
18179,116015,OTHER,True,False
18179,110694,CHARACTER,True,False
18195,13655,PREQUEL,True,True
18195,20481,SEQUEL,True,True
18205,98552,ALTERNATIVE,True,True
18229,2389,OTHER,False,False
18229,21252,SEQUEL,True,True
18229,20759,ALTERNATIVE,False,False
18231,16363,PARENT,True,True
18241,13431,PREQUEL,True,True
18241,115765,CHARACTER,True,False
18241,117284,SEQUEL,True,True
18241,19535,SIDE_STORY,True,True
18241,182547,SPIN_OFF,True,True
18245,4720,OTHER,True,False
18245,102572,SIDE_STORY,True,True
18247,10794,PREQUEL,True,True
18247,20571,SEQUEL,True,True
18247,20045,ALTERNATIVE,True,True
18247,98860,SIDE_STORY,False,False
18277,21098,SIDE_STORY,True,True
18277,21815,SEQUEL,True,True
18295,16668,PREQUEL,True,True
18355,1960,PARENT,False,False
18357,1960,PARENT,False,False
18365,2253,ALTERNATIVE,False,False
18391,9539,PARENT,True,True
18391,21344,SEQUEL,True,True
18391,101431,SIDE_STORY,False,False
18391,136517,OTHER,True,False
18393,246,CHARACTER,True,False
18393,6702,CHARACTER,True,False
18397,16498,PARENT,True,True
18413,16524,PARENT,True,True
18413,21863,SEQUEL,True,True
18419,16405,PARENT,True,True
18429,6115,PREQUEL,True,True
18429,235,PARENT,False,False
18429,1412,PARENT,False,False
18441,11633,PREQUEL,True,True
18465,19159,PREQUEL,True,True
18465,19889,SIDE_STORY,True,True
18495,101976,SIDE_STORY,False,False
18497,20523,OTHER,True,False
18497,18499,SEQUEL,True,True
18497,4548,ALTERNATIVE,True,True
18497,8457,SIDE_STORY,True,True
18499,18497,PREQUEL,True,True
18507,20614,SEQUEL,True,True
18507,19671,SIDE_STORY,True,True
18507,17819,OTHER,False,False
18507,21158,PREQUEL,True,True
18507,98495,SEQUEL,True,True
18523,15751,PREQUEL,True,True
18525,7969,PREQUEL,True,True
18525,10458,PREQUEL,True,True
18597,7411,OTHER,True,False
18661,14713,PARENT,True,True
18677,20551,SEQUEL,True,True
18677,102033,SIDE_STORY,False,False
18679,20572,SEQUEL,True,True
18679,20646,CHARACTER,True,False
18689,20861,SIDE_STORY,True,True
18689,21085,SEQUEL,True,True
18693,108742,OTHER,True,False
18745,14397,PARENT,True,True
18753,14813,PARENT,True,True
18781,15649,PARENT,True,True
18817,10705,PARENT,False,False
18849,11665,PARENT,True,True
18849,21710,PARENT,True,True
18857,13659,PREQUEL,True,True
18857,20892,SIDE_STORY,True,True
18893,20763,ALTERNATIVE,True,True
18893,20764,SEQUEL,True,True
18943,18941,PARENT,True,True
18983,116160,SEQUEL,True,True
18989,17187,PARENT,True,True
19021,14741,ALTERNATIVE,True,True
19021,20660,SIDE_STORY,True,True
19029,15911,PARENT,True,True
19051,10668,OTHER,True,False
19051,101210,OTHER,True,False
19099,16680,SEQUEL,True,True
19099,17873,PARENT,True,True
19101,15839,PREQUEL,True,True
19109,14829,PARENT,True,True
19123,21,PARENT,False,False
19169,139678,SEQUEL,True,True
19171,180947,CHARACTER,False,False
19191,17187,PREQUEL,True,True
19191,19193,SEQUEL,True,True
19191,21056,ALTERNATIVE,True,True
19191,120896,OTHER,False,False
19191,20776,OTHER,True,False
19207,14563,PREQUEL,True,True
19211,16524,PREQUEL,True,True
19211,20449,SEQUEL,True,True
19221,20479,OTHER,True,False
19251,12711,PREQUEL,True,True
19251,20662,SEQUEL,True,True
19255,15377,PARENT,True,True
19291,20644,SIDE_STORY,True,True
19291,20683,SIDE_STORY,True,True
19291,21266,SIDE_STORY,True,True
19291,21356,SEQUEL,True,True
19291,115143,OTHER,False,False
19291,105616,SIDE_STORY,True,True
19291,21304,SIDE_STORY,True,True
19291,20948,SIDE_STORY,True,True
19291,97635,ALTERNATIVE,True,True
19291,20570,PREQUEL,True,True
19297,15125,CHARACTER,True,False
19297,17731,PARENT,True,True
19305,21065,SEQUEL,True,True
19305,19535,OTHER,True,False
19319,20739,SEQUEL,True,True
19319,20925,SIDE_STORY,True,True
19319,101036,SPIN_OFF,True,True
19319,99732,SEQUEL,True,True
19319,99731,OTHER,True,False
19319,80,PARENT,False,False
19319,163204,OTHER,True,False
19337,6525,PARENT,True,True
19337,114472,PREQUEL,True,True
19383,20669,SEQUEL,True,True
19383,120180,SPIN_OFF,True,True
19383,98442,SPIN_OFF,True,True
19391,16498,PARENT,True,True
19397,17681,PARENT,True,True
19431,11769,PARENT,True,True
19445,2337,PARENT,True,True
19447,16518,PARENT,True,True
19469,21804,ALTERNATIVE,True,True
19495,129866,SIDE_STORY,True,True
19511,1735,PARENT,True,True
19535,18241,PARENT,True,True
19535,19305,OTHER,True,False
19569,104957,SIDE_STORY,True,True
19587,2707,PARENT,True,True
19619,8217,PREQUEL,True,True
19647,5258,PREQUEL,True,True
19653,206519,SEQUEL,True,True
19669,11771,PARENT,True,True
19671,18507,PARENT,True,True
19697,16049,PARENT,True,True
19697,122041,SEQUEL,True,True
19697,8023,PREQUEL,True,True
19703,15359,OTHER,True,False
19703,10893,PARENT,True,True
19755,15545,PREQUEL,False,False
19755,20855,SEQUEL,True,True
19759,20755,ALTERNATIVE,True,True
19825,5082,ALTERNATIVE,True,True
19825,14913,ALTERNATIVE,True,True
19825,21020,ALTERNATIVE,True,True
19825,6901,ALTERNATIVE,True,True
19825,11017,ALTERNATIVE,True,True
19825,21635,ALTERNATIVE,True,True
19825,169319,SIDE_STORY,True,True
19825,187990,ALTERNATIVE,True,True
19843,105049,SEQUEL,True,True
19843,15865,PREQUEL,True,True
19845,13659,PARENT,True,True
19877,14913,PREQUEL,True,True
19889,18465,PARENT,True,True
19919,20636,SEQUEL,True,True
19951,11061,PARENT,True,True
20021,11757,PREQUEL,True,True
20021,20594,SEQUEL,True,True
20021,20895,OTHER,True,False
20033,20747,SIDE_STORY,True,True
20033,20924,SIDE_STORY,True,True
20033,21113,SEQUEL,True,True
20033,15313,CHARACTER,True,False
20033,20648,CHARACTER,True,False
20033,20757,CHARACTER,True,False
20033,204491,CHARACTER,False,False
20035,11743,PARENT,True,True
20039,11079,PARENT,True,True
20045,18247,ALTERNATIVE,True,True
20141,1412,PARENT,False,False
20159,527,ALTERNATIVE,False,False
20181,15061,PREQUEL,True,True
20181,20794,SEQUEL,True,True
20181,116979,ALTERNATIVE,True,True
20221,14511,PREQUEL,True,True
20221,179088,SEQUEL,False,False
20359,20966,ALTERNATIVE,True,True
20444,18121,PREQUEL,True,True
20444,20833,SEQUEL,True,True
20444,20834,SIDE_STORY,True,True
20450,18121,PARENT,True,True
20459,20864,SEQUEL,False,False
20459,9339,OTHER,True,False
20468,171447,OTHER,True,False
20524,18153,PARENT,True,True
20554,15051,PARENT,True,True
20570,17873,PREQUEL,True,True
20570,19291,SEQUEL,True,True
20608,15225,OTHER,True,False
20697,14807,PARENT,True,True
20707,6336,OTHER,True,False
20776,17187,PARENT,True,True
20776,19191,PARENT,True,True
20776,19193,PARENT,True,True
20776,19195,PARENT,True,True
20828,18099,PREQUEL,True,True
20852,11879,PREQUEL,True,True
20852,21257,SEQUEL,True,True
20860,3479,ALTERNATIVE,True,True
20860,6590,ALTERNATIVE,True,True
20860,104383,SIDE_STORY,False,False
20860,14543,ALTERNATIVE,True,True
20860,140788,SPIN_OFF,True,True
20896,16011,PARENT,True,True
20899,20898,ALTERNATIVE,False,False
20975,20976,SEQUEL,True,True
21022,21021,PREQUEL,True,True
21022,21023,SEQUEL,True,True
21036,18151,PARENT,True,True
21060,12961,OTHER,True,False
21226,21227,SEQUEL,True,True
21226,21228,ALTERNATIVE,True,True
21245,9308,PREQUEL,True,True
21245,21030,SEQUEL,True,True
21550,17745,PARENT,True,True
21863,18413,PREQUEL,True,True
98141,19799,SEQUEL,True,True
10687,1254,OTHER,False,False
10687,151659,ALTERNATIVE,True,True
10687,158988,ALTERNATIVE,True,True
12017,9941,PREQUEL,True,True
12017,117197,SEQUEL,True,True
12783,9790,PREQUEL,True,True
13119,13117,PREQUEL,True,True
13119,9065,ALTERNATIVE,True,True
13391,157330,SEQUEL,True,True
13843,425,CHARACTER,True,False
14751,530,ALTERNATIVE,False,False
14751,21462,SEQUEL,True,True
14751,102007,OTHER,False,False
14751,740,ALTERNATIVE,False,False
14817,8917,PREQUEL,True,True
15565,11209,PREQUEL,True,True
15565,20750,SIDE_STORY,True,True
15813,102617,OTHER,True,False
16123,5671,PREQUEL,True,True
16123,10884,SIDE_STORY,True,True
16123,15989,SIDE_STORY,True,True
101928,1559,PARENT,True,True
101928,11813,PARENT,True,True
104957,19569,PARENT,True,True
108549,10153,PARENT,True,True
109002,15197,PARENT,True,True
110253,1575,PARENT,True,True
111859,142480,SEQUEL,True,True
114679,15731,PARENT,True,True
115758,17707,PREQUEL,True,True
115758,115759,SEQUEL,True,True
115759,115758,PREQUEL,True,True
115765,18241,CHARACTER,True,False
115765,17707,CHARACTER,True,False
116908,13465,PREQUEL,True,True
117409,6525,PARENT,True,True
121754,20843,PARENT,True,True
121755,20843,PARENT,True,True
121961,145902,PARENT,True,True
121961,177225,SEQUEL,True,True
126647,18755,PREQUEL,False,False
127042,10588,PARENT,True,True
129845,126877,ALTERNATIVE,True,True
129869,132562,CHARACTER,False,False
136110,13231,PREQUEL,True,True
145442,15129,OTHER,True,False
177121,13143,PREQUEL,True,True
182547,115336,ALTERNATIVE,True,True
182547,18241,PARENT,True,True
197976,13185,PREQUEL,True,True
197976,197977,SEQUEL,True,True
16381,126876,ALTERNATIVE,True,True
16381,129123,SPIN_OFF,True,True
16870,1735,PARENT,True,True
16904,14467,PREQUEL,True,True
16904,20913,SEQUEL,True,True
17437,14835,PREQUEL,True,True
17437,120755,CHARACTER,True,False
17437,98310,PARENT,True,True
17437,98310,CHARACTER,True,False
17729,21005,SEQUEL,True,True
17729,21010,SIDE_STORY,True,True
17777,20573,OTHER,True,False
17827,20902,SIDE_STORY,True,True
18139,20600,SIDE_STORY,True,True
18139,20738,SIDE_STORY,True,True
18619,14131,PARENT,True,True
18619,154100,OTHER,False,False
18671,16934,PREQUEL,True,True
18671,20582,SIDE_STORY,True,True
18671,20777,SIDE_STORY,True,True
18671,20889,SEQUEL,True,True
18851,14829,PREQUEL,True,True
18851,20467,SEQUEL,True,True
18897,20728,SIDE_STORY,True,True
18897,20876,SEQUEL,True,True
18897,106495,OTHER,True,False
19023,20512,PREQUEL,True,True
19023,20816,SPIN_OFF,True,True
19023,20989,SEQUEL,True,True
19023,21849,OTHER,True,False
19067,21157,SEQUEL,True,True
19111,15051,PREQUEL,True,True
19111,20766,SEQUEL,True,True
19111,21013,SIDE_STORY,True,True
19117,9000,OTHER,True,False
19157,20936,SIDE_STORY,True,True
19157,20937,SIDE_STORY,True,True
19157,113273,SPIN_OFF,True,True
19157,121663,SIDE_STORY,True,True
19157,145958,SUMMARY,True,True
19157,108767,SEQUEL,True,True
19157,103050,PREQUEL,True,True
19163,17641,PREQUEL,True,True
19163,20767,SEQUEL,True,True
19193,19191,PREQUEL,True,True
19193,19195,SEQUEL,True,True
19193,21056,ALTERNATIVE,True,True
19193,20776,OTHER,True,False
19195,19193,PREQUEL,True,True
19195,21056,ALTERNATIVE,True,True
19195,20776,OTHER,True,False
19199,4725,CHARACTER,True,False
19363,16918,PREQUEL,True,True
19429,20926,SEQUEL,True,True
19603,356,ALTERNATIVE,True,True
19603,11741,PREQUEL,True,True
19603,20792,SEQUEL,True,True
19603,14829,SPIN_OFF,True,True
19603,6922,ALTERNATIVE,True,True
19603,20791,ALTERNATIVE,True,True
19603,10012,CHARACTER,True,False
19603,98035,ALTERNATIVE,True,True
19603,21717,ALTERNATIVE,True,True
19603,12565,ALTERNATIVE,True,True
19603,97815,ALTERNATIVE,True,True
19613,15059,PREQUEL,True,True
19613,132634,SUMMARY,True,True
19613,143327,SEQUEL,True,True
19645,2671,ALTERNATIVE,False,False
19645,8687,PARENT,True,True
19685,20731,SIDE_STORY,True,True
19775,20762,SEQUEL,True,True
19775,21154,SUMMARY,True,True
19799,10954,OTHER,True,False
19799,20798,SIDE_STORY,True,True
19799,20998,SEQUEL,True,True
19799,98141,PREQUEL,True,True
19799,104006,OTHER,True,False
19799,125642,SIDE_STORY,False,False
19815,20769,SIDE_STORY,True,True
19815,21875,PREQUEL,True,True
20031,20856,SIDE_STORY,True,True
20057,20666,SEQUEL,True,True
20057,20893,OTHER,True,False
20057,21593,OTHER,False,False
20267,16738,PREQUEL,True,True
20267,20999,SEQUEL,True,True
20267,10278,CHARACTER,True,False
20371,9926,OTHER,True,False
20371,20684,OTHER,True,False
20423,16009,PREQUEL,True,True
20431,20732,SIDE_STORY,True,True
20431,98438,SEQUEL,True,True
20447,21128,SEQUEL,True,True
20447,100716,CHARACTER,True,False
20447,102618,OTHER,False,False
20447,20494,SIDE_STORY,True,True
20448,10119,PREQUEL,True,True
20448,20826,SEQUEL,True,True
20449,19211,PREQUEL,True,True
20451,17247,PARENT,True,True
20452,15793,PARENT,True,True
20453,16742,PREQUEL,True,True
20455,119873,PARENT,True,True
20455,10519,CHARACTER,True,False
20457,99281,CHARACTER,True,False
20458,20679,OTHER,True,False
20458,127688,SPIN_OFF,True,True
20458,112300,SEQUEL,True,True
20458,21685,CHARACTER,True,False
20458,130389,PREQUEL,True,True
20462,20719,SEQUEL,True,True
20462,20724,OTHER,True,False
20464,21120,SUMMARY,True,True
20464,21244,SUMMARY,True,True
20464,20992,SEQUEL,True,True
20464,115217,OTHER,True,False
20464,20884,SIDE_STORY,True,True
20464,107263,OTHER,False,False
20467,20845,SEQUEL,True,True
20467,20862,SIDE_STORY,True,True
20467,20945,SIDE_STORY,True,True
20467,18851,PREQUEL,True,True
20472,16157,PREQUEL,True,True
20473,20682,PREQUEL,True,True
20474,666,ALTERNATIVE,False,False
20474,14719,PREQUEL,True,True
20474,665,ALTERNATIVE,True,True
20474,20799,SEQUEL,True,True
20475,20863,SIDE_STORY,True,True
20478,11665,PARENT,True,True
20479,19221,OTHER,True,False
20481,18195,PREQUEL,True,True
20483,20633,SIDE_STORY,True,True
20483,20687,SIDE_STORY,True,True
20483,20735,CHARACTER,True,False
20484,21680,ALTERNATIVE,True,True
20485,21003,SIDE_STORY,True,True
20485,98868,SEQUEL,True,True
20485,14355,PREQUEL,True,True
20486,100246,ALTERNATIVE,True,True
20488,20598,SEQUEL,True,True
20490,20706,SEQUEL,True,True
20490,20894,SIDE_STORY,True,True
20492,1579,PARENT,True,True
20494,20447,PARENT,True,True
20496,20695,SEQUEL,True,True
20497,17549,PARENT,True,True
20497,98779,ALTERNATIVE,True,True
20498,10278,ALTERNATIVE,True,True
20498,15649,PREQUEL,True,True
20498,102582,SIDE_STORY,True,True
20498,117398,SIDE_STORY,True,True
20500,7014,PREQUEL,True,True
20501,20505,OTHER,True,False
20501,20504,OTHER,True,False
20501,20502,OTHER,True,False
20502,20501,OTHER,True,False
20502,20505,OTHER,True,False
20502,20504,OTHER,True,False
20503,20601,SIDE_STORY,True,True
20503,102716,SIDE_STORY,True,True
20504,20501,OTHER,True,False
20504,20505,OTHER,True,False
20504,20502,OTHER,True,False
20505,20501,OTHER,True,False
20505,20504,OTHER,True,False
20505,20502,OTHER,True,False
20510,20854,SEQUEL,True,True
20510,110694,CHARACTER,True,False
20512,19023,SEQUEL,True,True
20512,102485,SIDE_STORY,False,False
20513,13601,PREQUEL,True,True
20513,20514,SEQUEL,True,True
20515,3727,PARENT,False,False
20515,8687,PARENT,True,True
20515,122575,SEQUEL,True,True
20516,20959,SEQUEL,True,True
20517,21034,SEQUEL,True,True
20519,16417,PREQUEL,True,True
20519,21014,SIDE_STORY,True,True
20520,20960,SIDE_STORY,True,True
20521,20711,SEQUEL,True,True
20521,21446,SPIN_OFF,True,True
20521,107199,SUMMARY,True,True
20523,18497,OTHER,True,False
20526,457,PREQUEL,True,True
20526,20595,SEQUEL,True,True
20527,20765,SIDE_STORY,True,True
20529,20780,SIDE_STORY,True,True
20529,21041,OTHER,True,False
20531,18153,PARENT,True,True
20533,20685,SEQUEL,True,True
20533,119665,SUMMARY,True,True
20534,20866,SIDE_STORY,True,True
20535,17113,PREQUEL,True,True
20535,966,PARENT,False,False
20535,98744,SEQUEL,True,True
20537,20761,SIDE_STORY,True,True
20538,20822,SEQUEL,True,True
20538,1276,CHARACTER,False,False
20538,10260,CHARACTER,True,False
20540,20944,OTHER,True,False
20541,87497,OTHER,False,False
20541,21793,OTHER,True,False
20541,100717,CHARACTER,False,False
20541,100718,CHARACTER,True,False
20541,102453,CHARACTER,False,False
20541,102470,CHARACTER,False,False
20541,102828,ALTERNATIVE,False,False
20541,102734,OTHER,False,False
20541,102621,OTHER,False,False
20541,102504,OTHER,False,False
20541,107671,CHARACTER,False,False
20541,130252,CHARACTER,False,False
20541,130787,SPIN_OFF,False,False
20541,133136,CHARACTER,False,False
20543,516,ALTERNATIVE,True,True
20546,235,PARENT,False,False
20547,3588,PARENT,True,True
20548,98872,ALTERNATIVE,True,True
20549,16442,PREQUEL,True,True
20549,21137,SEQUEL,True,True
20549,1932,CHARACTER,True,False
20549,1534,CHARACTER,True,False
20549,9893,CHARACTER,True,False
20549,603,CHARACTER,True,False
20549,16419,CHARACTER,True,False
20549,20577,CHARACTER,True,False
20549,12191,CHARACTER,True,False
20549,7645,CHARACTER,True,False
20549,5684,CHARACTER,True,False
20550,18941,SIDE_STORY,True,True
20551,18677,PREQUEL,True,True
20552,481,OTHER,True,False
20552,482,OTHER,True,False
20552,3972,OTHER,True,False
20552,10015,OTHER,True,False
20552,98231,OTHER,True,False
20552,114072,OTHER,True,False
20552,142842,OTHER,True,False
20556,13517,OTHER,False,False
20556,98106,SIDE_STORY,True,True
20559,12431,SEQUEL,True,True
20564,15611,PREQUEL,True,True
20564,20810,SIDE_STORY,True,True
20564,20921,SEQUEL,True,True
20567,14811,PREQUEL,True,True
20571,18247,PREQUEL,True,True
20572,18679,PREQUEL,True,True
20573,17777,PARENT,True,True
20577,603,ALTERNATIVE,True,True
20577,16419,ALTERNATIVE,True,True
20577,21001,ALTERNATIVE,True,True
20577,100661,ALTERNATIVE,True,True
20577,1932,ALTERNATIVE,True,True
20577,5684,ALTERNATIVE,True,True
20577,7645,ALTERNATIVE,True,True
20577,1534,ALTERNATIVE,True,True
20577,9893,ALTERNATIVE,True,True
20577,12191,ALTERNATIVE,True,True
20577,21506,ALTERNATIVE,True,True
20577,98059,ALTERNATIVE,True,True
20577,20549,CHARACTER,True,False
20577,21137,CHARACTER,True,False
20577,21504,CHARACTER,True,False
20577,101908,CHARACTER,True,False
20577,105857,ALTERNATIVE,True,True
20577,112748,ALTERNATIVE,True,True
20577,126905,ALTERNATIVE,True,True
20577,21121,SIDE_STORY,True,True
20577,142080,ALTERNATIVE,True,True
20577,157883,ALTERNATIVE,True,True
20577,159429,CHARACTER,True,False
20577,171030,ALTERNATIVE,True,True
20577,185073,ALTERNATIVE,True,True
20577,202957,ALTERNATIVE,True,True
20578,18001,PARENT,True,True
20579,15731,PARENT,True,True
20581,10257,PARENT,True,True
20581,12863,PARENT,True,True
20581,17249,PARENT,True,True
20581,20742,CHARACTER,True,False
20582,18671,PARENT,True,True
20588,20803,SIDE_STORY,True,True
20590,98629,SEQUEL,True,True
20590,21322,SPIN_OFF,True,True
20590,145433,CHARACTER,False,False
20591,21405,SEQUEL,True,True
20593,100815,PREQUEL,True,True
20594,20021,PREQUEL,True,True
20594,21403,SEQUEL,True,True
20594,104437,OTHER,True,False
20594,11757,PREQUEL,True,True
20594,21155,OTHER,True,False
20594,151640,PARENT,True,True
20594,100183,SPIN_OFF,True,True
20595,20526,PREQUEL,True,True
20595,20752,SEQUEL,True,True
20596,20900,SEQUEL,True,True
20596,20837,PREQUEL,True,True
20598,20488,PREQUEL,True,True
20600,18139,PARENT,True,True
20602,21053,SIDE_STORY,True,True
20602,21077,SEQUEL,True,True
20603,16894,OTHER,True,False
20604,20846,SIDE_STORY,True,True
20605,21326,PREQUEL,True,True
20605,20850,SEQUEL,True,True
20605,21132,PREQUEL,True,True
20605,195457,OTHER,False,False
20606,20670,SEQUEL,True,True
20606,4898,PREQUEL,True,True
20606,6707,ALTERNATIVE,True,True
20609,14513,PARENT,True,True
20609,21394,ALTERNATIVE,True,True
20611,20851,SEQUEL,True,True
20612,5355,OTHER,True,False
20613,20775,OTHER,True,False
20614,18507,PREQUEL,True,True
20614,21091,SIDE_STORY,True,True
20614,98497,SEQUEL,True,True
20614,98495,ALTERNATIVE,True,True
20614,98496,ALTERNATIVE,True,True
20615,20714,SEQUEL,True,True
20615,20870,SIDE_STORY,True,True
20615,21274,ALTERNATIVE,True,True
20615,116944,OTHER,True,False
20615,178350,OTHER,False,False
20618,6772,ALTERNATIVE,True,True
20618,8514,ALTERNATIVE,True,True
20618,9252,ALTERNATIVE,True,True
20618,9465,ALTERNATIVE,True,True
20618,9724,ALTERNATIVE,True,True
20618,10092,ALTERNATIVE,True,True
20619,20836,SIDE_STORY,True,True
20620,20742,CHARACTER,True,False
20620,10257,PARENT,True,True
20620,12863,PARENT,True,True
20620,17249,PARENT,True,True
20624,2716,PREQUEL,False,False
20626,6702,PREQUEL,True,True
20626,21191,SIDE_STORY,True,True
20626,99749,SEQUEL,True,True
20626,150078,SIDE_STORY,True,True
20629,21300,SEQUEL,True,True
20629,20630,PREQUEL,True,True
20630,20629,SEQUEL,True,True
20631,21064,SIDE_STORY,True,True
20631,21874,SEQUEL,True,True
20632,20853,SEQUEL,True,True
20632,185714,SUMMARY,True,True
20633,20483,PARENT,True,True
20635,11359,PREQUEL,True,True
20635,813,ALTERNATIVE,False,False
20635,21175,SEQUEL,True,True
20635,170083,SEQUEL,True,True
20635,206814,SEQUEL,True,True
20636,19919,PREQUEL,True,True
20636,20988,SEQUEL,True,True
20638,132703,PARENT,False,False
20639,7836,ALTERNATIVE,False,False
20640,20794,PARENT,True,True
20642,21286,SEQUEL,True,True
20642,2076,PREQUEL,False,False
20644,19291,PARENT,True,True
20644,20948,PREQUEL,True,True
20644,21271,OTHER,True,False
20645,207886,OTHER,False,False
20646,18679,CHARACTER,True,False
20648,20868,SEQUEL,True,True
20648,20033,CHARACTER,True,False
20649,107189,OTHER,True,False
20650,6381,PREQUEL,True,True
20650,9751,SEQUEL,True,True
20651,16982,PREQUEL,True,True
20656,20904,SIDE_STORY,True,True
20658,102525,SIDE_STORY,True,True
20658,105596,ALTERNATIVE,True,True
20658,80,PARENT,False,False
20658,112449,SIDE_STORY,False,False
20658,212323,CHARACTER,True,False
20659,11433,PARENT,True,True
20660,19021,PARENT,True,True
20663,20871,SIDE_STORY,True,True
20665,21039,PREQUEL,True,True
20666,20057,PREQUEL,True,True
20666,108972,SIDE_STORY,True,True
20668,20869,SIDE_STORY,True,True
20669,19383,PREQUEL,True,True
20669,21473,SEQUEL,True,True
20670,20606,PREQUEL,True,True
20670,21425,SEQUEL,True,True
20671,17265,PREQUEL,True,True
20671,114862,SEQUEL,True,True
20672,21276,SIDE_STORY,True,True
20672,112455,SEQUEL,True,True
20675,20788,SEQUEL,True,True
20677,21011,SIDE_STORY,True,True
20677,110346,OTHER,False,False
20679,20458,OTHER,True,False
20682,20473,SEQUEL,True,True
20683,19291,PARENT,True,True
20684,20371,OTHER,True,False
20685,20533,PREQUEL,True,True
20686,16049,PARENT,True,True
20687,20483,PARENT,True,True
20688,105892,CHARACTER,True,False
20689,16169,PREQUEL,True,True
20689,21125,SIDE_STORY,True,True
20689,97818,SEQUEL,True,True
20689,13141,CHARACTER,True,False
20689,14277,CHARACTER,True,False
20690,12029,PARENT,True,True
20691,16498,ALTERNATIVE,True,True
20691,20692,SEQUEL,True,True
20695,20496,PREQUEL,True,True
20701,21007,SIDE_STORY,True,True
20701,99643,OTHER,False,False
20706,20490,PREQUEL,True,True
20706,147765,SIDE_STORY,True,True
20708,104291,SEQUEL,True,True
20711,20521,PREQUEL,True,True
20711,107199,SUMMARY,True,True
20713,21434,ALTERNATIVE,True,True
20713,10588,ALTERNATIVE,True,True
20714,20615,PREQUEL,True,True
20714,21274,ALTERNATIVE,True,True
20714,21772,SEQUEL,True,True
20714,178350,PREQUEL,False,False
20715,17741,SIDE_STORY,True,True
20716,21609,OTHER,True,False
20719,20462,PREQUEL,True,True
20722,20782,SIDE_STORY,True,True
20722,21626,PREQUEL,True,True
20723,18179,PREQUEL,True,True
20723,21194,ALTERNATIVE,True,True
20723,21114,SEQUEL,True,True
20726,696,OTHER,False,False
20728,18897,PARENT,True,True
20729,114087,SEQUEL,True,True
20729,203448,ALTERNATIVE,False,False
20730,21221,ALTERNATIVE,True,True
20731,19685,PARENT,True,True
20733,15699,PARENT,True,True
20735,21000,SEQUEL,True,True
20735,20483,CHARACTER,True,False
20736,14407,PREQUEL,True,True
20736,20737,SEQUEL,True,True
20738,18139,PARENT,True,True
20739,19319,PREQUEL,True,True
20739,99732,PREQUEL,True,True
20739,99731,OTHER,True,False
20739,21814,SEQUEL,True,True
20742,20917,OTHER,True,False
20742,20985,SEQUEL,True,True
20742,21453,OTHER,True,False
20742,21454,OTHER,True,False
20742,103740,OTHER,True,False
20742,107755,OTHER,True,False
20742,20620,CHARACTER,True,False
20742,136206,CHARACTER,True,False
20742,10257,ALTERNATIVE,True,True
20742,17249,ALTERNATIVE,True,True
20742,101097,ALTERNATIVE,True,True
20742,136119,ALTERNATIVE,True,True
20742,171080,ALTERNATIVE,True,True
20742,20581,CHARACTER,True,False
20742,191403,CHARACTER,True,False
20747,20033,PARENT,True,True
20747,15313,CHARACTER,True,False
20750,15565,PARENT,True,True
20751,20752,PREQUEL,True,True
20751,21008,SEQUEL,True,True
20752,20595,PREQUEL,True,True
20752,20751,SEQUEL,True,True
20753,21277,OTHER,True,False
20753,99796,OTHER,True,False
20753,102098,SEQUEL,True,True
20756,80,OTHER,False,False
20756,112453,SIDE_STORY,False,False
20756,112468,OTHER,False,False
20756,112470,OTHER,False,False
20756,112471,OTHER,False,False
20757,87484,OTHER,True,False
20757,20033,CHARACTER,True,False
20761,20537,PARENT,True,True
20765,20527,PARENT,True,True
20767,19163,PREQUEL,True,True
20767,20741,SEQUEL,True,True
20769,19815,PARENT,True,True
20770,21138,SIDE_STORY,True,True
20770,204293,SEQUEL,False,False
20775,20613,PARENT,True,True
20777,18671,PARENT,True,True
20779,18153,SEQUEL,True,True
20781,15439,OTHER,True,False
20781,11355,OTHER,True,False
20781,21435,OTHER,True,False
20782,20722,PARENT,True,True
20783,5259,ALTERNATIVE,False,False
20783,98971,SIDE_STORY,True,True
20784,6008,ALTERNATIVE,True,True
20784,8217,ALTERNATIVE,True,True
20784,10359,ALTERNATIVE,True,True
20784,12963,ALTERNATIVE,True,True
20784,17497,ALTERNATIVE,True,True
20784,21134,ALTERNATIVE,True,True
20784,113689,ALTERNATIVE,True,True
20786,54,SEQUEL,True,True
20787,20986,SEQUEL,True,True
20787,87505,SEQUEL,True,True
20789,21104,SIDE_STORY,True,True
20789,21385,SEQUEL,True,True
20789,141352,SPIN_OFF,True,True
20790,8310,ALTERNATIVE,True,True
20790,235,CHARACTER,False,False
20790,2514,ALTERNATIVE,True,True
20790,177476,CHARACTER,True,False
20794,20181,PREQUEL,True,True
20794,20640,SIDE_STORY,True,True
20794,21307,SEQUEL,True,True
20794,21207,SIDE_STORY,True,True
20794,111082,ALTERNATIVE,True,True
20794,194889,SUMMARY,True,True
20794,191403,CHARACTER,True,False
20795,207,PARENT,False,False
20798,19799,PARENT,True,True
20798,15313,CHARACTER,True,False
20800,97769,SEQUEL,True,True
20800,97856,SPIN_OFF,True,True
20800,97860,PREQUEL,True,True
20800,100791,PREQUEL,True,True
20800,102305,OTHER,True,False
20800,119042,SPIN_OFF,True,True
20803,20588,PARENT,True,True
20804,17157,OTHER,True,False
20808,18179,ALTERNATIVE,True,True
20808,21194,SEQUEL,True,True
20809,20883,OTHER,True,False
20810,20564,PARENT,True,True
20810,15611,PARENT,True,True
20812,20938,SIDE_STORY,True,True
20812,101574,SEQUEL,True,True
20812,207886,OTHER,False,False
20816,19023,PARENT,True,True
20817,98452,SIDE_STORY,True,True
20818,21004,SEQUEL,True,True
20826,20448,PREQUEL,True,True
20826,98240,SIDE_STORY,True,True
20830,122758,SEQUEL,True,True
20834,20444,PARENT,True,True
20835,21,PARENT,False,False
20836,20619,PARENT,True,True
20837,20596,SEQUEL,True,True
20842,20990,SEQUEL,True,True
20842,185,ALTERNATIVE,False,False
20842,145405,ALTERNATIVE,True,True
20846,20604,PARENT,True,True
20847,13333,PARENT,True,True
20851,20611,PREQUEL,True,True
20851,21442,SEQUEL,True,True
20855,19755,PREQUEL,True,True
20855,21408,SEQUEL,True,True
20856,20031,PARENT,True,True
20859,235,PARENT,False,False
20859,139179,ALTERNATIVE,False,False
20861,18689,PARENT,True,True
20863,20475,PARENT,True,True
20865,21367,SEQUEL,True,True
20866,20534,PARENT,True,True
20869,20668,PARENT,True,True
20870,20615,PARENT,True,True
20871,20663,PARENT,True,True
20878,235,PARENT,False,False
20882,15417,PARENT,True,True
20883,20809,PARENT,True,True
20884,20464,PARENT,True,True
20885,20886,OTHER,False,False
20887,16726,PARENT,True,True
20887,20886,OTHER,False,False
20889,18671,PREQUEL,True,True
20889,98762,SEQUEL,True,True
20892,18857,PARENT,True,True
20893,20057,PARENT,True,True
20893,108972,SEQUEL,True,True
20894,20490,PARENT,True,True
20895,16099,PREQUEL,True,True
20895,21155,SEQUEL,True,True
20895,20021,PARENT,True,True
20900,20596,PREQUEL,True,True
20907,9253,PARENT,True,True
20915,15605,PREQUEL,True,True
20918,99678,CHARACTER,False,False
20918,21520,SIDE_STORY,True,True
20918,21745,SEQUEL,True,True
20918,21262,PREQUEL,True,True
20921,20564,PREQUEL,True,True
20921,21345,SEQUEL,True,True
20921,207082,CHARACTER,False,False
20924,20033,PARENT,True,True
20925,19319,PARENT,True,True
20926,19429,PREQUEL,True,True
20933,99964,OTHER,True,False
20934,12143,OTHER,True,False
20936,19157,PARENT,True,True
20940,97955,SIDE_STORY,True,True
20940,107917,ALTERNATIVE,True,True
20941,11371,PREQUEL,True,True
20941,20942,OTHER,True,False
20941,140187,SEQUEL,True,True
20942,20941,OTHER,True,False
20942,22,PARENT,True,True
20943,21807,ALTERNATIVE,True,True
20945,20467,PARENT,True,True
20947,87539,OTHER,True,False
20947,87487,OTHER,True,False
20947,99424,OTHER,True,False
20947,80,OTHER,False,False
20947,3786,OTHER,True,False
20947,21637,CHARACTER,True,False
20947,168992,OTHER,True,False
20948,20644,SEQUEL,True,True
20948,19291,PARENT,True,True
20956,1564,ALTERNATIVE,True,True
20957,122044,SIDE_STORY,True,True
20959,20516,PREQUEL,True,True
20960,20520,PARENT,True,True
20976,20975,PREQUEL,True,True
20978,97619,SEQUEL,True,True
20978,1412,ALTERNATIVE,False,False
20978,13203,PREQUEL,True,True
21003,20485,PARENT,True,True
21013,15051,CHARACTER,True,False
21013,106542,OTHER,True,False
21014,20519,PARENT,True,True
21023,21022,PREQUEL,True,True
21023,21024,SEQUEL,True,True
21023,176634,CHARACTER,False,False
21041,20529,OTHER,True,False
21047,21048,SEQUEL,True,True
21062,21076,SEQUEL,True,True
21067,21358,SIDE_STORY,True,True
21100,21785,OTHER,True,False
21111,100748,ALTERNATIVE,True,True
21121,20577,PARENT,True,True
21124,98080,PARENT,True,True
21125,20689,PARENT,True,True
21155,20895,PREQUEL,True,True
21155,101965,SEQUEL,True,True
21155,20594,PARENT,True,True
21173,21160,OTHER,True,False
21227,21226,PREQUEL,True,True
21233,99912,SEQUEL,True,True
21271,20644,OTHER,True,False
21280,382,PREQUEL,True,True
21303,20755,PARENT,True,True
21358,21067,PARENT,True,True
21434,20713,ALTERNATIVE,True,True
21478,98972,SIDE_STORY,True,True
21478,21535,PREQUEL,True,True
21478,145069,SEQUEL,True,True
21523,2380,PREQUEL,True,True
21525,16472,PREQUEL,True,True
21525,21527,OTHER,True,False
21535,21478,SEQUEL,True,True
21535,21561,PREQUEL,True,True
21542,108983,PREQUEL,True,True
21551,4698,PREQUEL,True,True
21561,21535,SEQUEL,True,True
21562,9904,PARENT,True,True
21617,21618,PREQUEL,True,True
21618,21617,SEQUEL,True,True
21619,100667,OTHER,True,False
21809,21810,SEQUEL,True,True
21834,10217,PARENT,True,True
21883,21884,PARENT,True,True
21884,21883,SIDE_STORY,True,True
87475,11255,PREQUEL,True,True
87475,105391,SEQUEL,True,True
97861,126757,SIDE_STORY,True,True
97861,126758,SIDE_STORY,True,True
97861,126759,CHARACTER,True,False
97861,126760,CHARACTER,False,False
97861,126761,CHARACTER,False,False
97861,126762,CHARACTER,False,False
97861,131971,OTHER,True,False
97861,140377,CHARACTER,True,False
97955,20940,PARENT,True,True
97955,107917,PARENT,True,True
98106,20556,PARENT,True,True
98225,5231,PARENT,True,True
98552,18205,ALTERNATIVE,True,True
98552,98553,SEQUEL,True,True
98703,16894,PARENT,True,True
99281,20457,CHARACTER,True,False
100716,20447,PARENT,True,True
102036,15195,PARENT,True,True
102337,21182,ALTERNATIVE,True,True
102337,102773,OTHER,False,False
102355,4935,ALTERNATIVE,False,False
102406,102773,OTHER,False,False
102572,18245,PARENT,True,True
102582,20498,PARENT,True,True
102617,15813,PARENT,True,True
102716,20503,PARENT,True,True
102934,138985,PREQUEL,True,True
104435,104388,PREQUEL,False,False
105049,19843,PREQUEL,True,True
105049,181642,SEQUEL,True,True
106542,21013,OTHER,True,False
107110,3848,PARENT,True,True
107110,21,PARENT,False,False
107188,90,PARENT,False,False
107188,196482,OTHER,False,False
107189,20649,PARENT,True,True
107340,76,PARENT,True,True
107340,108729,SEQUEL,True,True
107917,97955,SIDE_STORY,True,True
107917,20940,ALTERNATIVE,True,True
108729,107340,PREQUEL,True,True
108729,77,PARENT,True,True
108743,106507,PREQUEL,True,True
108972,20893,PREQUEL,True,True
108972,20666,PARENT,True,True
108983,21542,SEQUEL,True,True
108994,5267,CHARACTER,False,False
110245,12321,PARENT,True,True
110732,12029,PARENT,True,True
110954,5973,PARENT,True,True
114472,19337,SEQUEL,True,True
115336,182547,ALTERNATIVE,True,True
115764,21724,PARENT,True,True
116160,18983,PREQUEL,True,True
117284,18241,PREQUEL,True,True
117284,117285,SEQUEL,True,True
117284,121081,CHARACTER,False,False
117407,6525,PARENT,True,True
117969,102761,CHARACTER,False,False
117969,119542,ALTERNATIVE,False,False
118043,21837,CHARACTER,True,False
118043,21392,CHARACTER,True,False
119665,20533,PARENT,True,True
119784,1960,PARENT,False,False
119784,176874,OTHER,True,False
119793,119794,SEQUEL,True,True
119794,119793,PREQUEL,True,True
119794,135460,SEQUEL,True,True
121717,2892,PARENT,False,False
10937,80,SEQUEL,False,False
10937,108039,ALTERNATIVE,True,True
10937,1090,SEQUEL,False,False
10937,212323,CHARACTER,True,False
15199,15197,PREQUEL,True,True
15199,15201,SEQUEL,True,True
15199,109003,OTHER,True,False
15201,15199,PREQUEL,True,True
15201,21178,SEQUEL,True,True
15201,109004,OTHER,True,False
16385,11783,PREQUEL,True,True
16385,102483,SIDE_STORY,True,True
16385,109191,SIDE_STORY,True,True
17080,8098,PREQUEL,True,True
17080,21287,SEQUEL,True,True
17080,112303,ALTERNATIVE,False,False
17080,143201,PREQUEL,True,True
17919,9911,ALTERNATIVE,True,True
17919,107862,OTHER,False,False
18617,14131,PREQUEL,True,True
18617,21649,SEQUEL,True,True
18617,154146,OTHER,False,False
19489,14349,PREQUEL,True,True
19489,21858,ALTERNATIVE,True,True
20487,21252,PREQUEL,True,True
20511,21794,SEQUEL,True,True
20511,99000,ALTERNATIVE,True,True
20514,20513,PREQUEL,True,True
20514,104382,SEQUEL,True,True
20553,21294,SEQUEL,True,True
20553,21295,SEQUEL,True,True
20560,15793,PREQUEL,True,True
20560,21508,SIDE_STORY,True,True
20560,21672,SEQUEL,True,True
20566,21122,SEQUEL,True,True
20566,7311,PARENT,True,True
20601,20503,PARENT,True,True
20625,12403,PREQUEL,True,True
20625,21214,SEQUEL,True,True
20652,6746,PREQUEL,True,True
20652,20879,SEQUEL,True,True
20652,21068,SIDE_STORY,True,True
20654,16732,PREQUEL,True,True
20654,21753,SEQUEL,True,True
20657,21180,SEQUEL,True,True
20662,19251,PREQUEL,True,True
20662,21260,SEQUEL,True,True
20678,21209,SIDE_STORY,True,True
20678,21247,SEQUEL,True,True
20692,16498,ALTERNATIVE,True,True
20692,20691,PREQUEL,True,True
20692,123078,OTHER,False,False
20692,100465,SEQUEL,True,True
20693,21094,SEQUEL,True,True
20693,97765,SPIN_OFF,True,True
20693,113221,SPIN_OFF,True,True
20693,120122,OTHER,False,False
20693,10278,ALTERNATIVE,True,True
20693,128418,CHARACTER,True,False
20693,137075,CHARACTER,True,False
20693,138716,CHARACTER,False,False
20693,145433,CHARACTER,False,False
20693,120755,OTHER,True,False
20693,146975,SPIN_OFF,True,True
20693,142173,SIDE_STORY,True,True
20693,123994,CHARACTER,False,False
20694,21585,SIDE_STORY,True,True
20694,17549,PREQUEL,True,True
20694,109403,SEQUEL,True,True
20698,14813,PREQUEL,True,True
20698,21769,SIDE_STORY,True,True
20698,108489,SEQUEL,True,True
122044,20957,PARENT,True,True
122241,9689,PREQUEL,True,True
127510,1698,PARENT,True,True
129866,19495,PARENT,True,True
130912,18137,PREQUEL,True,True
138985,102934,SEQUEL,True,True
138985,136668,PREQUEL,True,True
139020,2044,PARENT,False,False
139678,19169,PREQUEL,True,True
140238,6266,OTHER,True,False
145353,15795,PREQUEL,True,True
147765,20706,PARENT,True,True
149036,9095,ALTERNATIVE,False,False
149036,5013,ALTERNATIVE,False,False
171447,20468,OTHER,True,False
176874,1960,PARENT,False,False
176874,119784,OTHER,True,False
177225,121961,PREQUEL,True,True
177225,177226,SEQUEL,True,True
197977,197976,PREQUEL,True,True
206519,19653,PREQUEL,True,True
20724,20462,OTHER,True,False
20725,16894,PREQUEL,True,True
20725,21235,SIDE_STORY,True,True
20725,21377,SEQUEL,True,True
20725,98704,OTHER,True,False
20725,102839,SUMMARY,True,True
20725,98525,SIDE_STORY,True,True
20727,21640,SIDE_STORY,True,True
20727,97886,SEQUEL,True,True
20732,20431,PARENT,True,True
20737,20736,PREQUEL,True,True
20737,21248,SEQUEL,True,True
20740,20966,PARENT,True,True
20741,20767,PREQUEL,True,True
20741,100722,SEQUEL,True,True
20745,21279,SIDE_STORY,True,True
20745,15451,PREQUEL,True,True
20745,21573,SIDE_STORY,True,True
20745,97767,SEQUEL,True,True
20746,21253,SEQUEL,True,True
20754,106606,OTHER,False,False
20755,21170,SEQUEL,True,True
20755,21303,SIDE_STORY,True,True
20755,21864,SPIN_OFF,True,True
20755,101102,SUMMARY,True,True
20755,97985,SPIN_OFF,True,True
20755,19759,ALTERNATIVE,True,True
20755,198373,SIDE_STORY,True,True
20762,19775,PREQUEL,True,True
20762,99730,SEQUEL,True,True
20763,18893,ALTERNATIVE,True,True
20763,20764,SEQUEL,True,True
20764,18893,PREQUEL,True,True
20764,20763,PREQUEL,True,True
20766,19111,PREQUEL,True,True
20766,21584,SEQUEL,True,True
20768,20963,SEQUEL,True,True
20768,102629,CHARACTER,False,False
20768,18153,PARENT,True,True
20771,21492,SIDE_STORY,True,True
20774,21493,SIDE_STORY,True,True
20778,813,PARENT,False,False
20778,14837,PREQUEL,True,True
20778,21175,ALTERNATIVE,True,True
20780,20529,PARENT,True,True
20788,20675,PREQUEL,True,True
20788,98964,SPIN_OFF,True,True
20788,102101,SEQUEL,True,True
20792,19603,PREQUEL,True,True
20792,21318,ALTERNATIVE,True,True
20793,106456,SEQUEL,True,True
20796,4814,PREQUEL,True,True
20799,20474,PREQUEL,True,True
20799,666,ALTERNATIVE,False,False
20799,665,ALTERNATIVE,True,True
20799,21450,SEQUEL,True,True
20801,14713,PREQUEL,True,True
20801,21186,SIDE_STORY,True,True
20802,2398,PREQUEL,True,True
20802,21500,SEQUEL,True,True
20805,15731,PREQUEL,True,True
20805,21135,SEQUEL,True,True
20807,21565,SEQUEL,True,True
20811,16498,SEQUEL,True,True
20815,102077,SIDE_STORY,True,True
20819,10521,PREQUEL,True,True
20819,21384,SEQUEL,True,True
20820,1915,PREQUEL,True,True
20820,21871,SIDE_STORY,True,True
20822,20538,PREQUEL,True,True
20823,15377,PREQUEL,True,True
20823,21299,SIDE_STORY,True,True
20824,15699,PREQUEL,True,True
20829,21483,SIDE_STORY,True,True
20829,21586,SEQUEL,True,True
20829,20993,SEQUEL,True,True
20832,87489,SIDE_STORY,True,True
20832,98437,SEQUEL,True,True
20832,98873,SUMMARY,True,True
20832,98874,SUMMARY,True,True
20832,21305,SIDE_STORY,True,True
20832,104454,CHARACTER,True,False
20832,110178,CHARACTER,True,False
20832,117074,CHARACTER,True,False
20832,166035,SIDE_STORY,True,True
20832,194447,CHARACTER,True,False
20833,20444,PREQUEL,True,True
20833,21136,SEQUEL,True,True
20833,21438,SIDE_STORY,True,True
20839,21338,SIDE_STORY,True,True
20843,21476,SEQUEL,True,True
20843,21477,SIDE_STORY,True,True
20843,121754,OTHER,True,False
20843,121755,OTHER,True,False
20844,17513,PARENT,True,True
20845,20467,PREQUEL,True,True
20845,21325,SIDE_STORY,True,True
20845,21379,SEQUEL,True,True
20848,17267,PREQUEL,True,True
20848,21314,SEQUEL,True,True
20849,10470,PREQUEL,True,True
20849,110344,ALTERNATIVE,True,True
20850,100240,SEQUEL,True,True
20850,20605,PREQUEL,True,True
20853,20632,PREQUEL,True,True
20853,181440,SEQUEL,True,True
20853,185714,SUMMARY,True,True
20854,20510,PREQUEL,True,True
20862,20467,PARENT,True,True
20868,20648,PREQUEL,True,True
20876,18897,PREQUEL,True,True
20876,119947,SIDE_STORY,True,True
20877,21293,SEQUEL,True,True
20877,188138,SPIN_OFF,True,True
20879,20652,PREQUEL,True,True
20879,20880,SEQUEL,True,True
20879,21331,SIDE_STORY,True,True
20881,132321,OTHER,False,False
20902,17827,PARENT,True,True
20904,20656,PARENT,True,True
20906,1426,PREQUEL,False,False
20906,21822,SIDE_STORY,True,True
20906,21821,SIDE_STORY,True,True
20906,100957,SEQUEL,True,True
20912,21255,SIDE_STORY,True,True
20912,21376,SIDE_STORY,True,True
20912,21460,SEQUEL,True,True
20912,21638,SUMMARY,True,True
20913,16904,PREQUEL,True,True
20916,15605,PARENT,True,True
20917,20742,PARENT,True,True
20917,12863,CHARACTER,True,False
20917,17249,CHARACTER,True,False
20917,10257,CHARACTER,True,False
20920,101167,SEQUEL,True,True
20920,21660,SIDE_STORY,True,True
20920,101166,SIDE_STORY,True,True
20920,21676,SIDE_STORY,True,True
20922,3008,OTHER,False,False
20923,21518,SEQUEL,True,True
20923,21691,SIDE_STORY,True,True
20928,3515,PARENT,True,True
20929,17731,PREQUEL,True,True
20929,21354,SEQUEL,True,True
20930,21251,SIDE_STORY,True,True
20930,101216,SEQUEL,True,True
20931,14353,ALTERNATIVE,True,True
20931,1535,CHARACTER,True,False
20935,1762,ALTERNATIVE,False,False
20935,21317,SIDE_STORY,True,True
20935,21424,SEQUEL,True,True
20935,21817,SIDE_STORY,True,True
20935,107141,OTHER,True,False
20937,19157,PARENT,True,True
20938,20812,PARENT,True,True
20944,20540,OTHER,True,False
20949,98577,SEQUEL,True,True
20949,21433,SIDE_STORY,True,True
20953,21357,SEQUEL,True,True
20955,106895,SIDE_STORY,False,False
20962,15195,PREQUEL,True,True
20962,99883,OTHER,True,False
20963,20768,PREQUEL,True,True
20963,18153,PREQUEL,True,True
20966,20359,ALTERNATIVE,True,True
20966,21208,SPIN_OFF,True,True
20966,20740,SIDE_STORY,True,True
20970,20972,ALTERNATIVE,True,True
20974,21210,SEQUEL,True,True
20981,116195,OTHER,False,False
20984,21490,SEQUEL,True,True
20984,102499,SIDE_STORY,True,True
20985,20742,PREQUEL,True,True
20985,21559,SEQUEL,True,True
20987,21327,SIDE_STORY,True,True
20987,21328,SPIN_OFF,True,True
20987,98572,SEQUEL,True,True
20988,20636,PREQUEL,True,True
20989,19023,PREQUEL,True,True
20989,21107,SEQUEL,True,True
20990,20842,PREQUEL,True,True
20990,21289,SEQUEL,True,True
20990,185,ALTERNATIVE,False,False
20990,145405,ALTERNATIVE,True,True
20991,8630,ALTERNATIVE,True,True
20992,21698,SEQUEL,True,True
20992,98884,SUMMARY,True,True
20992,107351,SUMMARY,True,True
20992,21348,SIDE_STORY,True,True
20992,20464,PREQUEL,True,True
20993,21586,PREQUEL,True,True
20993,21765,SIDE_STORY,True,True
20993,20829,PREQUEL,True,True
20994,21364,SEQUEL,True,True
20995,13663,PREQUEL,True,True
20995,21852,SEQUEL,True,True
20996,15417,PREQUEL,True,True
20996,21501,SIDE_STORY,True,True
20996,21588,SIDE_STORY,True,True
20996,97889,SEQUEL,True,True
20996,15335,PREQUEL,True,True
20997,21339,SIDE_STORY,True,True
20997,118419,CHARACTER,True,False
20997,6547,CHARACTER,True,False
20997,207886,OTHER,False,False
20998,19799,PREQUEL,True,True
20999,20267,PREQUEL,True,True
21000,20735,PREQUEL,True,True
21001,603,ALTERNATIVE,True,True
21001,21323,SIDE_STORY,True,True
21001,20577,ALTERNATIVE,True,True
21001,21506,ALTERNATIVE,True,True
21001,100661,ALTERNATIVE,True,True
21001,1932,ALTERNATIVE,True,True
21001,5684,ALTERNATIVE,True,True
21001,7645,ALTERNATIVE,True,True
21001,1534,ALTERNATIVE,True,True
21001,9893,ALTERNATIVE,True,True
21001,12191,ALTERNATIVE,True,True
21001,16419,ALTERNATIVE,True,True
21001,98059,ALTERNATIVE,True,True
21001,21137,CHARACTER,True,False
21001,21504,CHARACTER,True,False
21001,99642,CHARACTER,True,False
21001,101908,CHARACTER,True,False
21001,105857,ALTERNATIVE,True,True
21001,112748,ALTERNATIVE,True,True
21001,126905,ALTERNATIVE,True,True
21001,142080,ALTERNATIVE,True,True
21001,157883,ALTERNATIVE,True,True
21001,159429,CHARACTER,True,False
21001,171030,ALTERNATIVE,True,True
21001,185073,ALTERNATIVE,True,True
21001,188394,CHARACTER,True,False
21001,202957,ALTERNATIVE,True,True
21004,20818,PREQUEL,True,True
21004,21427,SEQUEL,True,True
21005,17729,PREQUEL,True,True
21005,21006,SEQUEL,True,True
21005,21312,SIDE_STORY,True,True
21006,21005,PREQUEL,True,True
21006,21415,SIDE_STORY,True,True
21006,99470,SEQUEL,True,True
21007,20701,PARENT,True,True
21008,20751,PREQUEL,True,True
21009,21737,SEQUEL,True,True
21010,17729,PARENT,True,True
21011,20677,PARENT,True,True
21018,102471,OTHER,False,False
21020,5082,OTHER,True,False
21020,21635,SEQUEL,True,True
21020,19825,ALTERNATIVE,True,True
21020,11017,ALTERNATIVE,True,True
21020,6901,ALTERNATIVE,True,True
21020,14913,ALTERNATIVE,True,True
21020,21635,ALTERNATIVE,True,True
21020,5082,ALTERNATIVE,True,True
21020,187990,ALTERNATIVE,True,True
21024,21023,PREQUEL,True,True
21024,21603,SEQUEL,True,True
21028,97954,SIDE_STORY,True,True
21030,21245,PREQUEL,True,True
21032,21368,SEQUEL,True,True
21032,143307,OTHER,False,False
21034,20517,PREQUEL,True,True
21034,21813,SEQUEL,True,True
21034,104199,SIDE_STORY,True,True
21038,842,ALTERNATIVE,False,False
21038,21241,SEQUEL,True,True
21038,110694,CHARACTER,True,False
21039,20665,SEQUEL,True,True
21045,98206,SEQUEL,True,True
21046,17513,PREQUEL,True,True
21048,21047,PREQUEL,True,True
21048,98763,SEQUEL,True,True
21053,20602,PARENT,True,True
21054,21285,SEQUEL,True,True
21056,17187,ALTERNATIVE,True,True
21056,19191,ALTERNATIVE,True,True
21056,19193,ALTERNATIVE,True,True
21056,19195,ALTERNATIVE,True,True
21056,21057,SEQUEL,True,True
21057,21056,PREQUEL,True,True
21057,123077,OTHER,False,False
21058,21258,SEQUEL,True,True
21058,21313,SIDE_STORY,True,True
21059,21381,SIDE_STORY,True,True
21064,20631,PARENT,True,True
21065,19305,PREQUEL,True,True
21065,147462,OTHER,True,False
21068,20652,PARENT,True,True
21069,21071,OTHER,True,False
21069,21070,OTHER,True,False
21069,21072,OTHER,True,False
21070,21071,OTHER,True,False
21070,21069,OTHER,True,False
21070,21072,OTHER,True,False
21071,21070,OTHER,True,False
21071,21069,OTHER,True,False
21071,21072,OTHER,True,False
21071,101309,OTHER,True,False
21072,21071,OTHER,True,False
21072,21070,OTHER,True,False
21072,21069,OTHER,True,False
21075,21445,OTHER,True,False
21076,21062,PREQUEL,True,True
21076,21139,SEQUEL,True,True
21077,20602,PREQUEL,True,True
21078,21414,SEQUEL,True,True
21079,15125,PARENT,True,True
21079,21436,SIDE_STORY,True,True
21085,18689,PREQUEL,True,True
21085,98582,SEQUEL,True,True
21085,105749,SEQUEL,True,True
21087,21416,SIDE_STORY,True,True
21087,97668,SEQUEL,True,True
21087,21386,PREQUEL,True,True
21088,21214,PREQUEL,True,True
21088,102090,SEQUEL,True,True
21091,20614,PARENT,True,True
21093,21389,SIDE_STORY,True,True
21093,21650,SIDE_STORY,True,True
21094,20693,PREQUEL,True,True
21094,21564,SEQUEL,True,True
21095,3638,OTHER,True,False
21097,9204,ALTERNATIVE,True,True
21097,111015,ALTERNATIVE,True,True
21098,18277,PARENT,True,True
21103,15451,PARENT,True,True
21104,20789,PARENT,True,True
21105,21169,SEQUEL,True,True
21105,21869,OTHER,True,False
21107,20989,PREQUEL,True,True
21107,97933,SEQUEL,True,True
21108,21465,SEQUEL,True,True
21108,99131,CHARACTER,True,False
21110,102508,SIDE_STORY,True,True
21110,21247,PREQUEL,True,True
21110,21489,SEQUEL,True,True
21112,21383,SIDE_STORY,True,True
21113,20033,PREQUEL,True,True
21113,21332,SEQUEL,True,True
21114,20723,PREQUEL,True,True
21114,21407,SEQUEL,True,True
21115,10447,PREQUEL,True,True
21115,162921,SEQUEL,True,True
21116,21413,SIDE_STORY,True,True
21118,21759,SEQUEL,True,True
21119,478,PARENT,True,True
21119,10447,PARENT,True,True
21120,21244,SEQUEL,True,True
21120,20464,PARENT,True,True
21122,20566,PREQUEL,True,True
21128,20447,PREQUEL,True,True
21128,119941,SIDE_STORY,True,True
21128,102507,CHARACTER,False,False
21129,15119,PARENT,True,True
21131,21390,SEQUEL,True,True
21131,175048,OTHER,False,False
21132,20605,SEQUEL,True,True
21134,6008,ALTERNATIVE,True,True
21134,8217,ALTERNATIVE,True,True
21134,10359,ALTERNATIVE,True,True
21134,12963,ALTERNATIVE,True,True
21134,17497,ALTERNATIVE,True,True
21134,20784,ALTERNATIVE,True,True
21134,113689,ALTERNATIVE,True,True
21135,20805,PREQUEL,True,True
21135,21324,SEQUEL,True,True
21136,20833,PREQUEL,True,True
21136,21301,SEQUEL,True,True
21136,21437,SIDE_STORY,True,True
21137,21504,SEQUEL,True,True
21137,20549,PREQUEL,True,True
21137,5684,CHARACTER,True,False
21137,1932,CHARACTER,True,False
21137,7645,CHARACTER,True,False
21137,1534,CHARACTER,True,False
21137,12191,CHARACTER,True,False
21137,20577,CHARACTER,True,False
21137,603,CHARACTER,True,False
21137,21001,CHARACTER,True,False
21137,9893,CHARACTER,True,False
21137,16419,CHARACTER,True,False
21138,20770,PARENT,True,True
21139,21076,PREQUEL,True,True
21148,4399,OTHER,True,False
21148,6041,OTHER,True,False
21148,21369,OTHER,True,False
21148,98766,OTHER,True,False
21154,19775,PARENT,True,True
21156,102168,SIDE_STORY,True,True
21157,19067,PREQUEL,True,True
21157,21652,SEQUEL,True,True
21158,18507,SEQUEL,True,True
21160,21173,OTHER,True,False
21166,108064,ALTERNATIVE,True,True
21167,106320,SEQUEL,True,True
21169,21105,PREQUEL,True,True
21169,21869,PARENT,True,True
21175,20635,PREQUEL,True,True
21175,813,PREQUEL,False,False
21175,102352,ALTERNATIVE,True,True
21175,20778,ALTERNATIVE,True,True
21175,14837,ALTERNATIVE,True,True
21175,2222,CHARACTER,False,False
21175,101302,SEQUEL,True,True
21175,147996,OTHER,False,False
21175,177442,SIDE_STORY,True,True
21175,170083,PREQUEL,True,True
21175,206814,SUMMARY,True,True
21179,21337,SIDE_STORY,True,True
21182,102337,ALTERNATIVE,True,True
21186,20801,PARENT,True,True
21186,98033,SEQUEL,True,True
21187,1520,SEQUEL,False,False
21187,2213,SEQUEL,True,True
21187,101347,CHARACTER,True,False
21192,21387,SEQUEL,True,True
21194,20723,ALTERNATIVE,True,True
21194,20808,PREQUEL,True,True
21200,15313,CHARACTER,True,False
21203,1470,PARENT,False,False
21207,20794,PARENT,True,True
21208,20966,PARENT,True,True
21209,20678,PARENT,True,True
21210,20974,PREQUEL,True,True
21212,21341,ALTERNATIVE,True,True
21212,21505,SEQUEL,True,True
21214,20625,PREQUEL,True,True
21214,21088,SEQUEL,True,True
21218,98547,SIDE_STORY,True,True
21218,102573,PREQUEL,True,True
21218,112640,SEQUEL,True,True
21220,21579,PREQUEL,True,True
21220,97938,ALTERNATIVE,True,True
21225,21636,SEQUEL,True,True
21228,21226,ALTERNATIVE,True,True
21228,21572,SIDE_STORY,True,True
21229,3006,PREQUEL,True,True
21230,21,PARENT,False,False
21231,4690,PARENT,False,False
21231,2252,PARENT,False,False
21232,967,PARENT,False,False
21232,17705,PREQUEL,True,True
21235,20725,PARENT,True,True
21237,102604,ALTERNATIVE,True,True
21237,110643,OTHER,True,False
21237,112036,CHARACTER,True,False
21243,21359,CHARACTER,True,False
21244,21120,PREQUEL,True,True
21244,20464,PARENT,True,True
21244,98884,SEQUEL,True,True
21247,20678,PREQUEL,True,True
21247,21110,SEQUEL,True,True
21249,21540,SEQUEL,True,True
21251,20930,PARENT,True,True
21252,20487,SEQUEL,True,True
21252,18229,PREQUEL,True,True
21253,20746,PREQUEL,True,True
21254,97874,OTHER,True,False
21255,20912,PARENT,True,True
21257,20852,PREQUEL,True,True
21257,21633,SEQUEL,True,True
21261,9883,PREQUEL,False,False
21261,21510,ALTERNATIVE,True,True
21261,21591,SIDE_STORY,True,True
21261,97915,SIDE_STORY,True,True
21261,97916,SIDE_STORY,True,True
21261,98565,SEQUEL,True,True
21261,104213,SIDE_STORY,True,True
21261,135177,SIDE_STORY,True,True
21261,135178,SIDE_STORY,True,True
21261,145557,SIDE_STORY,True,True
21261,169227,SPIN_OFF,True,True
21262,17074,PREQUEL,True,True
21262,20918,SEQUEL,True,True
21266,19291,PARENT,True,True
21266,21270,OTHER,True,False
21266,21304,PREQUEL,True,True
21266,105616,PREQUEL,True,True
21267,951,PARENT,False,False
21268,21749,SEQUEL,True,True
21268,80,PARENT,False,False
21268,114842,SIDE_STORY,True,True
21268,212323,CHARACTER,True,False
21270,21266,OTHER,True,False
21275,21491,SIDE_STORY,True,True
21276,20672,PARENT,True,True
21277,20753,OTHER,True,False
21277,99796,OTHER,True,False
21277,102429,SIDE_STORY,True,True
21277,101370,OTHER,True,False
21279,20745,PARENT,True,True
21281,16498,PARENT,True,True
21285,21054,PREQUEL,True,True
21285,21797,SEQUEL,True,True
21286,20642,PREQUEL,True,True
21286,21589,SIDE_STORY,True,True
21287,17080,PREQUEL,True,True
21287,98056,SEQUEL,True,True
21288,87499,PREQUEL,True,True
21288,98094,SIDE_STORY,True,True
21288,98096,SEQUEL,True,True
21288,98095,PREQUEL,True,True
21288,101926,OTHER,True,False
21288,104188,SIDE_STORY,True,True
21288,111952,CHARACTER,True,False
21288,136143,OTHER,False,False
21288,118971,OTHER,False,False
21288,179873,OTHER,True,False
21288,196230,OTHER,True,False
21299,20823,PARENT,True,True
21301,21136,PREQUEL,True,True
21301,21513,SEQUEL,True,True
21301,98759,SIDE_STORY,True,True
21304,19291,PARENT,True,True
21304,21266,SEQUEL,True,True
21305,87489,SEQUEL,True,True
21305,20832,PARENT,True,True
21305,101083,SEQUEL,True,True
21305,107264,PARENT,True,True
21307,20794,PREQUEL,True,True
21307,98332,SIDE_STORY,True,True
21307,148960,SEQUEL,True,True
21312,21005,PARENT,True,True
21317,20935,PARENT,True,True
21318,20792,ALTERNATIVE,True,True
21318,6922,ALTERNATIVE,True,True
21320,21886,SEQUEL,True,True
21320,100071,SIDE_STORY,True,True
21323,21001,PARENT,True,True
21324,21135,PREQUEL,True,True
21324,21554,SEQUEL,True,True
21325,20845,PARENT,True,True
21326,20605,SEQUEL,True,True
21327,20987,PARENT,True,True
21328,20987,PARENT,True,True
21331,20879,PARENT,True,True
21332,21113,PREQUEL,True,True
21337,21179,PARENT,True,True
21338,20839,PARENT,True,True
21344,18391,PREQUEL,True,True
21344,136517,SEQUEL,True,True
21345,20921,PREQUEL,True,True
21345,21664,SEQUEL,True,True
21347,6525,OTHER,True,False
21348,20992,PARENT,True,True
21353,157171,SEQUEL,True,True
21354,20929,PREQUEL,True,True
21354,21528,SEQUEL,True,True
21356,19291,PREQUEL,True,True
21356,21651,SIDE_STORY,True,True
21356,97634,SEQUEL,True,True
21356,106499,SEQUEL,True,True
21367,20865,PREQUEL,True,True
21367,115345,OTHER,True,False
21369,4399,OTHER,True,False
21369,6041,OTHER,True,False
21369,21148,OTHER,True,False
21369,98766,OTHER,True,False
21374,6685,PARENT,True,True
21376,20912,PARENT,True,True
21381,21059,PARENT,True,True
21383,21112,PARENT,True,True
21384,20819,PREQUEL,True,True
21386,21087,SEQUEL,True,True
21387,21192,PREQUEL,True,True
21387,87480,SEQUEL,True,True
21389,21093,PARENT,True,True
21392,21837,ALTERNATIVE,True,True
21392,118043,CHARACTER,True,False
21401,3479,PREQUEL,True,True
21401,97854,SEQUEL,True,True
21405,20591,PREQUEL,True,True
21408,20855,PREQUEL,True,True
21414,21078,PREQUEL,True,True
21415,21006,PARENT,True,True
21433,20949,PARENT,True,True
21436,21079,PARENT,True,True
21437,21136,PARENT,True,True
21438,20833,PARENT,True,True
21442,20851,PREQUEL,True,True
21446,20521,PARENT,True,True
21446,21447,OTHER,True,False
21447,21446,OTHER,True,False
21448,126645,SEQUEL,False,False
21448,126646,SIDE_STORY,False,False
21453,20742,OTHER,True,False
21463,21511,ALTERNATIVE,True,True
21465,21108,PREQUEL,True,True
21466,21521,OTHER,True,False
21483,20829,PARENT,True,True
21485,21,PARENT,False,False
21491,21275,PARENT,True,True
21501,20996,PARENT,True,True
21508,20560,PARENT,True,True
21527,21525,OTHER,True,False
21547,21634,OTHER,True,False
21573,20745,PREQUEL,True,True
21573,97767,SEQUEL,True,True
21573,20745,PARENT,True,True
21589,21286,PARENT,True,True
21620,8110,PREQUEL,True,True
21624,9253,ALTERNATIVE,True,True
21624,21127,SEQUEL,True,True
21642,5671,PARENT,True,True
21646,235,PARENT,False,False
21667,10590,CHARACTER,True,False
21724,21725,SEQUEL,True,True
21724,115763,OTHER,True,False
21724,115764,OTHER,True,False
21807,21808,SEQUEL,True,True
21807,20943,ALTERNATIVE,True,True
21822,20906,PARENT,True,True
21852,20995,PREQUEL,True,True
21852,21853,SEQUEL,True,True
21881,21882,ALTERNATIVE,False,False
97610,10884,PARENT,True,True
97956,21722,PARENT,True,True
97959,21002,PARENT,True,True
98223,98224,SEQUEL,True,True
98704,20725,PARENT,True,True
98744,966,PARENT,False,False
98744,20535,PREQUEL,True,True
98744,100289,SEQUEL,True,True
98763,21048,PREQUEL,True,True
98763,98764,SEQUEL,True,True
98964,20788,PARENT,True,True
98972,21478,PARENT,True,True
99883,20962,PARENT,True,True
100291,8687,PARENT,True,True
100339,143305,PREQUEL,True,True
101090,9756,CHARACTER,True,False
101816,17259,PREQUEL,True,True
101816,16894,PARENT,True,True
101816,98525,SEQUEL,True,True
102077,20815,PARENT,True,True
102098,20753,PREQUEL,True,True
102098,21426,SEQUEL,True,True
102103,3737,SEQUEL,False,False
102168,21156,PARENT,True,True
102233,102234,PREQUEL,False,False
102483,16385,PARENT,True,True
102499,20984,PARENT,True,True
102525,20658,PARENT,True,True
102628,9941,PARENT,True,True
102801,101359,ALTERNATIVE,True,True
104162,5267,ALTERNATIVE,False,False
105616,19291,PARENT,True,True
105616,21266,SEQUEL,True,True
106456,20793,PREQUEL,True,True
106495,18897,PARENT,True,True
106495,5081,PARENT,True,True
107199,20521,PARENT,True,True
107199,20711,PARENT,True,True
108730,1915,PARENT,True,True
109003,15199,PARENT,True,True
109004,15201,PARENT,True,True
109191,16385,PARENT,True,True
117285,117284,PREQUEL,True,True
117285,117286,SEQUEL,True,True
119941,21128,PARENT,True,True
9260,21399,SEQUEL,True,True
9260,181970,SUMMARY,True,True
15227,112135,ALTERNATIVE,True,True
20454,3667,PARENT,True,True
20454,98209,SIDE_STORY,True,True
20454,121681,SPIN_OFF,True,True
20680,3572,PREQUEL,True,True
20680,97952,SIDE_STORY,True,True
20680,118126,SEQUEL,True,True
20680,101126,ALTERNATIVE,True,True
20880,20879,PREQUEL,True,True
20880,21695,SIDE_STORY,True,True
20950,105244,SEQUEL,True,True
20950,169766,OTHER,True,False
20954,107764,OTHER,False,False
20972,20970,ALTERNATIVE,True,True
20972,21733,SEQUEL,True,True
21002,97959,SIDE_STORY,True,True
21025,102615,OTHER,False,False
21043,3297,PREQUEL,True,True
21043,117556,SEQUEL,True,True
21049,98635,SEQUEL,True,True
21051,97875,SEQUEL,True,True
21051,100227,SIDE_STORY,True,True
21123,16932,ALTERNATIVE,True,True
21123,97988,SEQUEL,True,True
21123,122922,ALTERNATIVE,True,True
21123,11077,CHARACTER,True,False
21170,20755,PREQUEL,True,True
21170,21678,SIDE_STORY,True,True
21170,101102,SUMMARY,True,True
21170,97985,SPIN_OFF,True,True
21170,1050,CHARACTER,True,False
21170,21804,CHARACTER,True,False
21170,11771,CHARACTER,True,False
21177,21836,SEQUEL,True,True
21177,98642,SIDE_STORY,True,True
21178,15201,PREQUEL,True,True
21178,109005,OTHER,True,False
21196,97918,SEQUEL,True,True
21196,98662,SUMMARY,True,True
21196,98663,SUMMARY,True,True
120071,120074,SEQUEL,True,True
125268,4654,PARENT,True,True
125271,7867,PREQUEL,True,True
126757,97861,PARENT,True,True
126877,129845,ALTERNATIVE,True,True
131642,18941,PARENT,True,True
143305,100339,SEQUEL,True,True
145902,121961,OTHER,True,False
145902,101348,PARENT,True,True
147462,2553,CHARACTER,False,False
147462,6468,CHARACTER,False,False
147462,21065,OTHER,True,False
147815,147814,PREQUEL,True,True
166035,20832,PARENT,True,True
174844,1960,PARENT,False,False
174844,176875,OTHER,True,False
176875,174844,OTHER,True,False
176875,1960,PARENT,False,False
181642,105049,PREQUEL,True,True
187215,3008,ALTERNATIVE,False,False
189721,189722,SEQUEL,True,True
189721,189726,SIDE_STORY,True,True
189726,189721,PARENT,True,True
200648,4459,PARENT,False,False
21197,99841,SIDE_STORY,True,True
21197,21441,ALTERNATIVE,True,True
21201,11021,SEQUEL,True,True
21201,112716,PARENT,True,True
21202,21574,SIDE_STORY,True,True
21202,21699,SEQUEL,True,True
21202,104454,CHARACTER,True,False
21202,110178,CHARACTER,True,False
21202,117074,CHARACTER,True,False
21202,150075,SPIN_OFF,True,True
21202,194447,CHARACTER,True,False
21213,207886,OTHER,False,False
21221,20730,ALTERNATIVE,True,True
21221,97645,SEQUEL,True,True
21221,109189,CHARACTER,True,False
21236,288,OTHER,True,False
21236,98289,SEQUEL,True,True
21236,136668,ALTERNATIVE,True,True
21239,21774,SEQUEL,True,True
21241,21038,PREQUEL,True,True
21242,101996,SIDE_STORY,True,True
21248,20737,PREQUEL,True,True
21250,98546,SEQUEL,True,True
21256,21592,SIDE_STORY,True,True
21256,98814,SIDE_STORY,True,True
21258,21058,PREQUEL,True,True
21260,20662,PREQUEL,True,True
21260,107252,SEQUEL,True,True
21264,108358,ALTERNATIVE,True,True
21264,109280,OTHER,True,False
21265,481,PREQUEL,True,True
21265,102505,OTHER,True,False
21265,550,OTHER,False,False
21269,100537,SIDE_STORY,True,True
21269,100768,SIDE_STORY,True,True
21274,20714,ALTERNATIVE,True,True
21274,20615,ALTERNATIVE,True,True
21284,21721,SIDE_STORY,True,True
21284,102001,SIDE_STORY,True,True
21289,20990,PREQUEL,True,True
21289,185,ALTERNATIVE,False,False
21289,145405,ALTERNATIVE,True,True
21291,21790,SIDE_STORY,True,True
21292,21775,SIDE_STORY,True,True
21293,20877,PREQUEL,True,True
21293,98599,SEQUEL,True,True
21295,20553,PREQUEL,True,True
21296,21757,SEQUEL,True,True
21296,98977,ALTERNATIVE,True,True
21296,107352,SIDE_STORY,True,True
21296,122030,CHARACTER,False,False
21296,139300,CHARACTER,False,False
21296,138459,CHARACTER,True,False
21300,20629,PREQUEL,True,True
21300,97989,SEQUEL,True,True
21306,97951,SIDE_STORY,True,True
21306,21777,SEQUEL,True,True
21311,21679,SEQUEL,True,True
21311,98384,OTHER,True,False
21311,120150,SPIN_OFF,True,True
21313,21058,PARENT,True,True
21314,20848,PREQUEL,True,True
21316,97667,SEQUEL,True,True
21321,87538,SIDE_STORY,True,True
21334,21789,SIDE_STORY,True,True
21335,21,PARENT,False,False
21335,21880,PREQUEL,True,True
21335,105143,SEQUEL,True,True
21335,21831,PREQUEL,True,True
21339,20997,PARENT,True,True
21340,160803,SEQUEL,True,True
21341,21212,ALTERNATIVE,True,True
21341,21487,SIDE_STORY,True,True
21341,21799,SEQUEL,True,True
21355,21780,SPIN_OFF,True,True
21355,21891,SPIN_OFF,True,True
21355,100049,SIDE_STORY,True,True
21355,104454,CHARACTER,True,False
21355,108632,SEQUEL,True,True
21355,110178,CHARACTER,True,False
21355,117074,CHARACTER,True,False
21355,166093,CHARACTER,True,False
21355,194447,CHARACTER,True,False
21357,20953,PREQUEL,True,True
21357,97670,SEQUEL,True,True
21359,21243,CHARACTER,True,False
21360,97966,CHARACTER,True,False
21360,101313,SEQUEL,True,True
21364,20994,PREQUEL,True,True
21364,195496,SEQUEL,False,False
21365,99734,SEQUEL,True,True
21365,99753,CHARACTER,True,False
21366,98478,SEQUEL,True,True
21366,21587,CHARACTER,False,False
21366,102293,OTHER,False,False
21366,155014,OTHER,True,False
21368,21032,PREQUEL,True,True
21368,100658,SEQUEL,True,True
21378,97936,SIDE_STORY,False,False
21379,20845,PREQUEL,True,True
21379,87488,SIDE_STORY,True,True
21379,97757,SEQUEL,True,True
21382,97665,SEQUEL,True,True
21382,132528,CHARACTER,True,False
21382,143150,CHARACTER,True,False
21385,20789,PREQUEL,True,True
21385,99539,SEQUEL,True,True
21388,4719,PARENT,True,True
21390,21131,PREQUEL,True,True
21394,20609,ALTERNATIVE,True,True
21394,14513,SEQUEL,True,True
21395,21398,OTHER,True,False
21395,21397,OTHER,True,False
21395,21396,OTHER,True,False
21396,21398,OTHER,True,False
21396,21397,OTHER,True,False
21396,21395,OTHER,True,False
21397,21398,OTHER,True,False
21397,21396,OTHER,True,False
21397,21395,OTHER,True,False
21398,21397,OTHER,True,False
21398,21396,OTHER,True,False
21398,21395,OTHER,True,False
21398,12141,ALTERNATIVE,False,False
21399,9260,PREQUEL,True,True
21399,21400,SEQUEL,True,True
21399,181970,SUMMARY,True,True
21404,11759,PARENT,True,True
21406,98536,SIDE_STORY,True,True
21406,100532,SEQUEL,True,True
21406,110578,SIDE_STORY,True,True
21409,10257,OTHER,True,False
21409,97631,SEQUEL,True,True
21409,17249,PARENT,True,True
21412,163831,CHARACTER,False,False
21413,21116,PARENT,True,True
21416,21087,PARENT,True,True
21417,21534,SEQUEL,True,True
21421,111909,OTHER,False,False
21422,21892,SEQUEL,True,True
21423,21784,SIDE_STORY,True,True
21424,20935,PREQUEL,True,True
21424,110641,SIDE_STORY,False,False
21426,102098,PREQUEL,True,True
21427,21004,PREQUEL,True,True
21427,21859,SEQUEL,True,True
21428,21599,SIDE_STORY,True,True
21429,541,PREQUEL,True,True
21429,165749,SEQUEL,True,True
21431,21444,OTHER,True,False
21432,99693,ALTERNATIVE,True,True
21435,11355,OTHER,True,False
21435,15439,OTHER,True,False
21435,20781,OTHER,True,False
21440,615,ALTERNATIVE,True,True
21441,21197,ALTERNATIVE,True,True
21444,21431,OTHER,True,False
21445,21075,OTHER,True,False
21450,20799,PREQUEL,True,True
21450,102883,SEQUEL,True,True
21450,21778,SIDE_STORY,True,True
21454,20742,OTHER,True,False
21455,97637,SEQUEL,True,True
21458,80,PARENT,False,False
21458,21893,ALTERNATIVE,True,True
21458,97853,SEQUEL,True,True
21459,21856,SEQUEL,True,True
21459,87486,SIDE_STORY,True,True
21459,185736,SPIN_OFF,True,True
21460,20912,PREQUEL,True,True
21460,98338,SIDE_STORY,True,True
21460,98876,SUMMARY,True,True
21460,101992,SEQUEL,True,True
21460,100178,SEQUEL,True,True
21460,132615,OTHER,False,False
21462,14751,PREQUEL,True,True
21462,103713,SEQUEL,True,True
21462,532,ALTERNATIVE,False,False
21469,10336,ALTERNATIVE,True,True
21470,235,PARENT,False,False
21471,21740,SEQUEL,True,True
21472,87526,SIDE_STORY,True,True
21473,20669,PREQUEL,True,True
21473,97890,SEQUEL,True,True
21474,6895,PARENT,True,True
21476,20843,PREQUEL,True,True
21476,21477,SIDE_STORY,True,True
21476,113470,SEQUEL,True,True
21477,20843,PARENT,True,True
21477,21476,PARENT,True,True
21482,21598,SIDE_STORY,True,True
21482,21738,OTHER,True,False
21487,21341,PARENT,True,True
21487,21799,PARENT,True,True
21489,21110,PREQUEL,True,True
21489,100451,SEQUEL,True,True
21490,20984,PREQUEL,True,True
21490,21610,SEQUEL,True,True
21490,102503,SIDE_STORY,True,True
21492,20771,PARENT,True,True
21493,20774,SEQUEL,True,True
21495,21786,SIDE_STORY,True,True
21495,21800,SIDE_STORY,True,True
21496,384,ALTERNATIVE,True,True
21497,21744,SEQUEL,True,True
21500,20802,PREQUEL,True,True
21500,21596,SEQUEL,True,True
21504,21137,PREQUEL,True,True
21504,603,CHARACTER,True,False
21504,1932,CHARACTER,True,False
21504,1534,CHARACTER,True,False
21504,12191,CHARACTER,True,False
21504,7645,CHARACTER,True,False
21504,9893,CHARACTER,True,False
21504,16419,CHARACTER,True,False
21504,21506,CHARACTER,True,False
21504,21001,CHARACTER,True,False
21504,5684,CHARACTER,True,False
21504,20577,CHARACTER,True,False
21505,21212,PREQUEL,True,True
21505,21681,SEQUEL,True,True
21506,603,ALTERNATIVE,True,True
21506,98746,SIDE_STORY,True,True
21506,21001,ALTERNATIVE,True,True
21506,98059,ALTERNATIVE,True,True
21506,100661,ALTERNATIVE,True,True
21506,1932,ALTERNATIVE,True,True
21506,5684,ALTERNATIVE,True,True
21506,7645,ALTERNATIVE,True,True
21506,1534,ALTERNATIVE,True,True
21506,9893,ALTERNATIVE,True,True
21506,12191,ALTERNATIVE,True,True
21506,16419,ALTERNATIVE,True,True
21506,20577,ALTERNATIVE,True,True
21506,21504,CHARACTER,True,False
21506,99642,CHARACTER,True,False
21506,101101,CHARACTER,True,False
21506,101908,CHARACTER,True,False
21506,105857,ALTERNATIVE,True,True
21506,112748,ALTERNATIVE,True,True
21506,126905,ALTERNATIVE,True,True
21506,98891,CHARACTER,True,False
21506,142080,ALTERNATIVE,True,True
21506,157883,ALTERNATIVE,True,True
21506,159429,CHARACTER,True,False
21506,162722,SEQUEL,True,True
21506,171030,ALTERNATIVE,True,True
21506,169403,CHARACTER,True,False
21506,185073,ALTERNATIVE,True,True
21506,188394,CHARACTER,True,False
21506,202957,ALTERNATIVE,True,True
21507,101338,SEQUEL,True,True
21507,102449,SIDE_STORY,True,True
21507,100353,SUMMARY,True,True
21509,97672,SEQUEL,True,True
21509,113050,SIDE_STORY,True,True
21510,21261,ALTERNATIVE,True,True
21511,21463,ALTERNATIVE,True,True
21513,21301,PREQUEL,True,True
21513,21896,SEQUEL,True,True
21513,98760,SIDE_STORY,True,True
21516,207886,OTHER,False,False
21518,20923,PREQUEL,True,True
21518,98702,SEQUEL,True,True
21518,99255,SEQUEL,True,True
21519,97962,CHARACTER,True,False
21519,106286,CHARACTER,True,False
21519,16782,CHARACTER,True,False
21520,5081,PARENT,True,True
21520,11597,PARENT,True,True
21520,17074,PARENT,True,True
21520,20918,PARENT,True,True
21521,21466,OTHER,True,False
21521,97621,SEQUEL,True,True
21528,21354,PREQUEL,True,True
21530,98090,SEQUEL,True,True
21534,21417,PREQUEL,True,True
21540,21249,PREQUEL,True,True
21552,4286,PREQUEL,False,False
21553,98421,SEQUEL,True,True
21553,6008,CHARACTER,True,False
21554,21324,PREQUEL,True,True
21557,118566,OTHER,False,False
21558,1482,PREQUEL,True,True
21559,20985,PREQUEL,True,True
21559,98107,SEQUEL,True,True
21560,97643,SEQUEL,True,True
21560,12115,PREQUEL,True,True
21560,155011,PREQUEL,True,True
21564,21094,PREQUEL,True,True
21565,20807,PREQUEL,True,True
21570,15125,PARENT,True,True
21570,100176,SIDE_STORY,True,True
21572,21228,PARENT,True,True
21574,21202,PARENT,True,True
21577,1004,ALTERNATIVE,False,False
21578,97607,OTHER,True,False
21578,97910,SEQUEL,True,True
21579,21220,SEQUEL,True,True
21579,1735,PREQUEL,True,True
21579,97938,ALTERNATIVE,True,True
21581,112685,SEQUEL,True,True
21584,20766,PREQUEL,True,True
21584,98349,SEQUEL,True,True
21584,99153,CHARACTER,False,False
21584,99152,CHARACTER,False,False
21584,99164,CHARACTER,True,False
21584,112074,CHARACTER,False,False
21584,119422,CHARACTER,False,False
21584,123952,CHARACTER,False,False
21584,113970,ALTERNATIVE,True,True
21584,126172,CHARACTER,False,False
21584,126611,CHARACTER,False,False
21584,129276,CHARACTER,False,False
21584,130307,CHARACTER,False,False
21584,132234,CHARACTER,False,False
21584,135626,CHARACTER,False,False
21584,136143,CHARACTER,False,False
21584,114979,ALTERNATIVE,True,True
21584,138992,CHARACTER,False,False
21584,142049,CHARACTER,False,False
21584,148379,CHARACTER,False,False
21584,151513,SPIN_OFF,True,True
21584,175945,CHARACTER,False,False
21584,193705,CHARACTER,False,False
21584,194167,ALTERNATIVE,True,True
21585,20694,PARENT,True,True
21586,20829,PREQUEL,True,True
21586,20993,SEQUEL,True,True
21588,20996,PARENT,True,True
21591,21261,PARENT,True,True
21592,21256,PARENT,True,True
21595,21862,SEQUEL,True,True
21596,21500,PREQUEL,True,True
21596,97734,SEQUEL,True,True
21597,98548,SIDE_STORY,True,True
21598,21482,PARENT,True,True
21598,21739,SEQUEL,True,True
21599,21428,PARENT,True,True
21600,98586,SEQUEL,True,True
21601,98383,SEQUEL,True,True
21601,8829,ALTERNATIVE,False,False
21603,21024,PREQUEL,True,True
21603,98378,SEQUEL,True,True
21605,21606,OTHER,True,False
21605,98772,OTHER,True,False
21605,133353,PARENT,False,False
21606,21605,OTHER,True,False
21606,98772,OTHER,True,False
21606,133353,PARENT,False,False
21609,20716,OTHER,True,False
21609,21839,SEQUEL,True,True
21610,21490,PREQUEL,True,True
21626,20722,SEQUEL,True,True
21627,98581,SPIN_OFF,False,False
21629,99528,PREQUEL,False,False
21629,116005,SEQUEL,True,True
21633,21257,PREQUEL,True,True
21634,21547,OTHER,True,False
21634,97622,OTHER,True,False
21634,108332,SIDE_STORY,False,False
21635,21020,PREQUEL,True,True
21635,5082,ALTERNATIVE,True,True
21635,19825,ALTERNATIVE,True,True
21635,11017,ALTERNATIVE,True,True
21635,21020,ALTERNATIVE,True,True
21635,6901,ALTERNATIVE,True,True
21635,187990,ALTERNATIVE,True,True
21636,21225,PREQUEL,True,True
21637,99002,CHARACTER,True,False
21637,21858,CHARACTER,True,False
21637,16774,CHARACTER,True,False
21637,20947,CHARACTER,True,False
21637,101817,CHARACTER,False,False
21637,15313,CHARACTER,True,False
21638,20912,PARENT,True,True
21638,98876,SEQUEL,True,True
21639,98833,SIDE_STORY,True,True
21640,20727,PARENT,True,True
21641,87485,OTHER,True,False
21643,102949,SEQUEL,True,True
21644,106498,OTHER,False,False
21647,97669,ALTERNATIVE,True,True
21648,21697,SIDE_STORY,True,True
21648,98542,SEQUEL,True,True
21648,101043,ALTERNATIVE,True,True
21648,15061,ALTERNATIVE,True,True
21648,111082,ALTERNATIVE,True,True
21648,128872,ALTERNATIVE,True,True
21649,18617,PREQUEL,True,True
21649,99938,SEQUEL,True,True
21650,21093,PARENT,True,True
21651,21356,PARENT,True,True
21652,21157,PREQUEL,True,True
21652,98229,SEQUEL,True,True
21658,6336,ALTERNATIVE,True,True
21658,87,PREQUEL,False,False
21658,14007,PREQUEL,True,True
21658,98504,SEQUEL,True,True
21658,101554,SEQUEL,True,True
21658,88,SEQUEL,False,False
21658,104557,SEQUEL,True,True
21658,136641,OTHER,False,False
21660,20920,PARENT,True,True
21664,21345,PREQUEL,True,True
21664,87476,SEQUEL,True,True
21666,97969,PREQUEL,True,True
21666,98420,SEQUEL,True,True
21668,98433,SEQUEL,True,True
21668,108331,SIDE_STORY,False,False
21678,21170,PARENT,True,True
21679,21311,PREQUEL,True,True
21679,103223,SEQUEL,True,True
21679,98384,SIDE_STORY,True,True
21680,20484,ALTERNATIVE,True,True
21681,21505,PREQUEL,True,True
21682,5832,PREQUEL,False,False
21688,98436,PARENT,True,True
21691,20923,PARENT,True,True
21694,21890,SEQUEL,True,True
21695,20880,PARENT,True,True
21697,21648,PARENT,True,True
21698,20992,PREQUEL,True,True
21698,98885,SUMMARY,True,True
21698,107351,SUMMARY,True,True
21698,111790,SEQUEL,True,True
21704,110881,PREQUEL,True,True
21704,180599,SEQUEL,True,True
21708,4975,OTHER,True,False
21709,98656,SEQUEL,False,False
21709,102167,SIDE_STORY,True,True
21710,11665,PREQUEL,True,True
21710,18849,SIDE_STORY,True,True
21710,97983,SEQUEL,True,True
21710,99363,SIDE_STORY,True,True
21711,98778,SIDE_STORY,True,True
21711,104396,SIDE_STORY,True,True
21713,107175,SIDE_STORY,True,True
21716,21758,OTHER,True,False
21716,21867,OTHER,True,False
21721,21284,PARENT,True,True
21721,102001,SEQUEL,True,True
21722,97956,SIDE_STORY,True,True
21725,21724,PREQUEL,True,True
21725,98465,SEQUEL,True,True
21726,101571,ALTERNATIVE,True,True
21727,182545,SPIN_OFF,True,True
21727,205116,OTHER,False,False
21728,21729,SEQUEL,True,True
21728,107624,PREQUEL,False,False
21729,21728,PREQUEL,True,True
21729,107624,PREQUEL,False,False
21729,132318,CHARACTER,False,False
21732,21771,ALTERNATIVE,True,True
21732,113595,PREQUEL,True,True
21732,132528,CHARACTER,True,False
21732,143150,CHARACTER,True,False
21737,21009,PREQUEL,True,True
21739,21738,PARENT,True,True
21739,21598,PREQUEL,True,True
21740,21471,PREQUEL,True,True
21741,21742,OTHER,True,False
21741,98520,SEQUEL,True,True
21741,103809,SUMMARY,True,True
21741,150085,PARENT,True,True
21741,173334,OTHER,False,False
21749,21268,PREQUEL,True,True
21750,21752,PREQUEL,True,True
21751,100186,SEQUEL,True,True
21752,21750,SEQUEL,True,True
21752,15863,PREQUEL,True,True
21753,116676,SEQUEL,True,True
21753,20654,PREQUEL,True,True
21755,98521,SEQUEL,True,True
21755,3915,ALTERNATIVE,False,False
21755,112126,OTHER,False,False
21757,21296,PREQUEL,True,True
21757,117913,SEQUEL,False,False
21758,21716,OTHER,True,False
21758,21867,SEQUEL,True,True
21759,21118,PREQUEL,True,True
21759,97820,SEQUEL,True,True
21760,99888,SEQUEL,True,True
21762,108309,SIDE_STORY,True,True
21764,6956,ALTERNATIVE,True,True
21764,10532,CHARACTER,True,False
21765,20993,PARENT,True,True
21766,878,SEQUEL,True,True
21769,20698,PARENT,True,True
21771,21732,ALTERNATIVE,True,True
21771,113595,PREQUEL,True,True
21772,98473,SEQUEL,True,True
21772,100184,SEQUEL,True,True
21772,20714,PREQUEL,True,True
21774,21239,PREQUEL,True,True
21775,21292,PARENT,True,True
21777,21306,PREQUEL,True,True
21780,21355,PARENT,True,True
21780,21891,SEQUEL,True,True
21782,102450,SIDE_STORY,True,True
21784,21423,PARENT,True,True
21785,21100,OTHER,True,False
21786,21495,PARENT,True,True
21789,21334,PARENT,True,True
21790,21291,PARENT,True,True
21792,15891,ALTERNATIVE,True,True
21793,20541,OTHER,True,False
21793,102828,OTHER,False,False
21794,20511,PREQUEL,True,True
21796,6024,PREQUEL,True,True
21796,99478,SEQUEL,True,True
21796,7972,ALTERNATIVE,True,True
21797,21285,PREQUEL,True,True
21797,99741,SEQUEL,True,True
21799,21341,PREQUEL,True,True
21799,21487,SIDE_STORY,True,True
21800,21495,PARENT,True,True
21802,99718,SEQUEL,True,True
21803,101912,CHARACTER,False,False
21804,98034,SEQUEL,True,True
21804,19469,ALTERNATIVE,True,True
21804,21170,CHARACTER,True,False
21806,18179,PARENT,True,True
21808,21807,PREQUEL,True,True
21810,21809,PREQUEL,True,True
21811,21812,SEQUEL,True,True
21812,21811,PREQUEL,True,True
21814,20739,PREQUEL,True,True
21815,18277,PREQUEL,True,True
21815,102436,SEQUEL,True,True
21817,20935,PARENT,True,True
21819,99555,CHARACTER,True,False
21819,127126,CHARACTER,True,False
21820,552,PARENT,False,False
21821,20906,PARENT,True,True
21825,16592,SEQUEL,True,True
21831,21,PARENT,False,False
21831,21880,SEQUEL,True,True
21831,21335,SEQUEL,True,True
21832,104943,OTHER,False,False
21832,110208,PREQUEL,True,True
21837,21392,ALTERNATIVE,True,True
21837,118043,CHARACTER,True,False
21839,21609,PREQUEL,True,True
21847,3545,PARENT,False,False
21849,19023,PARENT,True,True
21853,100659,SEQUEL,True,True
21853,21852,PREQUEL,True,True
21854,100720,SEQUEL,True,True
21859,21427,PREQUEL,True,True
21862,21595,PREQUEL,True,True
21864,20755,PARENT,True,True
21864,97985,OTHER,True,False
21867,21716,OTHER,True,False
21867,21758,PREQUEL,True,True
21869,21105,OTHER,True,False
21869,21169,OTHER,True,False
21870,1403,PREQUEL,True,True
21871,20820,PARENT,True,True
21871,98220,SIDE_STORY,True,True
21873,98843,SEQUEL,True,True
21876,98517,SEQUEL,True,True
21880,21831,PREQUEL,True,True
21880,21335,SEQUEL,True,True
21880,21,PARENT,False,False
21886,21320,PREQUEL,True,True
21886,100072,SIDE_STORY,True,True
21890,21694,PREQUEL,True,True
21891,21355,PARENT,True,True
21891,21780,PREQUEL,True,True
21891,120700,SEQUEL,True,True
21892,21422,PREQUEL,True,True
21893,21458,ALTERNATIVE,True,True
21893,99547,SEQUEL,True,True
21893,80,PARENT,False,False
21893,212323,CHARACTER,True,False
21895,116053,SEQUEL,True,True
21896,21513,PREQUEL,True,True
21896,98566,SEQUEL,True,True
21896,98761,SIDE_STORY,False,False
21897,21898,OTHER,True,False
87438,8687,PARENT,True,True
87438,2666,ALTERNATIVE,False,False
87476,21664,PREQUEL,True,True
87476,99733,SEQUEL,True,True
87477,21346,PREQUEL,False,False
87478,2467,OTHER,False,False
87478,12589,OTHER,False,False
87478,109964,ALTERNATIVE,True,True
87478,129159,OTHER,True,False
87478,151765,PARENT,False,False
87479,3736,OTHER,True,False
87479,99534,SEQUEL,True,True
87480,21387,PREQUEL,True,True
87481,87482,SEQUEL,True,True
87481,11755,PREQUEL,True,True
87482,87481,PREQUEL,True,True
87482,87483,SEQUEL,True,True
87483,87482,PREQUEL,True,True
87484,20757,OTHER,True,False
87485,21641,OTHER,True,False
87487,20947,OTHER,True,False
87487,1288,ALTERNATIVE,False,False
87487,324,ALTERNATIVE,False,False
87489,20832,PARENT,True,True
87489,21305,PREQUEL,True,True
87489,101098,ALTERNATIVE,True,True
87499,21288,SEQUEL,True,True
87499,98095,SIDE_STORY,True,True
87501,97888,PARENT,True,True
87505,20787,PREQUEL,True,True
87505,20986,ALTERNATIVE,True,True
87505,87506,SEQUEL,True,True
87505,121433,OTHER,False,False
87505,119774,OTHER,False,False
87526,21472,PARENT,True,True
87528,97940,ALTERNATIVE,True,True
87530,97937,SEQUEL,True,True
87533,7768,PARENT,True,True
87538,21321,PARENT,True,True
97589,1974,PARENT,True,True
97621,21521,PREQUEL,True,True
97622,21634,OTHER,True,False
97634,21356,PREQUEL,True,True
97634,112153,SEQUEL,True,True
97634,126908,OTHER,False,False
97634,133469,OTHER,False,False
97634,100744,OTHER,True,False
97635,527,ALTERNATIVE,False,False
97635,9107,ALTERNATIVE,True,True
97635,19291,ALTERNATIVE,True,True
97635,1564,ALTERNATIVE,True,True
97635,1565,ALTERNATIVE,True,True
97669,21647,ALTERNATIVE,True,True
97672,21509,PREQUEL,True,True
97672,98153,PREQUEL,True,True
97716,98060,SEQUEL,True,True
97773,98080,PARENT,True,True
97815,100728,SPIN_OFF,True,True
97815,100729,SPIN_OFF,True,True
97815,103276,SEQUEL,True,True
97815,106915,CHARACTER,True,False
97815,101184,OTHER,True,False
97815,127149,CHARACTER,True,False
97815,159569,CHARACTER,True,False
97815,6922,ALTERNATIVE,True,True
97815,20791,ALTERNATIVE,True,True
97815,356,ALTERNATIVE,True,True
97815,19603,ALTERNATIVE,True,True
97854,21401,PREQUEL,True,True
97854,124600,SPIN_OFF,True,True
97915,21261,PARENT,True,True
97915,97916,OTHER,True,False
97916,21261,PARENT,True,True
97916,97915,OTHER,True,False
97951,21306,PARENT,True,True
97952,20680,PARENT,True,True
97954,21028,PARENT,True,True
97962,21519,CHARACTER,True,False
97966,21360,CHARACTER,True,False
97969,21666,SEQUEL,True,True
98033,21186,PREQUEL,True,True
98060,97716,PREQUEL,True,True
98060,139449,SEQUEL,True,True
98092,98093,SEQUEL,True,True
98092,966,PARENT,False,False
98093,98092,PREQUEL,True,True
98093,966,PARENT,False,False
98093,966,PARENT,False,False
98093,139037,SEQUEL,True,True
98094,21288,PARENT,True,True
98095,87499,PARENT,True,True
98095,21288,SEQUEL,True,True
98096,98069,SEQUEL,True,True
98096,21288,PREQUEL,True,True
98096,107908,CHARACTER,True,False
98143,99557,SEQUEL,True,True
98143,100484,SIDE_STORY,True,True
98143,135587,CHARACTER,False,False
98143,114317,PREQUEL,True,True
98143,207033,SPIN_OFF,False,False
98332,21307,PARENT,True,True
98547,21218,PARENT,True,True
98582,21085,PREQUEL,True,True
98604,235,ALTERNATIVE,False,False
98662,21196,PARENT,True,True
98662,98663,SEQUEL,True,True
98746,21506,PARENT,True,True
98746,98785,SPIN_OFF,True,True
98759,21301,PARENT,True,True
98760,21513,PARENT,True,True
98764,98763,PREQUEL,True,True
98764,98765,SEQUEL,True,True
98785,98746,PARENT,True,True
98814,21256,PARENT,True,True
98833,21639,PARENT,True,True
98971,20783,PARENT,True,True
99002,21637,CHARACTER,True,False
99059,5231,PARENT,True,True
99059,21879,SEQUEL,True,True
99059,102933,PREQUEL,True,True
99841,21197,PARENT,True,True
100071,21320,PARENT,True,True
100176,21570,PARENT,True,True
100289,966,PARENT,False,False
100289,100290,SEQUEL,True,True
100289,98744,PREQUEL,True,True
100658,21368,PREQUEL,True,True
100721,97938,PARENT,True,True
100768,21269,PARENT,True,True
101102,20755,PARENT,True,True
101102,21170,PARENT,True,True
102001,21284,PARENT,True,True
102001,21721,PREQUEL,True,True
102093,11771,PARENT,True,True
102093,102836,SEQUEL,True,True
102101,20788,PREQUEL,True,True
102101,102102,SEQUEL,True,True
102102,102101,PREQUEL,True,True
102429,21277,PARENT,True,True
102431,813,PARENT,False,False
102449,21507,PARENT,True,True
102450,21782,PARENT,True,True
102503,21490,PARENT,True,True
102505,21265,PARENT,True,True
102508,21110,PARENT,True,True
102596,99937,CHARACTER,True,False
102723,97765,OTHER,True,False
102786,102787,ALTERNATIVE,True,True
102787,102786,ALTERNATIVE,True,True
102836,102093,PREQUEL,True,True
102836,102839,SEQUEL,True,True
102836,16894,PARENT,True,True
102839,102836,PREQUEL,True,True
102839,20725,PARENT,True,True
104396,21711,PARENT,True,True
105859,109193,SEQUEL,False,False
105892,20688,CHARACTER,True,False
106320,21167,PREQUEL,True,True
106499,21356,PREQUEL,True,True
107141,20935,PARENT,True,True
107175,21713,PARENT,True,True
107352,21296,PARENT,True,True
108309,21762,PARENT,True,True
108973,98448,PARENT,True,True
109005,21178,PARENT,True,True
17947,10153,PREQUEL,True,True
17947,99614,SEQUEL,True,True
20705,98622,SIDE_STORY,True,True
20705,100644,SIDE_STORY,True,True
20705,124874,SIDE_STORY,False,False
20791,356,ALTERNATIVE,True,True
20791,11741,PREQUEL,True,True
20791,6922,ALTERNATIVE,True,True
20791,21718,SEQUEL,True,True
20791,19603,ALTERNATIVE,True,True
20791,98035,ALTERNATIVE,True,True
20791,21717,ALTERNATIVE,True,True
20791,14829,SPIN_OFF,True,True
20791,12565,ALTERNATIVE,True,True
20791,97815,ALTERNATIVE,True,True
20958,16498,PREQUEL,True,True
20958,99147,SEQUEL,True,True
20958,100465,SUMMARY,True,True
20958,110640,OTHER,False,False
20958,119113,SUMMARY,True,True
20986,20787,PREQUEL,True,True
20986,87505,ALTERNATIVE,True,True
20986,87506,ALTERNATIVE,True,True
20986,87507,ALTERNATIVE,True,True
20986,122062,OTHER,True,False
21126,4975,PREQUEL,True,True
21126,98576,SEQUEL,True,True
21180,20657,PREQUEL,True,True
21180,100675,SEQUEL,True,True
110208,21832,SEQUEL,True,True
110578,21406,PARENT,True,True
113050,21509,PARENT,True,True
115188,130244,CHARACTER,True,False
115188,142517,CHARACTER,False,False
116015,18179,PARENT,True,True
116150,6008,CHARACTER,True,False
117286,117285,PREQUEL,True,True
117286,125153,SEQUEL,True,True
117287,4737,PARENT,True,True
117876,119541,SIDE_STORY,False,False
119402,119403,SEQUEL,True,True
119402,199478,SPIN_OFF,True,True
119947,20876,PARENT,True,True
120074,120071,PREQUEL,True,True
121663,19157,PARENT,True,True
121718,121720,SEQUEL,True,True
122758,20830,PREQUEL,True,True
122922,21123,ALTERNATIVE,True,True
126606,1199,PARENT,False,False
126649,21,PARENT,False,False
128020,127799,PREQUEL,False,False
128020,205289,SEQUEL,True,True
131641,18941,PARENT,True,True
135460,119794,PREQUEL,True,True
143393,1604,PARENT,True,True
143393,21677,PARENT,True,True
145492,98297,SEQUEL,True,True
145680,145704,OTHER,False,False
145745,145746,SEQUEL,True,True
150078,20626,PARENT,True,True
170629,21823,PARENT,True,True
174843,1960,PARENT,False,False
177226,177225,PREQUEL,True,True
177226,177227,SEQUEL,True,True
177443,87502,ALTERNATIVE,True,True
188038,97638,OTHER,True,False
189722,189721,PREQUEL,True,True
189722,189723,SEQUEL,True,True
196325,1093,ALTERNATIVE,False,False
199485,199486,SPIN_OFF,True,True
206867,166051,OTHER,True,False
21184,98629,PREQUEL,True,True
21191,20626,PARENT,True,True
21298,98997,SIDE_STORY,True,True
21361,100469,SIDE_STORY,True,True
21361,107346,SEQUEL,True,True
21361,117086,SPIN_OFF,True,True
21361,145433,CHARACTER,False,False
21361,177464,CHARACTER,False,False
21377,20725,PREQUEL,True,True
21377,101999,SIDE_STORY,True,True
21377,118031,PARENT,False,False
21377,156053,OTHER,False,False
21400,21399,PREQUEL,True,True
21400,15689,SEQUEL,True,True
21400,181970,SUMMARY,True,True
21403,20594,PREQUEL,True,True
21403,100182,SEQUEL,True,True
21403,101965,OTHER,True,False
21407,99476,SEQUEL,True,True
21407,107875,SUMMARY,True,True
21407,21114,PREQUEL,True,True
21425,20670,PREQUEL,True,True
21425,166715,SEQUEL,True,True
21452,119548,SUMMARY,False,False
21464,8278,OTHER,True,False
21464,161441,SEQUEL,True,True
21498,99839,SEQUEL,False,False
21498,1055,ALTERNATIVE,True,True
21555,101084,SIDE_STORY,True,True
21555,101085,SEQUEL,True,True
21568,106541,SEQUEL,False,False
21613,98186,SIDE_STORY,True,True
21613,100878,SEQUEL,True,True
21613,104454,CHARACTER,True,False
21613,110178,CHARACTER,True,False
21613,135866,SIDE_STORY,True,True
21613,117074,CHARACTER,True,False
21613,194447,CHARACTER,True,False
21662,99148,SEQUEL,True,True
21672,20560,PREQUEL,True,True
21672,21673,SEQUEL,True,True
21672,101104,SIDE_STORY,True,True
21676,20920,PARENT,True,True
21677,143393,OTHER,True,False
21684,112300,PARENT,True,True
21685,8769,CHARACTER,True,False
21685,100523,SIDE_STORY,True,True
21685,2966,CHARACTER,True,False
21685,11757,CHARACTER,True,False
21685,20458,CHARACTER,True,False
21699,21202,PREQUEL,True,True
21699,97996,SIDE_STORY,True,True
21699,102976,SEQUEL,True,True
21730,12029,PREQUEL,True,True
21730,112019,SEQUEL,True,True
21730,126275,SUMMARY,True,True
21731,98507,PREQUEL,True,True
21731,101337,SEQUEL,True,True
21733,20972,PREQUEL,True,True
21738,21739,SIDE_STORY,True,True
21738,21482,PARENT,True,True
21742,21741,OTHER,True,False
21742,100130,OTHER,False,False
21742,135587,CHARACTER,False,False
21742,150085,PARENT,True,True
21744,21497,PREQUEL,True,True
21745,100815,SEQUEL,True,True
21745,20918,PREQUEL,True,True
21756,101078,ALTERNATIVE,True,True
21776,98502,SIDE_STORY,True,True
21776,98580,SEQUEL,True,True
21778,21450,PARENT,True,True
21788,98451,OTHER,True,False
21791,103223,PARENT,True,True
21813,21034,PREQUEL,True,True
21813,104198,SEQUEL,True,True
21823,100979,SIDE_STORY,True,True
21823,108714,SEQUEL,True,True
21823,170629,SIDE_STORY,True,True
21830,2747,SEQUEL,False,False
21830,3044,SEQUEL,False,False
21830,971,SEQUEL,True,True
21833,3335,ALTERNATIVE,False,False
21833,100652,SEQUEL,True,True
21836,21177,PREQUEL,True,True
21843,21846,OTHER,True,False
21843,21845,OTHER,False,False
21843,21844,OTHER,True,False
21844,21846,OTHER,True,False
21844,21845,OTHER,False,False
21844,21843,OTHER,True,False
21846,21845,OTHER,False,False
21846,21844,OTHER,True,False
21846,21843,OTHER,True,False
21851,98856,SIDE_STORY,True,True
21855,1546,PREQUEL,True,True
21855,157,PREQUEL,True,True
21855,98999,SEQUEL,True,True
21856,100166,SEQUEL,True,True
21856,21459,PREQUEL,True,True
21856,130183,SIDE_STORY,True,True
21857,101213,SIDE_STORY,True,True
21857,146953,SEQUEL,True,True
21858,14349,ALTERNATIVE,True,True
21858,19489,ALTERNATIVE,True,True
21858,21637,CHARACTER,True,False
21858,101817,CHARACTER,False,False
21861,9919,PREQUEL,True,True
21861,97891,SIDE_STORY,True,True
21861,158931,SEQUEL,True,True
21865,3805,OTHER,True,False
21865,10217,PARENT,True,True
21874,20631,PREQUEL,True,True
21874,103631,SEQUEL,True,True
21875,19815,SEQUEL,True,True
21878,98524,SIDE_STORY,True,True
21887,390,PREQUEL,True,True
21894,122173,SPIN_OFF,True,True
21898,21897,OTHER,True,False
87435,98847,SIDE_STORY,True,True
87435,101633,SEQUEL,True,True
87435,101596,SPIN_OFF,True,True
87435,101632,SPIN_OFF,True,True
87435,102714,CHARACTER,False,False
87435,102823,CHARACTER,False,False
87435,102482,CHARACTER,False,False
87435,113051,ALTERNATIVE,True,True
87435,102825,CHARACTER,False,False
87435,107741,CHARACTER,False,False
87435,118231,CHARACTER,False,False
87435,135605,CHARACTER,False,False
87435,142217,CHARACTER,False,False
87435,142963,CHARACTER,False,False
87435,146316,CHARACTER,False,False
87435,113469,CHARACTER,True,False
87435,187166,SPIN_OFF,True,True
87435,193413,SIDE_STORY,True,True
87458,100561,SEQUEL,True,True
87486,21459,PARENT,True,True
87496,99945,CHARACTER,True,False
87496,100328,CHARACTER,True,False
87496,99624,SEQUEL,True,True
87496,99790,CHARACTER,True,False
87496,98697,SIDE_STORY,True,True
87496,104187,SIDE_STORY,True,True
87498,131,PREQUEL,True,True
87498,128400,PREQUEL,True,True
87500,98851,SIDE_STORY,True,True
87506,20986,ALTERNATIVE,True,True
87506,87505,PREQUEL,True,True
87506,87507,SEQUEL,True,True
87506,121433,OTHER,False,False
87506,119774,OTHER,False,False
87507,20986,ALTERNATIVE,True,True
87507,87506,PREQUEL,True,True
87507,121433,OTHER,False,False
87507,119774,OTHER,False,False
87539,20947,OTHER,True,False
97590,98085,PREQUEL,False,False
97592,99394,SEQUEL,True,True
97607,21578,OTHER,True,False
97617,132806,SEQUEL,True,True
97619,20978,PREQUEL,True,True
97619,1412,ALTERNATIVE,False,False
97619,107313,SEQUEL,True,True
97625,108266,SEQUEL,True,True
97625,108267,SIDE_STORY,True,True
97631,103870,SEQUEL,True,True
97631,21409,PREQUEL,True,True
97637,21455,PREQUEL,True,True
97637,98292,SEQUEL,True,True
97638,188038,OTHER,True,False
97642,17909,PREQUEL,True,True
97642,207886,OTHER,False,False
97643,21560,PREQUEL,True,True
97645,21221,PREQUEL,True,True
97665,21382,PREQUEL,True,True
97667,21316,PREQUEL,True,True
97667,101499,SEQUEL,True,True
97670,21357,PREQUEL,True,True
97682,133175,SPIN_OFF,True,True
97709,135443,SEQUEL,True,True
97730,11235,PREQUEL,True,True
97734,21596,PREQUEL,True,True
97734,98402,SEQUEL,True,True
97745,122687,SEQUEL,False,False
97757,101100,SIDE_STORY,True,True
97757,118743,SEQUEL,True,True
97757,100269,SPIN_OFF,True,True
97757,21379,PREQUEL,True,True
97765,20693,PARENT,True,True
97765,99742,SEQUEL,True,True
97765,98556,SIDE_STORY,True,True
97765,102723,OTHER,True,False
97765,115519,SIDE_STORY,True,True
97765,122205,SIDE_STORY,True,True
97769,20800,PREQUEL,True,True
97769,122292,SEQUEL,True,True
97818,20689,PREQUEL,True,True
97820,21759,PREQUEL,True,True
97820,100280,SEQUEL,True,True
97820,103847,SIDE_STORY,True,True
97853,21458,PREQUEL,True,True
97853,99547,ALTERNATIVE,True,True
97855,99568,SIDE_STORY,True,True
97856,20800,PARENT,True,True
97856,100980,SEQUEL,False,False
97856,97858,OTHER,True,False
97857,98238,SPIN_OFF,True,True
97857,100133,SEQUEL,True,True
97857,99054,ALTERNATIVE,True,True
97858,97859,SEQUEL,True,True
97858,100791,ALTERNATIVE,True,True
97858,97856,SIDE_STORY,True,True
97859,97858,PREQUEL,True,True
97859,97860,SEQUEL,True,True
97859,100791,ALTERNATIVE,True,True
97859,100980,SIDE_STORY,False,False
97860,97859,PREQUEL,True,True
97860,20800,SEQUEL,True,True
97860,100791,ALTERNATIVE,True,True
97860,100981,SIDE_STORY,True,True
97862,99391,SEQUEL,True,True
97863,98878,SIDE_STORY,True,True
97874,21254,OTHER,True,False
97874,105907,ALTERNATIVE,True,True
97875,21051,PREQUEL,True,True
97876,103924,SEQUEL,True,True
97886,20727,PREQUEL,True,True
97886,101695,SIDE_STORY,True,True
97889,20996,PREQUEL,True,True
97889,99714,SEQUEL,True,True
97890,21473,PREQUEL,True,True
97890,98978,SEQUEL,True,True
97891,21861,PARENT,True,True
97903,207886,OTHER,False,False
97904,125909,SEQUEL,True,True
97904,125910,SIDE_STORY,True,True
97904,105244,CHARACTER,True,False
97905,17867,PREQUEL,True,True
97917,7785,PARENT,True,True
97920,132016,SIDE_STORY,True,True
97932,104286,SEQUEL,True,True
97933,21107,PREQUEL,True,True
97937,87530,PREQUEL,True,True
97938,1735,PREQUEL,True,True
97938,21220,ALTERNATIVE,True,True
97938,100721,SIDE_STORY,True,True
97938,165523,SEQUEL,False,False
97938,21579,ALTERNATIVE,True,True
97940,110318,SPIN_OFF,True,True
97940,106223,OTHER,True,False
97940,87528,ALTERNATIVE,True,True
97940,155017,OTHER,True,False
97940,131680,SIDE_STORY,True,True
97940,195604,SEQUEL,False,False
97983,21710,PREQUEL,True,True
97983,100283,SIDE_STORY,True,True
97983,100268,SIDE_STORY,True,True
97983,124132,OTHER,True,False
97983,166611,SEQUEL,True,True
97985,20755,PARENT,True,True
97985,21170,PARENT,True,True
97985,21864,OTHER,True,False
97986,100643,SEQUEL,True,True
97986,101343,SUMMARY,True,True
97986,101344,SUMMARY,True,True
97988,21123,PREQUEL,True,True
97996,21699,PARENT,True,True
98035,356,ALTERNATIVE,True,True
98035,6922,ALTERNATIVE,True,True
98035,19603,ALTERNATIVE,True,True
98035,20791,ALTERNATIVE,True,True
98058,108263,ALTERNATIVE,True,True
98058,114243,OTHER,True,False
98059,603,ALTERNATIVE,True,True
98059,21506,ALTERNATIVE,True,True
98059,100661,ALTERNATIVE,True,True
98059,1932,ALTERNATIVE,True,True
98059,5684,ALTERNATIVE,True,True
98059,7645,ALTERNATIVE,True,True
98059,1534,ALTERNATIVE,True,True
98059,9893,ALTERNATIVE,True,True
98059,12191,ALTERNATIVE,True,True
98059,16419,ALTERNATIVE,True,True
98059,20577,ALTERNATIVE,True,True
98059,21001,ALTERNATIVE,True,True
98059,98891,SIDE_STORY,True,True
98059,99642,CHARACTER,True,False
98059,101101,CHARACTER,True,False
98059,101908,CHARACTER,True,False
98059,105857,ALTERNATIVE,True,True
98059,106858,CHARACTER,True,False
98059,112748,ALTERNATIVE,True,True
98059,126905,ALTERNATIVE,True,True
98059,142080,ALTERNATIVE,True,True
98059,157883,ALTERNATIVE,True,True
98059,159429,CHARACTER,True,False
98059,171030,ALTERNATIVE,True,True
98059,185073,ALTERNATIVE,True,True
98059,202957,ALTERNATIVE,True,True
98069,98096,PREQUEL,True,True
98069,98791,SIDE_STORY,True,True
98069,98846,SPIN_OFF,True,True
98069,100262,SEQUEL,True,True
98077,100654,SIDE_STORY,True,True
98077,100655,SIDE_STORY,True,True
98077,196227,OTHER,True,False
98077,172896,OTHER,True,False
98077,196229,OTHER,True,False
98077,114717,ALTERNATIVE,True,True
98080,21124,OTHER,True,False
98080,97773,OTHER,True,False
98090,21530,PREQUEL,True,True
98090,104214,SEQUEL,True,True
98107,21559,PREQUEL,True,True
98107,107755,CHARACTER,True,False
98107,136206,CHARACTER,True,False
98107,132679,SEQUEL,True,True
98107,176275,CHARACTER,True,False
98107,184756,CHARACTER,True,False
98144,331,ALTERNATIVE,False,False
98144,99582,SPIN_OFF,True,True
98153,97672,SEQUEL,True,True
98186,21613,PARENT,True,True
98202,100305,SIDE_STORY,True,True
98206,21045,PREQUEL,True,True
98209,20454,PARENT,True,True
98220,21871,PARENT,True,True
98222,235,PARENT,False,False
98224,98223,PREQUEL,True,True
98229,21652,PREQUEL,True,True
98229,101385,SEQUEL,True,True
98231,481,OTHER,True,False
98231,482,OTHER,True,False
98231,3972,OTHER,True,False
98231,10015,OTHER,True,False
98231,20552,OTHER,True,False
98231,114072,OTHER,True,False
98231,142842,OTHER,True,False
98238,97857,PARENT,True,True
98239,3077,PREQUEL,False,False
98240,20826,PARENT,True,True
98240,113692,SEQUEL,True,True
98289,21236,PREQUEL,True,True
98289,101115,SEQUEL,True,True
98292,97637,PREQUEL,True,True
98297,145492,PREQUEL,True,True
98298,527,ALTERNATIVE,False,False
98310,10278,ALTERNATIVE,True,True
98310,101546,SIDE_STORY,True,True
98310,103923,SPIN_OFF,True,True
98310,137075,CHARACTER,True,False
98310,120755,PARENT,True,True
98310,17437,CHARACTER,True,False
98314,100876,SEQUEL,True,True
98314,107622,OTHER,True,False
98314,141351,SPIN_OFF,True,True
98320,101501,SIDE_STORY,True,True
98338,21460,PARENT,True,True
98344,15911,PARENT,True,True
98349,21584,PREQUEL,True,True
98349,100965,SEQUEL,True,True
98378,21603,PREQUEL,True,True
98378,101425,SEQUEL,True,True
98378,146859,PARENT,False,False
98378,176634,CHARACTER,False,False
98379,3713,PREQUEL,True,True
98383,21601,PREQUEL,True,True
98383,101498,SEQUEL,True,True
98402,97734,PREQUEL,True,True
98402,100181,SEQUEL,True,True
98420,21666,PREQUEL,True,True
98420,100966,SEQUEL,True,True
98421,21553,PREQUEL,True,True
98421,101985,SEQUEL,True,True
98425,101844,SEQUEL,True,True
98433,21668,PREQUEL,True,True
98436,100256,SIDE_STORY,True,True
98436,124337,CHARACTER,True,False
98436,130713,SEQUEL,True,True
98436,21688,SIDE_STORY,True,True
98438,20431,PREQUEL,True,True
98438,100852,SEQUEL,True,True
98442,19383,PARENT,True,True
98448,486,ALTERNATIVE,True,True
98448,108973,SIDE_STORY,True,True
98449,100912,OTHER,True,False
98451,21788,PARENT,True,True
98452,20817,PARENT,True,True
98452,99196,SEQUEL,True,True
98465,21725,PREQUEL,True,True
98467,126643,SEQUEL,True,True
98469,98470,SEQUEL,True,True
98469,237,ALTERNATIVE,True,True
98469,118077,PREQUEL,True,True
98472,110867,ALTERNATIVE,True,True
98478,21366,PREQUEL,True,True
98478,118037,OTHER,False,False
98491,147571,SEQUEL,True,True
98495,98496,SEQUEL,True,True
98495,20614,ALTERNATIVE,True,True
98495,18507,PREQUEL,True,True
98496,98495,PREQUEL,True,True
98496,98497,SEQUEL,True,True
98496,20614,ALTERNATIVE,True,True
98497,20614,PREQUEL,True,True
98497,98496,PREQUEL,True,True
98497,103588,SEQUEL,True,True
98502,21776,PARENT,True,True
98504,6336,PREQUEL,True,True
98504,104557,ALTERNATIVE,True,True
98504,21658,PREQUEL,True,True
98505,100519,SIDE_STORY,True,True
98505,101595,SEQUEL,True,True
98507,21731,SEQUEL,True,True
98511,99916,ALTERNATIVE,True,True
98517,21876,PREQUEL,True,True
98521,21755,PREQUEL,True,True
98524,21878,PARENT,True,True
98525,101816,PREQUEL,True,True
98525,20725,PARENT,True,True
98536,21406,PARENT,True,True
98542,21648,PREQUEL,True,True
98546,21250,PREQUEL,True,True
98548,21597,PARENT,True,True
98553,98552,PREQUEL,True,True
98554,232,ALTERNATIVE,False,False
98554,97881,SEQUEL,True,True
98556,97765,PARENT,True,True
98556,100225,SEQUEL,True,True
98565,21261,PREQUEL,True,True
98565,120851,SEQUEL,True,True
98565,145985,SIDE_STORY,True,True
98566,21896,PREQUEL,True,True
98572,20987,PREQUEL,True,True
98573,104562,ALTERNATIVE,True,True
98576,21126,PREQUEL,True,True
98580,21776,PREQUEL,True,True
98580,107717,SEQUEL,True,True
98586,21600,PREQUEL,True,True
98586,101523,SEQUEL,True,True
98595,106158,SPIN_OFF,False,False
98595,106159,SPIN_OFF,False,False
98595,106160,SPIN_OFF,False,False
98595,106161,SPIN_OFF,False,False
98595,106162,SPIN_OFF,False,False
98596,102946,SIDE_STORY,True,True
98596,154956,OTHER,True,False
98599,101046,SEQUEL,True,True
98599,21293,PREQUEL,True,True
98607,105973,OTHER,False,False
98607,123056,SIDE_STORY,True,True
98607,123077,CHARACTER,False,False
98607,123078,CHARACTER,False,False
98621,98622,PREQUEL,True,True
98622,20705,PARENT,True,True
98622,98621,SEQUEL,True,True
98629,20590,PREQUEL,True,True
98629,21184,SEQUEL,True,True
98630,101875,SEQUEL,True,True
98642,21177,PARENT,True,True
98657,104530,SEQUEL,True,True
98659,145545,SEQUEL,True,True
98663,98662,PREQUEL,True,True
98663,21196,PARENT,True,True
98663,97918,SEQUEL,True,True
98697,87496,PARENT,True,True
98702,21518,PREQUEL,True,True
98702,99255,SEQUEL,True,True
98707,19581,ALTERNATIVE,False,False
98739,104104,SEQUEL,True,True
98751,13163,PREQUEL,False,False
98765,98764,PREQUEL,True,True
98765,109930,SEQUEL,True,True
98766,4399,OTHER,True,False
98766,6041,OTHER,True,False
98766,21148,OTHER,True,False
98766,21369,OTHER,True,False
98772,21606,OTHER,True,False
98772,21605,OTHER,True,False
98772,133353,PARENT,False,False
98778,21711,PARENT,True,True
98791,98069,PARENT,True,True
98791,98846,SEQUEL,True,True
98843,21873,PREQUEL,True,True
98846,98069,PARENT,True,True
98846,98791,PREQUEL,True,True
98847,87435,PARENT,True,True
98851,87500,PARENT,True,True
98856,21851,PARENT,True,True
98868,20485,PREQUEL,True,True
98868,98866,SEQUEL,True,True
98872,20548,ALTERNATIVE,True,True
98872,101697,SEQUEL,True,True
98873,20832,PARENT,True,True
98873,98874,SEQUEL,True,True
98873,101098,SIDE_STORY,True,True
98874,20832,PARENT,True,True
98874,98873,PREQUEL,True,True
98874,98437,SEQUEL,True,True
98874,101098,SIDE_STORY,True,True
98876,21460,PARENT,True,True
98876,21638,PREQUEL,True,True
98876,101992,SEQUEL,True,True
98876,100178,SEQUEL,True,True
98878,97863,PARENT,True,True
98884,20992,PARENT,True,True
98884,21244,PREQUEL,True,True
98884,98885,SEQUEL,True,True
98885,21698,PARENT,True,True
98885,98884,PREQUEL,True,True
98891,98059,PARENT,True,True
98891,117403,OTHER,True,False
98891,21506,CHARACTER,True,False
98897,11339,PREQUEL,True,True
98951,100518,SIDE_STORY,True,True
98977,21296,ALTERNATIVE,True,True
98977,117913,SEQUEL,False,False
98978,97890,PREQUEL,True,True
98978,101743,SEQUEL,True,True
98997,21298,PARENT,True,True
98999,21855,PREQUEL,True,True
99054,97857,ALTERNATIVE,True,True
99055,569,OTHER,False,False
99055,1168,OTHER,False,False
99083,114843,PREQUEL,True,True
99085,8687,PARENT,True,True
99255,98702,PREQUEL,True,True
99255,100773,SEQUEL,True,True
99255,21518,PREQUEL,True,True
99255,101924,SIDE_STORY,True,True
99302,21,PARENT,False,False
99348,99817,SEQUEL,True,True
99349,4057,OTHER,True,False
99363,21710,PARENT,True,True
99391,97862,PREQUEL,True,True
99394,97592,PREQUEL,True,True
99420,100180,SIDE_STORY,True,True
99534,87479,PREQUEL,True,True
99547,97853,ALTERNATIVE,True,True
99547,21893,PREQUEL,True,True
99555,21819,CHARACTER,True,False
99582,98144,PARENT,True,True
99634,16498,PARENT,True,True
99634,99147,PARENT,True,True
99642,101101,SEQUEL,True,True
99642,21001,CHARACTER,True,False
99642,21506,CHARACTER,True,False
99642,98059,CHARACTER,True,False
99714,97889,PREQUEL,True,True
99714,100784,SEQUEL,True,True
99718,21802,PREQUEL,True,True
99726,100684,SEQUEL,True,True
99731,19319,PARENT,True,True
99731,20739,PARENT,True,True
99731,99732,PARENT,True,True
99732,19319,PREQUEL,True,True
99732,20739,SEQUEL,True,True
99732,99731,OTHER,True,False
99733,87476,PREQUEL,True,True
99741,21797,PREQUEL,True,True
99741,104712,SEQUEL,True,True
99742,97765,PREQUEL,True,True
99742,100225,SIDE_STORY,True,True
99742,101267,SEQUEL,True,True
99742,122206,SIDE_STORY,True,True
99790,87496,CHARACTER,True,False
99796,21277,OTHER,True,False
99796,20753,OTHER,True,False
99817,99348,PREQUEL,True,True
99856,4044,ALTERNATIVE,False,False
99856,4823,ALTERNATIVE,True,True
99856,101411,SEQUEL,True,True
99856,107876,ALTERNATIVE,True,True
99911,7262,ALTERNATIVE,True,True
99912,21233,PREQUEL,True,True
99937,112010,SEQUEL,True,True
99937,102596,CHARACTER,True,False
99938,21649,PREQUEL,True,True
99938,107208,SEQUEL,True,True
99939,103256,PREQUEL,True,True
99939,106863,ALTERNATIVE,True,True
99945,87496,PARENT,True,True
99964,20933,OTHER,True,False
99994,99995,SEQUEL,True,True
100072,21886,PARENT,True,True
100168,105931,PARENT,True,True
100180,99420,PARENT,True,True
100184,21772,PREQUEL,True,True
100225,99742,PARENT,True,True
100225,98556,PREQUEL,True,True
100225,103311,SEQUEL,True,True
100227,21051,PARENT,True,True
100256,98436,PARENT,True,True
100256,148584,SEQUEL,True,True
100262,98069,PREQUEL,True,True
100262,103744,CHARACTER,False,False
100282,10348,SEQUEL,True,True
100282,125491,PREQUEL,True,True
100283,97983,PARENT,True,True
100290,966,PARENT,False,False
100290,103690,SEQUEL,True,True
100290,100289,PREQUEL,True,True
100305,98202,PARENT,True,True
100328,87496,PARENT,True,True
100469,21361,PARENT,True,True
100484,98143,PARENT,True,True
100519,98505,PARENT,True,True
100570,7768,PARENT,True,True
100659,21853,PREQUEL,True,True
100684,99726,PREQUEL,True,True
100720,21854,PREQUEL,True,True
100728,127149,CHARACTER,True,False
100728,116756,PREQUEL,True,True
100729,97815,PARENT,True,True
100791,97858,ALTERNATIVE,True,True
100791,97859,ALTERNATIVE,True,True
100791,97860,ALTERNATIVE,True,True
100791,20800,SEQUEL,True,True
100791,119042,CHARACTER,True,False
100979,21823,PARENT,True,True
100981,100980,PREQUEL,False,False
100981,97860,OTHER,True,False
101084,21555,PARENT,True,True
101098,87489,ALTERNATIVE,True,True
101098,98873,PARENT,True,True
101098,98874,PARENT,True,True
101104,21672,PARENT,True,True
101339,12471,PREQUEL,True,True
101811,101812,SEQUEL,True,True
101811,1575,ALTERNATIVE,True,True
101811,125783,SIDE_STORY,False,False
101913,14629,PREQUEL,True,True
101965,21155,PREQUEL,True,True
101965,21403,PARENT,True,True
101996,21242,PARENT,True,True
101999,21377,PARENT,True,True
102167,21709,PARENT,True,True
102940,102941,SEQUEL,True,True
102940,102942,OTHER,False,False
102946,98596,PARENT,True,True
102946,154956,SEQUEL,True,True
103740,20742,OTHER,True,False
103809,21741,PARENT,True,True
104557,98504,ALTERNATIVE,True,True
104557,6336,PREQUEL,True,True
104557,21658,PREQUEL,True,True
107348,6347,PARENT,True,True
107351,20992,PARENT,True,True
107351,21698,PARENT,True,True
107622,98314,PARENT,True,True
107875,21407,PARENT,True,True
110219,10278,PARENT,True,True
110219,120755,ALTERNATIVE,True,True
110286,3269,PARENT,True,True
110286,873,PARENT,True,True
110286,48,PARENT,True,True
110286,298,PARENT,True,True
110286,9332,PARENT,True,True
110292,98762,PARENT,True,True
110452,110451,SPIN_OFF,False,False
110643,21237,PARENT,True,True
110694,20510,CHARACTER,True,False
110694,18179,CHARACTER,True,False
110694,3545,CHARACTER,False,False
110694,21038,CHARACTER,True,False
110694,107693,CHARACTER,True,False
112900,2904,PARENT,True,True
113139,6654,PREQUEL,False,False
114814,2165,CHARACTER,True,False
114814,101555,SEQUEL,True,True
114814,130445,PREQUEL,True,True
114843,99083,SEQUEL,True,True
115345,21367,PARENT,True,True
115763,21724,PARENT,True,True
115914,71,PARENT,True,True
115914,115916,SEQUEL,True,True
116053,21895,PREQUEL,True,True
116785,116784,SEQUEL,True,True
117403,98891,PARENT,True,True
117960,140377,SEQUEL,True,True
119873,20455,OTHER,True,False
120378,3638,PARENT,True,True
121689,121690,SPIN_OFF,True,True
122062,20986,PARENT,True,True
122173,21894,PARENT,True,True
122205,97765,PARENT,True,True
122206,99742,PARENT,True,True
123056,98607,PARENT,True,True
126605,1199,PREQUEL,False,False
20574,104307,SEQUEL,True,True
20628,100780,SEQUEL,True,True
20628,820,ALTERNATIVE,False,False
20875,101471,SEQUEL,True,True
21127,21624,PREQUEL,True,True
21127,104174,SIDE_STORY,True,True
21451,73,PREQUEL,True,True
21665,102498,SEQUEL,True,True
21665,102651,OTHER,False,False
21717,6922,ALTERNATIVE,True,True
21717,356,ALTERNATIVE,True,True
21717,19603,ALTERNATIVE,True,True
21717,20791,ALTERNATIVE,True,True
21746,227,PREQUEL,True,True
21746,21748,SEQUEL,True,True
21748,21746,PREQUEL,True,True
21748,146472,SEQUEL,True,True
21748,146473,SEQUEL,True,True
21770,101369,SEQUEL,True,True
21770,161,PREQUEL,True,True
21798,102346,SEQUEL,True,True
21798,14467,PARENT,True,True
21798,109670,OTHER,True,False
21827,101432,SIDE_STORY,True,True
21827,109190,SEQUEL,True,True
21827,154164,OTHER,False,False
21879,5231,PARENT,True,True
21879,104077,SEQUEL,True,True
21879,99059,PREQUEL,True,True
87495,101169,SPIN_OFF,True,True
87495,103110,SEQUEL,True,True
87495,103394,CHARACTER,False,False
87495,103396,CHARACTER,False,False
87495,103393,CHARACTER,False,False
87495,103392,CHARACTER,False,False
87495,103948,CHARACTER,False,False
87495,103395,CHARACTER,False,False
87495,103398,CHARACTER,False,False
87495,103397,CHARACTER,False,False
87495,114434,CHARACTER,False,False
87495,114958,CHARACTER,False,False
87495,186346,SUMMARY,False,False
87495,186347,SPIN_OFF,False,False
87495,191893,SUMMARY,False,False
97604,97605,OTHER,False,False
97767,20745,PREQUEL,True,True
97881,372,PREQUEL,True,True
97881,163326,SEQUEL,False,False
97881,98554,PREQUEL,True,True
97888,551,PREQUEL,True,True
97888,87501,SIDE_STORY,True,True
97888,108522,SEQUEL,True,True
97888,176287,ADAPTATION,True,False
126910,129844,SEQUEL,True,True
130183,21856,PARENT,True,True
130244,115188,CHARACTER,True,False
130741,132300,SIDE_STORY,True,True
132016,97920,PARENT,True,True
135443,97709,PREQUEL,True,True
139037,98093,PREQUEL,True,True
139037,156009,SEQUEL,False,False
140113,110214,ALTERNATIVE,False,False
140113,191370,PREQUEL,True,True
145746,145745,PREQUEL,True,True
155014,21366,PARENT,True,True
158627,153518,OTHER,True,False
168581,506,ALTERNATIVE,False,False
174841,1960,PARENT,False,False
177227,177226,PREQUEL,True,True
177227,177228,SEQUEL,True,True
177442,21175,PARENT,True,True
180851,9339,PREQUEL,True,True
185122,109639,ALTERNATIVE,True,True
187052,8644,PARENT,True,True
187052,187053,SEQUEL,True,True
188037,100790,PARENT,True,True
189723,189722,PREQUEL,True,True
189723,189724,SEQUEL,True,True
189723,189725,OTHER,False,False
97907,184376,SEQUEL,False,False
97910,21578,PREQUEL,True,True
97919,1254,PARENT,False,False
97989,21300,PREQUEL,True,True
98034,21804,PREQUEL,True,True
98034,104580,SEQUEL,True,True
98034,112625,SEQUEL,True,True
98034,918,CHARACTER,True,False
98319,4719,ALTERNATIVE,True,True
98384,21311,PARENT,True,True
98384,21679,PARENT,True,True
98389,108971,OTHER,False,False
98437,20832,PREQUEL,True,True
98437,101083,SIDE_STORY,True,True
98437,101474,SEQUEL,True,True
98437,98874,PREQUEL,True,True
98444,104459,SEQUEL,True,True
98444,101206,SIDE_STORY,True,True
98444,104461,SIDE_STORY,True,True
98444,114981,SIDE_STORY,True,True
98460,2252,ALTERNATIVE,False,False
98460,2354,ALTERNATIVE,False,False
98470,98469,PREQUEL,True,True
98470,98471,SEQUEL,True,True
98473,21772,PREQUEL,True,True
98479,102974,SEQUEL,True,True
98503,102969,SIDE_STORY,True,True
98514,103237,SIDE_STORY,True,True
98514,108941,SPIN_OFF,True,True
98514,124223,SEQUEL,True,True
98514,145433,CHARACTER,False,False
98514,172420,OTHER,True,False
98514,180516,SPIN_OFF,True,True
98514,148370,SIDE_STORY,True,True
98514,148401,SPIN_OFF,True,True
98514,207886,OTHER,False,False
98516,5658,PREQUEL,False,False
98520,21741,PREQUEL,True,True
98520,130305,SEQUEL,True,True
98520,131881,CHARACTER,False,False
98549,104200,SEQUEL,True,True
98549,110693,OTHER,False,False
98549,143086,SEQUEL,True,True
98635,21049,PREQUEL,True,True
98635,108939,SIDE_STORY,True,True
98658,103254,SIDE_STORY,True,True
98658,109153,SIDE_STORY,True,True
98658,113023,SUMMARY,True,True
98658,113024,SEQUEL,True,True
98658,155775,OTHER,False,False
98658,113469,CHARACTER,True,False
98658,205962,OTHER,False,False
98693,132014,OTHER,True,False
98747,105387,SPIN_OFF,True,True
98747,114030,SIDE_STORY,True,True
98762,110292,OTHER,True,False
98762,20889,PREQUEL,True,True
98779,17549,PARENT,True,True
98779,20497,ALTERNATIVE,True,True
98866,98868,PREQUEL,True,True
98866,131182,SEQUEL,True,True
99084,8687,PARENT,True,True
99084,2664,ALTERNATIVE,False,False
99131,21108,CHARACTER,True,False
99147,20958,PREQUEL,True,True
99147,104578,SEQUEL,True,True
99147,108942,OTHER,True,False
99147,119113,SUMMARY,True,True
99147,99634,SIDE_STORY,True,True
99147,150005,OTHER,False,False
99148,21662,PREQUEL,True,True
99196,98452,PREQUEL,True,True
99196,99197,SEQUEL,True,True
99197,99196,PREQUEL,True,True
99424,20947,OTHER,True,False
99424,113950,SEQUEL,True,True
99424,124082,CHARACTER,False,False
99424,158990,SUMMARY,True,True
99424,15313,CHARACTER,True,False
99457,207886,OTHER,False,False
99468,101426,SIDE_STORY,True,True
99468,107068,SEQUEL,True,True
99476,21407,PREQUEL,True,True
99476,142481,SEQUEL,True,True
99478,21796,PREQUEL,True,True
99478,175120,SEQUEL,True,True
99531,102832,SEQUEL,True,True
99539,104175,SIDE_STORY,True,True
99539,108928,SEQUEL,True,True
99539,99540,SIDE_STORY,True,True
99539,21385,PREQUEL,True,True
99540,99539,PARENT,True,True
99557,98143,PREQUEL,True,True
99557,119806,SEQUEL,True,True
99557,131881,CHARACTER,False,False
99557,114317,CHARACTER,True,False
99568,97855,PARENT,True,True
99569,67,PREQUEL,True,True
99578,104217,SIDE_STORY,True,True
99586,117395,OTHER,True,False
99614,17947,PREQUEL,True,True
99614,185875,SEQUEL,True,True
99629,104243,SEQUEL,True,True
99693,21432,ALTERNATIVE,True,True
99693,106169,SEQUEL,True,True
99693,10588,OTHER,True,False
99693,14407,OTHER,True,False
99693,3366,OTHER,True,False
99699,101830,SIDE_STORY,True,True
99699,102977,SEQUEL,True,True
99699,106506,SPIN_OFF,True,True
99727,1108,ALTERNATIVE,False,False
99727,143303,SEQUEL,True,True
99734,21365,PREQUEL,True,True
99748,101696,SIDE_STORY,True,True
99749,20626,PREQUEL,True,True
99749,139095,SEQUEL,True,True
99753,21365,CHARACTER,True,False
99888,21760,PREQUEL,True,True
99888,101372,SEQUEL,True,True
99916,98511,ALTERNATIVE,True,True
99940,101016,SIDE_STORY,True,True
99940,150653,ALTERNATIVE,True,True
99940,195486,ALTERNATIVE,False,False
99995,99994,PREQUEL,True,True
100009,102978,SEQUEL,True,True
100009,102979,SIDE_STORY,True,True
100049,21355,PARENT,True,True
100093,104324,SIDE_STORY,True,True
100093,125514,OTHER,False,False
100133,97857,PREQUEL,True,True
100133,107298,SIDE_STORY,True,True
100133,116147,SEQUEL,True,True
100166,21856,PREQUEL,True,True
100166,104276,SEQUEL,True,True
100166,100723,SIDE_STORY,True,True
100178,21460,PREQUEL,True,True
100178,98876,PREQUEL,True,True
100178,101992,SIDE_STORY,True,True
100178,150429,SEQUEL,True,True
100181,98402,PREQUEL,True,True
100181,115107,SEQUEL,True,True
100182,21403,PREQUEL,True,True
100182,108759,SEQUEL,True,True
100183,20594,PARENT,True,True
100183,167141,SEQUEL,True,True
100185,8937,PREQUEL,True,True
100185,107692,SIDE_STORY,True,True
100240,20850,PREQUEL,True,True
100240,102351,SEQUEL,True,True
100248,166710,CHARACTER,True,False
100248,177778,SEQUEL,True,True
100268,97983,PARENT,True,True
100298,102309,SIDE_STORY,True,True
100298,113359,SEQUEL,True,True
100298,2402,PARENT,False,False
100306,9890,PREQUEL,True,True
100306,112302,SEQUEL,True,True
100353,21507,PARENT,True,True
100359,100358,OTHER,False,False
100359,100360,OTHER,False,False
100359,100361,OTHER,False,False
100382,108062,SIDE_STORY,True,True
100388,124196,OTHER,False,False
100401,2594,ALTERNATIVE,True,True
100401,103049,SEQUEL,True,True
100402,107506,SEQUEL,True,True
100402,125261,SUMMARY,True,True
100408,102860,SEQUEL,True,True
100408,1541,ALTERNATIVE,True,True
100451,108944,SIDE_STORY,True,True
100451,21489,PREQUEL,True,True
100465,20958,PARENT,True,True
100465,20692,PREQUEL,True,True
100483,101581,SIDE_STORY,True,True
100485,126571,OTHER,True,False
100500,177271,SEQUEL,True,True
100518,98951,PARENT,True,True
100526,102882,SEQUEL,True,True
100527,11809,PARENT,True,True
100532,21406,PREQUEL,True,True
100537,21269,PARENT,True,True
100561,87458,PREQUEL,True,True
100561,102353,SEQUEL,True,True
100620,128737,SEQUEL,True,True
100620,30,CHARACTER,False,False
100620,110131,SEQUEL,True,True
100620,172395,OTHER,True,False
100644,20705,PARENT,True,True
100644,103717,SEQUEL,True,True
100652,21833,PREQUEL,True,True
100653,235,PARENT,False,False
100653,145494,OTHER,True,False
100654,98077,PARENT,True,True
100655,98077,PARENT,True,True
100661,603,ALTERNATIVE,True,True
100661,98059,ALTERNATIVE,True,True
100661,21506,ALTERNATIVE,True,True
100661,20577,ALTERNATIVE,True,True
100661,9893,ALTERNATIVE,True,True
100661,1932,ALTERNATIVE,True,True
100661,12191,ALTERNATIVE,True,True
100661,5684,ALTERNATIVE,True,True
100661,21001,ALTERNATIVE,True,True
100661,1534,ALTERNATIVE,True,True
100661,7645,ALTERNATIVE,True,True
100661,16419,ALTERNATIVE,True,True
100661,101101,CHARACTER,True,False
100661,101908,CHARACTER,True,False
100661,105857,ALTERNATIVE,True,True
100661,106858,CHARACTER,True,False
100661,112748,ALTERNATIVE,True,True
100661,112612,CHARACTER,True,False
100661,126905,ALTERNATIVE,True,True
100661,142080,ALTERNATIVE,True,True
100661,157883,ALTERNATIVE,True,True
100661,159429,CHARACTER,True,False
100661,171030,ALTERNATIVE,True,True
100661,185073,ALTERNATIVE,True,True
100661,202957,ALTERNATIVE,True,True
100667,21619,OTHER,True,False
100673,128372,SUMMARY,False,False
100714,104278,SEQUEL,True,True
100723,105893,SIDE_STORY,True,True
100723,100166,PARENT,True,True
100744,97634,PARENT,True,True
100745,2116,ALTERNATIVE,False,False
100745,163024,SEQUEL,True,True
100745,1674,ALTERNATIVE,False,False
100745,177434,OTHER,False,False
100748,21111,ALTERNATIVE,True,True
100749,145850,OTHER,False,False
100773,99255,PREQUEL,True,True
100773,109963,SEQUEL,True,True
100784,99714,PREQUEL,True,True
100784,101925,SEQUEL,True,True
100785,6172,OTHER,True,False
100790,110638,ADAPTATION,False,False
100790,116224,SIDE_STORY,True,True
100790,116225,SIDE_STORY,True,True
100790,132694,SEQUEL,True,True
100790,132698,SIDE_STORY,True,True
100790,142806,SIDE_STORY,True,True
100790,172016,SIDE_STORY,True,True
100790,185643,SIDE_STORY,True,True
100790,186198,SIDE_STORY,True,True
100790,188037,SIDE_STORY,True,True
100790,201910,PREQUEL,False,False
100814,1661,ALTERNATIVE,False,False
100849,101575,CHARACTER,False,False
100849,116789,SPIN_OFF,True,True
100852,98438,PREQUEL,True,True
100852,111931,SIDE_STORY,True,True
100855,356,PARENT,True,True
100873,101435,SEQUEL,True,True
100912,98449,OTHER,True,False
100922,182309,SEQUEL,True,True
100957,20906,PREQUEL,True,True
100957,104257,SIDE_STORY,True,True
100957,134623,SEQUEL,True,True
100966,98420,PREQUEL,True,True
100977,105662,SIDE_STORY,True,True
100977,108631,SEQUEL,True,True
100977,117533,SPIN_OFF,True,True
100977,109085,OTHER,False,False
100977,138675,OTHER,True,False
100978,2165,ALTERNATIVE,True,True
100978,5688,ALTERNATIVE,False,False
100978,6971,ALTERNATIVE,False,False
100978,7307,ALTERNATIVE,False,False
100978,7619,ALTERNATIVE,False,False
100978,8158,PREQUEL,False,False
100978,130622,PREQUEL,True,True
100978,166043,CHARACTER,True,False
100978,176579,OTHER,False,False
101001,104170,SIDE_STORY,True,True
101001,104368,SIDE_STORY,True,True
101004,117448,SEQUEL,True,True
101013,106674,SIDE_STORY,True,True
101016,99940,PARENT,True,True
101016,150653,ALTERNATIVE,True,True
101020,10457,CHARACTER,True,False
101020,14995,CHARACTER,True,False
101024,108040,SEQUEL,True,True
101036,19319,PARENT,True,True
101036,102622,PREQUEL,True,True
101036,110786,SEQUEL,True,True
101036,163204,OTHER,True,False
101042,202419,OTHER,True,False
101043,15061,ALTERNATIVE,True,True
101043,21648,ALTERNATIVE,True,True
101043,107447,SEQUEL,True,True
101043,111082,ALTERNATIVE,True,True
101043,128872,ALTERNATIVE,True,True
101044,934,CHARACTER,True,False
101044,101125,CHARACTER,True,False
101044,21512,CHARACTER,True,False
101046,98599,PREQUEL,True,True
101046,179838,SEQUEL,True,True
101078,21756,ALTERNATIVE,True,True
101083,98437,PARENT,True,True
101083,21305,PREQUEL,True,True
101083,103209,SEQUEL,True,True
101085,21555,PREQUEL,True,True
101097,107755,OTHER,True,False
101097,108625,SEQUEL,True,True
101097,136206,CHARACTER,True,False
101097,10257,ALTERNATIVE,True,True
101097,17249,ALTERNATIVE,True,True
101097,20742,ALTERNATIVE,True,True
101097,136119,ALTERNATIVE,True,True
101097,171080,ALTERNATIVE,True,True
101097,184756,CHARACTER,True,False
101100,97757,PARENT,True,True
101101,99642,PREQUEL,True,True
101101,101908,SEQUEL,True,True
101101,100661,CHARACTER,True,False
101101,98059,CHARACTER,True,False
101101,21506,CHARACTER,True,False
101115,98289,PREQUEL,True,True
101115,108853,SEQUEL,True,True
101115,288,OTHER,True,False
101117,107202,SUMMARY,True,True
101117,107203,SEQUEL,True,True
101117,103588,PREQUEL,True,True
101124,105964,SEQUEL,True,True
101125,101044,CHARACTER,True,False
101126,122675,SIDE_STORY,False,False
101126,122678,SIDE_STORY,False,False
101126,20680,ALTERNATIVE,True,True
101126,118126,SEQUEL,True,True
101161,3002,PARENT,True,True
101161,10271,PARENT,True,True
101165,108623,SEQUEL,True,True
101169,87495,PARENT,True,True
101206,98444,PARENT,True,True
101206,104461,SEQUEL,True,True
101210,19051,OTHER,True,False
101213,21857,PARENT,True,True
101228,110788,SEQUEL,True,True
101267,99742,PREQUEL,True,True
101267,103311,SIDE_STORY,True,True
101267,105962,SEQUEL,True,True
101267,122207,SIDE_STORY,True,True
101277,101478,ALTERNATIVE,True,True
101280,106509,SIDE_STORY,True,True
101280,116741,SPIN_OFF,True,True
101280,127225,CHARACTER,True,False
101280,143391,CHARACTER,True,False
101280,146503,SIDE_STORY,True,True
101280,166381,CHARACTER,True,False
101280,161802,SEQUEL,True,True
101291,104157,SEQUEL,True,True
101302,21175,PREQUEL,True,True
101302,206812,SEQUEL,False,False
101309,21071,OTHER,True,False
101313,21360,PREQUEL,True,True
101316,207886,OTHER,False,False
101318,106690,SEQUEL,True,True
101340,110028,SEQUEL,True,True
101359,102801,ALTERNATIVE,True,True
101359,104071,SEQUEL,True,True
101361,207886,OTHER,False,False
101369,21770,PREQUEL,True,True
101370,21277,PARENT,True,True
101372,99888,PREQUEL,True,True
101373,106568,SEQUEL,True,True
101380,104292,SIDE_STORY,True,True
101381,132545,SEQUEL,True,True
101385,98229,PREQUEL,True,True
101385,102005,SEQUEL,True,True
101411,99856,PREQUEL,True,True
101425,98378,PREQUEL,True,True
101425,113242,SEQUEL,True,True
101426,99468,PARENT,True,True
101432,21827,PARENT,True,True
101435,100873,PREQUEL,True,True
101470,5355,ALTERNATIVE,True,True
101471,20875,PREQUEL,True,True
101474,98437,PREQUEL,True,True
101474,103209,SIDE_STORY,True,True
101474,133844,SEQUEL,True,True
101478,101277,ALTERNATIVE,True,True
101498,98383,PREQUEL,True,True
101498,108811,SEQUEL,True,True
101500,156896,CHARACTER,True,False
101501,98320,PARENT,True,True
101506,108548,SIDE_STORY,True,True
101523,98586,PREQUEL,True,True
101523,116790,SEQUEL,False,False
101546,98310,PARENT,True,True
101554,6336,PREQUEL,True,True
101554,105595,SEQUEL,True,True
101554,21658,PREQUEL,True,True
101554,212323,CHARACTER,True,False
101555,114814,PREQUEL,True,True
101555,130445,PREQUEL,True,True
101571,21726,ALTERNATIVE,True,True
101571,105200,SEQUEL,True,True
101571,106494,SIDE_STORY,True,True
101580,6468,ALTERNATIVE,False,False
101581,100483,PARENT,True,True
101594,9539,ALTERNATIVE,True,True
101594,109260,SEQUEL,True,True
101594,104102,SPIN_OFF,True,True
101594,111144,PREQUEL,True,True
101596,87435,PARENT,True,True
101632,87435,PARENT,True,True
101632,113906,SEQUEL,True,True
101632,187166,ALTERNATIVE,True,True
101695,97886,OTHER,True,False
101696,99748,PARENT,True,True
101697,98872,PREQUEL,True,True
101743,98978,PREQUEL,True,True
101743,109603,SEQUEL,True,True
101775,198033,SEQUEL,True,True
101775,99807,OTHER,True,False
101812,101813,SEQUEL,True,True
101812,101811,PREQUEL,True,True
101813,101812,PREQUEL,True,True
101813,97880,SEQUEL,True,True
101830,99699,PARENT,True,True
101844,98425,PREQUEL,True,True
101844,110088,SEQUEL,True,True
101875,98630,PREQUEL,True,True
101908,101101,PREQUEL,True,True
101908,20577,CHARACTER,True,False
101908,21506,CHARACTER,True,False
101908,603,CHARACTER,True,False
101908,21001,CHARACTER,True,False
101908,1932,CHARACTER,True,False
101908,100661,CHARACTER,True,False
101908,1534,CHARACTER,True,False
101908,98059,CHARACTER,True,False
101908,5684,CHARACTER,True,False
101908,7645,CHARACTER,True,False
101908,9893,CHARACTER,True,False
101908,16419,CHARACTER,True,False
101908,12191,CHARACTER,True,False
101915,107193,CHARACTER,False,False
101915,107196,OTHER,False,False
101915,154673,ALTERNATIVE,True,True
101918,21,PARENT,False,False
101924,99255,PARENT,True,True
101925,100784,PREQUEL,True,True
101925,126819,SEQUEL,True,True
101926,21288,OTHER,True,False
101970,104979,SEQUEL,True,True
101985,98421,PREQUEL,True,True
102004,109342,CHARACTER,False,False
102004,112932,CHARACTER,False,False
102004,115908,SEQUEL,True,True
102004,115824,SPIN_OFF,False,False
102005,101385,PREQUEL,True,True
102309,100298,PARENT,True,True
102346,21798,PREQUEL,True,True
102346,102347,SEQUEL,True,True
102346,109670,OTHER,True,False
102347,102346,PREQUEL,True,True
102347,102348,SEQUEL,True,True
102347,109670,OTHER,True,False
102348,102349,SEQUEL,True,True
102348,102347,PREQUEL,True,True
102348,109670,OTHER,True,False
102349,102348,PREQUEL,True,True
102349,102350,SEQUEL,True,True
102349,109670,OTHER,True,False
102350,102349,PREQUEL,True,True
102350,109670,OTHER,True,False
102351,100240,PREQUEL,True,True
102352,21175,ALTERNATIVE,True,True
102353,100561,PREQUEL,True,True
102436,21815,PREQUEL,True,True
102436,112296,SEQUEL,True,True
102436,112324,SIDE_STORY,True,True
102573,21218,SEQUEL,True,True
102573,856,PREQUEL,True,True
102604,21237,ALTERNATIVE,True,True
102604,112036,CHARACTER,True,False
102622,101036,SEQUEL,True,True
102631,392,PARENT,False,False
102822,15119,PREQUEL,True,True
102832,99531,PREQUEL,True,True
102860,100408,PREQUEL,True,True
102860,967,SEQUEL,False,False
102875,124472,SIDE_STORY,True,True
102883,21450,PREQUEL,True,True
102883,131942,SEQUEL,True,True
102933,99059,SEQUEL,True,True
102941,102940,PREQUEL,True,True
102969,98503,PARENT,True,True
102974,98479,PREQUEL,True,True
102977,99699,PREQUEL,True,True
102977,106506,SPIN_OFF,True,True
102977,110355,SEQUEL,True,True
102977,124756,SIDE_STORY,True,True
102978,100009,PREQUEL,True,True
102978,107881,SIDE_STORY,True,True
102979,100009,PARENT,True,True
103050,19157,SEQUEL,True,True
103209,101083,PREQUEL,True,True
103209,101474,PARENT,True,True
103209,151898,SEQUEL,True,True
103237,98514,PARENT,True,True
103254,98658,PARENT,True,True
103256,99939,SEQUEL,True,True
103311,100225,PREQUEL,True,True
103311,101267,PARENT,True,True
103311,108810,SEQUEL,True,True
103588,101117,SEQUEL,True,True
103588,98497,PREQUEL,True,True
103611,11349,OTHER,True,False
103690,966,PARENT,False,False
103690,109931,SEQUEL,True,True
103690,100290,PREQUEL,True,True
103717,100644,PREQUEL,True,True
103847,97820,PARENT,True,True
103871,110733,SEQUEL,True,True
103871,121035,OTHER,False,False
103871,145433,CHARACTER,False,False
103871,154006,OTHER,False,False
103871,185189,OTHER,False,False
103923,98310,PARENT,True,True
103923,126886,SEQUEL,True,True
103923,203021,SIDE_STORY,True,True
103924,97876,PREQUEL,True,True
104006,19799,PARENT,True,True
104006,204629,SIDE_STORY,True,True
104041,112233,ALTERNATIVE,True,True
104077,21879,PREQUEL,True,True
104082,104188,PARENT,True,True
104104,98739,PREQUEL,True,True
104104,121567,SEQUEL,True,True
104170,101001,PARENT,True,True
104175,99539,PARENT,True,True
104187,87496,PARENT,True,True
104187,118168,SEQUEL,True,True
104188,104082,SPIN_OFF,True,True
104188,21288,PARENT,True,True
104188,116962,SEQUEL,True,True
104211,10456,OTHER,True,False
104211,12487,PREQUEL,True,True
104214,98090,PREQUEL,True,True
104214,141763,SPIN_OFF,False,False
104243,99629,PREQUEL,True,True
104257,100957,PARENT,True,True
104278,100714,PREQUEL,True,True
104278,107294,SEQUEL,True,True
104308,108355,OTHER,True,False
104308,124136,SEQUEL,True,True
104330,114606,PREQUEL,True,True
104368,101001,PARENT,True,True
104437,20594,PARENT,True,True
104437,151640,ALTERNATIVE,True,True
104530,98657,PREQUEL,True,True
104580,98034,PREQUEL,True,True
104580,112625,SEQUEL,True,True
104854,6590,PARENT,True,True
105096,110686,SEQUEL,True,True
105662,100977,PARENT,True,True
105663,7768,PARENT,True,True
105964,101124,PREQUEL,True,True
105964,151018,SEQUEL,True,True
106146,138961,SIDE_STORY,True,True
106169,99693,PREQUEL,True,True
106169,106896,SEQUEL,True,True
106169,109418,SIDE_STORY,True,True
106215,119342,CHARACTER,False,False
106215,119344,CHARACTER,False,False
106223,97940,PARENT,True,True
106223,110318,OTHER,True,False
106494,101571,PARENT,True,True
106506,99699,PARENT,True,True
106506,102977,PARENT,True,True
106506,110355,PARENT,True,True
106506,154125,SIDE_STORY,True,True
106506,142343,PARENT,True,True
106674,101013,PARENT,True,True
106862,106918,SEQUEL,True,True
106915,97815,CHARACTER,True,False
106915,127149,CHARACTER,True,False
107198,108728,SEQUEL,True,True
107264,21305,OTHER,True,False
107298,100133,PARENT,True,True
107755,20742,PARENT,True,True
107755,101097,PARENT,True,True
107755,12863,CHARACTER,True,False
107755,17249,CHARACTER,True,False
107755,10257,CHARACTER,True,False
107755,98107,CHARACTER,True,False
108939,98635,PARENT,True,True
108942,99147,PARENT,True,True
108942,120257,SEQUEL,True,True
108944,100451,PARENT,True,True
109097,22,PARENT,True,True
109189,6046,CHARACTER,True,False
109189,21221,CHARACTER,True,False
109189,110330,OTHER,True,False
109189,110331,OTHER,True,False
109670,21798,PARENT,True,True
109670,102346,PARENT,True,True
109670,102347,PARENT,True,True
109670,102348,PARENT,True,True
109670,102349,PARENT,True,True
109670,102350,PARENT,True,True
109930,98765,PREQUEL,True,True
109930,131458,SEQUEL,True,True
110330,109189,PARENT,True,True
110331,109189,PARENT,True,True
110344,20849,ALTERNATIVE,True,True
110344,126888,SEQUEL,True,True
110344,126889,PREQUEL,True,True
112004,112008,SEQUEL,True,True
115916,71,PARENT,True,True
115916,115918,SEQUEL,True,True
115916,115914,PREQUEL,True,True
115918,71,PARENT,True,True
115918,115916,PREQUEL,True,True
116784,116785,PREQUEL,True,True
117395,99586,PARENT,True,True
117398,20498,PARENT,True,True
9488,3087,PREQUEL,True,True
9488,110275,SEQUEL,False,False
21322,20590,PARENT,True,True
21322,117086,CHARACTER,True,False
21512,101044,CHARACTER,True,False
21512,133849,CHARACTER,True,False
21512,141907,SEQUEL,True,True
21512,160829,SIDE_STORY,True,True
21512,164241,SIDE_STORY,True,True
21512,173639,SIDE_STORY,True,True
21673,21672,PREQUEL,True,True
21673,113348,SIDE_STORY,True,True
21718,20791,PREQUEL,True,True
21718,21719,SEQUEL,True,True
97668,21087,PREQUEL,True,True
97668,108945,SIDE_STORY,True,True
97668,153800,SEQUEL,True,True
97880,101813,PREQUEL,True,True
97880,117408,SIDE_STORY,True,True
97880,126830,SEQUEL,True,True
97918,21196,PREQUEL,True,True
97918,98663,PREQUEL,True,True
97995,3883,ALTERNATIVE,False,False
97995,112472,SEQUEL,True,True
98056,21287,PREQUEL,True,True
98056,112308,SEQUEL,True,True
99000,20511,ALTERNATIVE,True,True
99230,125440,SEQUEL,True,True
99230,183231,CHARACTER,True,False
99263,111321,SEQUEL,True,True
99263,110178,CHARACTER,True,False
99263,117074,CHARACTER,True,False
99263,194447,CHARACTER,True,False
99425,110261,PREQUEL,True,True
99425,111789,PREQUEL,True,True
122207,101267,PARENT,True,True
126758,97861,PARENT,True,True
126759,97861,CHARACTER,True,False
126843,128738,SEQUEL,True,True
126843,128739,SEQUEL,True,True
126888,110344,PREQUEL,True,True
126889,110344,SEQUEL,True,True
129844,126910,PREQUEL,True,True
132014,98693,PARENT,True,True
138961,106146,PARENT,True,True
143303,99727,PREQUEL,True,True
145494,100653,PARENT,True,True
145557,21261,PARENT,True,True
145985,98565,PARENT,True,True
148584,100256,PREQUEL,True,True
151640,104437,ALTERNATIVE,True,True
151640,20594,OTHER,True,False
154125,106506,PARENT,True,True
154956,102946,PREQUEL,True,True
154956,98596,PARENT,True,True
155017,97940,PARENT,True,True
166043,100978,CHARACTER,True,False
174842,1960,PARENT,False,False
177228,177227,PREQUEL,True,True
177228,177229,SEQUEL,True,True
179777,179778,OTHER,True,False
187053,187052,PREQUEL,True,True
187053,187054,SEQUEL,True,True
99470,21006,PREQUEL,True,True
99470,120892,SEQUEL,True,True
99624,87496,PREQUEL,True,True
99624,115238,OTHER,True,False
100112,109945,OTHER,False,False
100186,21751,PREQUEL,True,True
100186,126316,SEQUEL,True,True
100246,20486,ALTERNATIVE,True,True
100269,14829,CHARACTER,True,False
100269,97757,PARENT,True,True
100280,97820,PREQUEL,True,True
100523,21685,PARENT,True,True
100663,109911,SEQUEL,True,True
100668,111729,SIDE_STORY,True,True
100668,112323,SEQUEL,True,True
100668,145560,PREQUEL,True,True
100675,21180,PREQUEL,True,True
100722,20741,PREQUEL,True,True
100722,116605,SEQUEL,True,True
100722,111852,SIDE_STORY,True,True
100780,20628,PREQUEL,True,True
100780,820,ALTERNATIVE,False,False
100780,124032,SEQUEL,True,True
100815,20593,SEQUEL,True,True
100815,21745,PREQUEL,True,True
100815,173533,SEQUEL,True,True
100876,98314,PREQUEL,True,True
100878,21613,PREQUEL,True,True
100878,135865,SEQUEL,True,True
100878,135866,PREQUEL,True,True
100891,111048,SEQUEL,True,True
100891,107226,OTHER,True,False
100891,176287,CHARACTER,True,False
100965,98349,PREQUEL,True,True
101123,104156,PARENT,False,False
101123,108937,PREQUEL,False,False
101166,20920,PARENT,True,True
101167,20920,PREQUEL,True,True
101167,112124,SEQUEL,True,True
101167,112125,SIDE_STORY,True,True
101215,14397,PREQUEL,True,True
101261,108275,OTHER,False,False
101281,110359,OTHER,True,False
101283,369,SIDE_STORY,True,True
101337,105245,SIDE_STORY,False,False
101337,21731,PREQUEL,True,True
101338,21507,PREQUEL,True,True
101338,109819,SIDE_STORY,True,True
101338,140439,SEQUEL,True,True
101343,97986,PARENT,True,True
101343,101344,SEQUEL,True,True
101344,97986,PARENT,True,True
101344,101343,PREQUEL,True,True
101344,100643,SEQUEL,True,True
101345,2043,CHARACTER,False,False
101345,147189,SEQUEL,True,True
101347,5760,ALTERNATIVE,False,False
101347,107943,OTHER,False,False
101347,110228,OTHER,False,False
101347,2213,CHARACTER,True,False
101347,21187,CHARACTER,True,False
101348,136430,SEQUEL,True,True
101348,145902,OTHER,True,False
101547,136263,SEQUEL,True,True
101633,87435,PREQUEL,True,True
101633,101634,SEQUEL,True,True
101633,108735,SIDE_STORY,True,True
101633,102826,CHARACTER,False,False
101633,104455,CHARACTER,False,False
101633,102824,CHARACTER,False,False
101633,102827,CHARACTER,False,False
101633,113158,CHARACTER,False,False
101633,113161,CHARACTER,False,False
101633,135889,CHARACTER,False,False
101633,142051,CHARACTER,False,False
101633,142962,CHARACTER,False,False
101633,142964,CHARACTER,False,False
101633,143759,CHARACTER,False,False
101633,146131,CHARACTER,False,False
101633,146497,CHARACTER,False,False
101633,158542,CHARACTER,False,False
101759,108725,SEQUEL,True,True
101921,112641,SEQUEL,True,True
101922,112151,SEQUEL,True,True
101922,129627,CHARACTER,True,False
101922,129874,SEQUEL,True,True
101922,154541,CHARACTER,True,False
101922,187383,CHARACTER,False,False
101992,21460,PREQUEL,True,True
101992,100178,SIDE_STORY,True,True
101992,98876,PREQUEL,True,True
101992,150429,SEQUEL,True,True
102064,110090,SEQUEL,True,True
102090,21088,PREQUEL,True,True
102090,110382,SIDE_STORY,True,True
102427,1254,ALTERNATIVE,False,False
102427,114448,SEQUEL,True,True
102649,104382,PREQUEL,True,True
102649,104990,SEQUEL,True,True
102680,107138,SIDE_STORY,True,True
102680,126425,SIDE_STORY,True,True
102882,100526,PREQUEL,True,True
102926,112177,SIDE_STORY,True,True
102928,113463,SPIN_OFF,True,True
102928,120211,OTHER,True,False
102939,110173,SIDE_STORY,True,True
102949,21643,PREQUEL,True,True
102976,21699,PREQUEL,True,True
102976,136804,SEQUEL,True,True
103049,100401,PREQUEL,True,True
103139,107704,OTHER,False,False
103223,21679,PREQUEL,True,True
103223,141249,SEQUEL,True,True
103223,21791,SIDE_STORY,True,True
103275,103277,PREQUEL,True,True
103275,110851,PREQUEL,True,True
103275,116756,SEQUEL,True,True
103275,127149,CHARACTER,True,False
103302,108891,SEQUEL,True,True
103555,1539,PREQUEL,True,True
103555,153344,SEQUEL,True,True
103572,109261,SEQUEL,True,True
103572,143391,CHARACTER,True,False
103572,211710,SIDE_STORY,False,False
103631,21874,PREQUEL,True,True
103638,117532,SIDE_STORY,True,True
103870,97631,PREQUEL,True,True
103870,112480,SEQUEL,True,True
103870,176275,ALTERNATIVE,True,True
103870,184756,OTHER,True,False
103900,110229,SEQUEL,True,True
103900,109492,SIDE_STORY,True,True
104009,10540,ALTERNATIVE,True,True
104071,101359,PREQUEL,True,True
104071,111306,SEQUEL,True,True
104102,101594,PARENT,True,True
104157,101291,PREQUEL,True,True
104157,154967,SEQUEL,True,True
104158,133892,SIDE_STORY,True,True
104159,114473,SPIN_OFF,True,True
104159,124082,CHARACTER,False,False
104159,154525,SPIN_OFF,True,True
104174,21127,PARENT,True,True
104199,21034,PARENT,True,True
104200,98549,PREQUEL,True,True
104213,21261,PARENT,True,True
104213,114474,SIDE_STORY,True,True
104213,114750,PREQUEL,True,True
104217,99578,PARENT,True,True
104252,124138,OTHER,True,False
104252,168500,SEQUEL,True,True
104253,115082,SUMMARY,True,True
104253,116330,SPIN_OFF,False,False
104276,100166,PREQUEL,True,True
104276,108553,SIDE_STORY,True,True
104276,117193,SEQUEL,True,True
104276,122349,SIDE_STORY,True,True
104286,97932,PREQUEL,True,True
104291,20708,PREQUEL,True,True
104292,101380,PARENT,True,True
104307,20574,PREQUEL,True,True
104307,108581,SEQUEL,True,True
104324,100093,PARENT,True,True
104325,113924,SIDE_STORY,True,True
104378,112732,SEQUEL,True,True
104378,3667,PARENT,True,True
104382,20514,PREQUEL,True,True
104382,102649,SEQUEL,True,True
104454,20832,CHARACTER,True,False
104454,21355,CHARACTER,True,False
104454,21202,CHARACTER,True,False
104454,21613,CHARACTER,True,False
104454,110178,SEQUEL,True,True
104463,4654,PARENT,True,True
104463,112031,SIDE_STORY,True,True
104464,114195,SEQUEL,True,True
104562,98573,ALTERNATIVE,True,True
104578,99147,PREQUEL,True,True
104578,110277,SEQUEL,True,True
104578,119113,SUMMARY,True,True
104578,120257,OTHER,True,False
104712,99741,PREQUEL,True,True
104723,110445,SIDE_STORY,True,True
104723,534,CHARACTER,False,False
104979,101970,PREQUEL,True,True
104979,166050,SEQUEL,True,True
104989,118030,OTHER,False,False
104989,139813,SEQUEL,True,True
104990,102649,PREQUEL,True,True
104990,153687,SEQUEL,True,True
105018,119593,CHARACTER,False,False
105143,21,PARENT,False,False
105143,21335,PREQUEL,True,True
105156,110178,CHARACTER,True,False
105156,194447,CHARACTER,True,False
105200,101571,PREQUEL,True,True
105200,110857,SEQUEL,True,True
105238,112908,OTHER,True,False
105238,133483,CHARACTER,True,False
105310,111730,OTHER,True,False
105310,114236,SEQUEL,True,True
105310,111955,OTHER,False,False
105310,143391,CHARACTER,True,False
105310,128390,OTHER,True,False
105333,113936,SEQUEL,True,True
105334,120,ALTERNATIVE,True,True
105334,111762,SEQUEL,True,True
105387,98747,PARENT,True,True
105387,111129,SEQUEL,False,False
105391,87475,PREQUEL,True,True
105391,136303,SEQUEL,True,True
105596,20658,ALTERNATIVE,True,True
105596,114334,SEQUEL,True,True
105655,1412,PARENT,False,False
105749,21085,PREQUEL,True,True
105749,177634,SEQUEL,True,True
105807,112686,SEQUEL,True,True
105857,603,ALTERNATIVE,True,True
105857,100661,ALTERNATIVE,True,True
105857,21506,ALTERNATIVE,True,True
105857,1932,ALTERNATIVE,True,True
105857,98059,ALTERNATIVE,True,True
105857,1534,ALTERNATIVE,True,True
105857,21001,ALTERNATIVE,True,True
105857,5684,ALTERNATIVE,True,True
105857,7645,ALTERNATIVE,True,True
105857,20577,ALTERNATIVE,True,True
105857,9893,ALTERNATIVE,True,True
105857,106858,CHARACTER,True,False
105857,112748,ALTERNATIVE,True,True
105857,126905,ALTERNATIVE,True,True
105857,12191,ALTERNATIVE,True,True
105857,16419,ALTERNATIVE,True,True
105857,142080,ALTERNATIVE,True,True
105857,154678,CHARACTER,True,False
105857,157883,ALTERNATIVE,True,True
105857,159429,CHARACTER,True,False
105857,171030,ALTERNATIVE,True,True
105857,109737,SIDE_STORY,True,True
105857,112612,CHARACTER,True,False
105857,185073,ALTERNATIVE,True,True
105857,188394,CHARACTER,True,False
105857,202957,ALTERNATIVE,True,True
105893,100723,PARENT,True,True
105907,97874,ALTERNATIVE,True,True
105932,177436,OTHER,False,False
105962,101267,PREQUEL,True,True
105962,108810,SIDE_STORY,True,True
105962,122208,SIDE_STORY,True,True
106206,235,PARENT,False,False
106240,111733,SPIN_OFF,True,True
106286,21519,CHARACTER,True,False
106287,528,ALTERNATIVE,False,False
106287,527,PARENT,False,False
106433,115931,OTHER,False,False
106433,117396,SIDE_STORY,True,True
106433,124833,CHARACTER,False,False
106433,140008,CHARACTER,False,False
106433,189425,CHARACTER,False,False
106493,8687,PARENT,True,True
106509,101280,PARENT,True,True
106568,101373,PREQUEL,True,True
106690,101318,PREQUEL,True,True
106750,107880,ALTERNATIVE,True,True
106858,105857,CHARACTER,True,False
106858,98059,CHARACTER,True,False
106858,100661,CHARACTER,True,False
106896,106169,PREQUEL,True,True
106896,110265,SIDE_STORY,False,False
106918,106862,PREQUEL,True,True
106918,136344,SEQUEL,True,True
106918,11741,PARENT,True,True
106967,110738,SEQUEL,True,True
107068,99468,PREQUEL,True,True
107068,138424,SEQUEL,True,True
107138,102680,PARENT,True,True
107202,101117,PARENT,True,True
107208,99938,PREQUEL,True,True
107208,124115,SEQUEL,True,True
107208,114052,SIDE_STORY,True,True
107226,100891,OTHER,True,False
107226,138103,SIDE_STORY,True,True
107252,21260,PREQUEL,True,True
107252,153146,SEQUEL,True,True
107313,1412,PARENT,False,False
107313,97619,PREQUEL,True,True
107313,191884,SEQUEL,True,True
107346,21361,PREQUEL,True,True
107346,116968,SIDE_STORY,True,True
107418,109562,SEQUEL,True,True
107418,207886,OTHER,False,False
107447,101043,PREQUEL,True,True
107447,111082,SEQUEL,True,True
107490,113302,SIDE_STORY,True,True
107490,123330,SEQUEL,True,True
107506,100402,PREQUEL,True,True
107506,153841,SEQUEL,True,True
107535,111319,OTHER,True,False
107660,114194,SEQUEL,True,True
107666,110,ALTERNATIVE,False,False
107666,114304,SEQUEL,True,True
107672,120160,OTHER,False,False
107692,10249,PREQUEL,True,True
107692,100185,PARENT,True,True
107693,116338,SEQUEL,True,True
107693,110694,CHARACTER,True,False
107693,207251,SPIN_OFF,False,False
107727,111955,OTHER,False,False
107860,107857,OTHER,False,False
107860,107858,OTHER,False,False
107860,107859,OTHER,False,False
107876,99856,ALTERNATIVE,True,True
107876,4044,ALTERNATIVE,False,False
107876,4823,ALTERNATIVE,True,True
107876,119258,SEQUEL,True,True
107881,102978,PARENT,True,True
107905,2229,PARENT,False,False
107908,2892,CHARACTER,False,False
107908,98096,CHARACTER,True,False
107908,1445,CHARACTER,False,False
107908,3008,CHARACTER,False,False
107908,11873,CHARACTER,False,False
107908,5287,CHARACTER,False,False
107908,4810,CHARACTER,False,False
107908,6374,CHARACTER,False,False
107961,121043,SPIN_OFF,True,True
107993,966,PARENT,False,False
108039,10937,ALTERNATIVE,True,True
108039,80,SEQUEL,False,False
108039,1090,SEQUEL,False,False
108040,101024,PREQUEL,True,True
108041,80,PARENT,False,False
108041,126664,SEQUEL,True,True
108062,100382,PARENT,True,True
108064,21166,ALTERNATIVE,True,True
108113,156017,SEQUEL,True,True
108263,98058,ALTERNATIVE,True,True
108263,114243,OTHER,True,False
108268,113693,SEQUEL,True,True
108268,113811,SIDE_STORY,True,True
108307,113917,SEQUEL,True,True
108307,153687,PREQUEL,True,True
108354,130550,SEQUEL,True,True
108355,104308,PARENT,True,True
108358,21264,ALTERNATIVE,True,True
108358,109280,OTHER,True,False
108430,111734,SEQUEL,True,True
108478,112803,SEQUEL,True,True
108478,124014,OTHER,False,False
108478,124027,OTHER,False,False
108548,101506,PARENT,True,True
108553,104276,PARENT,True,True
108553,126661,SIDE_STORY,True,True
108554,113864,SIDE_STORY,True,True
108581,104307,PREQUEL,True,True
108625,101097,PREQUEL,True,True
108625,113990,SEQUEL,True,True
108626,124430,CHARACTER,False,False
108626,7193,ALTERNATIVE,True,True
108726,350,OTHER,False,False
108728,107198,PREQUEL,True,True
108735,101633,PARENT,True,True
108735,116610,SEQUEL,True,True
108742,18693,OTHER,True,False
108742,115671,SEQUEL,True,True
108758,16157,PARENT,True,True
108758,139806,SEQUEL,True,True
108759,100182,PREQUEL,True,True
108759,114308,SEQUEL,True,True
108767,101555,PREQUEL,True,True
108767,130445,SEQUEL,True,True
108767,19157,PREQUEL,True,True
108810,105962,PARENT,True,True
108810,103311,PREQUEL,True,True
108811,101498,PREQUEL,True,True
108811,202386,SEQUEL,True,True
108852,2156,ALTERNATIVE,True,True
108852,109955,SPIN_OFF,True,True
108852,116415,SEQUEL,True,True
108852,177166,ALTERNATIVE,True,True
108853,101115,PREQUEL,True,True
108853,116786,SEQUEL,True,True
108853,288,OTHER,True,False
108891,103302,PREQUEL,True,True
108928,99539,PREQUEL,True,True
108928,116752,SEQUEL,True,True
108928,154174,OTHER,True,False
108945,97668,PARENT,True,True
109089,112166,SEQUEL,True,True
109089,113979,ADAPTATION,False,False
109153,98658,PARENT,True,True
109190,103047,SEQUEL,True,True
109190,21827,PREQUEL,True,True
109260,101594,PREQUEL,True,True
109260,115656,SIDE_STORY,True,True
109280,117325,SEQUEL,True,True
109280,21264,PARENT,True,True
109280,108358,PARENT,True,True
109300,136270,OTHER,True,False
109418,106169,PARENT,True,True
109492,103900,PARENT,True,True
109492,110229,PARENT,True,True
109562,107418,PREQUEL,True,True
109603,101743,PREQUEL,True,True
109603,126678,SEQUEL,True,True
109616,4151,ALTERNATIVE,True,True
109621,128947,SEQUEL,True,True
109639,115794,SEQUEL,True,True
109639,185122,ALTERNATIVE,True,True
109737,105857,PARENT,True,True
109819,101338,PARENT,True,True
109931,966,PARENT,False,False
109931,111312,SEQUEL,True,True
109931,103690,PREQUEL,True,True
109955,108852,PARENT,True,True
109963,100773,PREQUEL,True,True
109963,114043,SEQUEL,True,True
110088,101844,PREQUEL,True,True
110088,120046,SEQUEL,True,True
110131,30,CHARACTER,False,False
110131,100620,PREQUEL,True,True
110173,102939,PARENT,True,True
110201,131741,OTHER,True,False
110229,103900,PREQUEL,True,True
110229,109492,SIDE_STORY,True,True
110261,99425,SEQUEL,True,True
110261,111789,ALTERNATIVE,True,True
110287,119696,SEQUEL,True,True
110291,121956,OTHER,False,False
110291,129628,OTHER,False,False
110291,150623,OTHER,False,False
110291,170658,PARENT,False,False
110318,97940,PARENT,True,True
110318,106223,PARENT,True,True
110336,186829,CHARACTER,True,False
110347,116946,OTHER,True,False
110359,101281,PARENT,True,True
110382,102090,PARENT,True,True
110413,1425,PARENT,False,False
110419,80,CHARACTER,False,False
110419,4024,CHARACTER,True,False
110686,105096,PREQUEL,True,True
110734,552,PARENT,False,False
110738,106967,PREQUEL,True,True
110786,101036,PREQUEL,True,True
110786,114233,SEQUEL,True,True
110788,101228,PREQUEL,True,True
110788,147764,PARENT,True,True
110788,147764,SEQUEL,True,True
110789,113187,SIDE_STORY,True,True
110810,114926,SEQUEL,True,True
110811,114196,SEQUEL,True,True
110851,103275,SEQUEL,True,True
110851,127149,CHARACTER,True,False
110867,98472,ALTERNATIVE,True,True
110881,21704,SEQUEL,True,True
111015,21097,ALTERNATIVE,True,True
111048,100891,PREQUEL,True,True
111048,146638,SEQUEL,True,True
111082,15061,ALTERNATIVE,True,True
111082,21648,ALTERNATIVE,True,True
111082,101043,ALTERNATIVE,True,True
111082,20794,ALTERNATIVE,True,True
111082,107447,PREQUEL,True,True
111082,116979,SEQUEL,True,True
111082,128872,ALTERNATIVE,True,True
111121,9346,PREQUEL,True,True
111121,114943,SEQUEL,True,True
111126,116222,SEQUEL,True,True
111144,101594,SEQUEL,True,True
111144,207082,CHARACTER,False,False
111306,104071,PREQUEL,True,True
111319,107535,OTHER,True,False
111320,138411,ALTERNATIVE,True,True
111729,100668,PARENT,True,True
111730,105310,PARENT,True,True
111730,111955,OTHER,False,False
111733,106240,PARENT,True,True
111789,99425,SEQUEL,True,True
111789,110261,ALTERNATIVE,True,True
111905,125931,SEQUEL,True,True
111931,100852,PARENT,True,True
111952,918,CHARACTER,True,False
111952,21288,CHARACTER,True,False
111964,114721,SEQUEL,True,True
112008,112004,PREQUEL,True,True
112008,116320,SEQUEL,True,True
112010,99937,PREQUEL,True,True
112031,104463,PARENT,True,True
112034,112033,SEQUEL,True,True
112036,21237,CHARACTER,True,False
112036,102604,CHARACTER,True,False
112135,15227,ALTERNATIVE,True,True
112153,97634,PREQUEL,True,True
112153,113932,ALTERNATIVE,True,True
112153,119964,OTHER,True,False
112153,126909,OTHER,False,False
112153,142794,SIDE_STORY,True,True
112153,144990,OTHER,False,False
112153,155767,OTHER,False,False
112153,145813,OTHER,True,False
112153,158870,SEQUEL,True,True
112153,114564,OTHER,True,False
112153,158869,OTHER,True,False
112153,169404,OTHER,True,False
112233,104041,ALTERNATIVE,True,True
112308,98056,PREQUEL,True,True
112308,117758,SEQUEL,True,True
112455,20672,PREQUEL,True,True
112472,97995,PREQUEL,True,True
112625,98034,PREQUEL,True,True
112625,104580,PREQUEL,True,True
112658,1412,PARENT,False,False
112685,21581,PREQUEL,True,True
112732,104378,PREQUEL,True,True
112732,121681,SEQUEL,True,True
113138,80,PARENT,False,False
113221,20693,PARENT,True,True
113242,101425,PREQUEL,True,True
113242,118630,SEQUEL,True,True
113273,19157,PARENT,True,True
113273,113472,SEQUEL,True,True
113302,107490,PARENT,True,True
113302,145994,SEQUEL,True,True
113348,21673,PARENT,True,True
113828,107201,PARENT,True,True
113828,152005,SEQUEL,True,True
113924,104325,PARENT,True,True
114317,98143,SEQUEL,True,True
114317,99557,CHARACTER,True,False
114474,104213,PARENT,True,True
114750,104213,SEQUEL,True,True
115142,115654,SEQUEL,True,True
115238,99624,PARENT,True,True
115908,102004,PREQUEL,True,True
115908,143485,SEQUEL,True,True
116222,111126,PREQUEL,True,True
116225,100790,PARENT,True,True
116801,18941,PARENT,True,True
117396,106433,PARENT,True,True
117408,97880,PARENT,True,True
118123,119781,CHARACTER,False,False
118123,123885,CHARACTER,True,False
118123,126663,CHARACTER,False,False
118123,126676,CHARACTER,False,False
118123,128419,CHARACTER,False,False
118123,128539,CHARACTER,False,False
118123,128540,CHARACTER,False,False
118123,128713,CHARACTER,False,False
118123,128711,CHARACTER,False,False
118123,127716,CHARACTER,False,False
118123,129963,CHARACTER,True,False
118123,129971,CHARACTER,False,False
118123,130318,CHARACTER,False,False
118123,131142,CHARACTER,False,False
118123,132692,CHARACTER,False,False
118123,137800,CHARACTER,False,False
118123,137939,CHARACTER,False,False
118123,137978,CHARACTER,False,False
118123,138120,CHARACTER,False,False
118123,138446,CHARACTER,False,False
118123,139342,CHARACTER,True,False
118123,142262,CHARACTER,False,False
118123,143133,CHARACTER,False,False
118123,143405,CHARACTER,False,False
118123,144251,CHARACTER,False,False
118123,144451,OTHER,True,False
118123,145388,CHARACTER,False,False
118123,145478,SPIN_OFF,True,True
118123,134462,CHARACTER,False,False
118123,138723,CHARACTER,False,False
118123,142261,CHARACTER,False,False
118123,146004,CHARACTER,True,False
118123,146655,CHARACTER,False,False
118123,146934,CHARACTER,False,False
118123,147495,CHARACTER,False,False
118123,148104,CHARACTER,False,False
118123,152962,CHARACTER,False,False
118123,153348,CHARACTER,True,False
118123,153775,CHARACTER,False,False
118123,154688,SIDE_STORY,False,False
118123,155391,CHARACTER,False,False
118123,158230,CHARACTER,False,False
118123,159406,CHARACTER,False,False
118123,162881,CHARACTER,False,False
118123,162882,CHARACTER,False,False
118123,162982,CHARACTER,False,False
118123,163753,CHARACTER,False,False
118123,164192,CHARACTER,False,False
118123,166125,CHARACTER,False,False
118123,166214,CHARACTER,False,False
118123,166614,CHARACTER,False,False
118123,167147,CHARACTER,False,False
118123,167743,CHARACTER,False,False
118123,168511,CHARACTER,False,False
118123,169519,CHARACTER,False,False
118123,169793,CHARACTER,False,False
118123,170059,CHARACTER,False,False
118123,170497,SPIN_OFF,True,True
118123,170512,CHARACTER,False,False
118123,170752,CHARACTER,False,False
118123,170914,CHARACTER,False,False
118123,170917,CHARACTER,False,False
118123,170984,CHARACTER,False,False
118123,170985,CHARACTER,False,False
118123,170992,CHARACTER,False,False
118123,171050,CHARACTER,False,False
118123,174934,CHARACTER,False,False
118123,174936,CHARACTER,False,False
118123,175068,CHARACTER,False,False
118123,175132,CHARACTER,False,False
118123,176226,CHARACTER,False,False
118123,176430,CHARACTER,False,False
118123,176431,CHARACTER,False,False
118123,176632,CHARACTER,False,False
118123,176633,CHARACTER,False,False
118123,177006,CHARACTER,False,False
118123,177384,CHARACTER,False,False
118123,177497,CHARACTER,False,False
118123,177499,CHARACTER,False,False
118123,177583,CHARACTER,False,False
118123,177754,CHARACTER,False,False
118123,178102,CHARACTER,False,False
118123,179720,CHARACTER,False,False
118123,179880,CHARACTER,False,False
118123,179953,CHARACTER,False,False
118123,180585,CHARACTER,False,False
118123,180797,CHARACTER,False,False
118123,180810,CHARACTER,False,False
118123,180817,CHARACTER,False,False
118123,180870,CHARACTER,False,False
118123,180936,CHARACTER,False,False
118123,181277,CHARACTER,False,False
118123,182734,CHARACTER,False,False
118123,183386,CHARACTER,False,False
118123,183520,CHARACTER,False,False
118123,184640,CHARACTER,False,False
118123,184641,CHARACTER,False,False
118123,184644,CHARACTER,False,False
118123,184651,CHARACTER,False,False
118123,184896,CHARACTER,False,False
118123,185371,CHARACTER,False,False
118123,185457,CHARACTER,False,False
118123,185576,CHARACTER,False,False
118123,188687,CHARACTER,False,False
118123,191405,OTHER,False,False
118123,191734,CHARACTER,False,False
118123,192976,CHARACTER,False,False
118123,194218,CHARACTER,False,False
118123,196694,CHARACTER,False,False
118123,198730,CHARACTER,False,False
118123,199593,CHARACTER,False,False
118123,199636,CHARACTER,False,False
118123,200560,CHARACTER,False,False
118123,204541,CHARACTER,False,False
118123,204542,CHARACTER,False,False
118123,205307,CHARACTER,False,False
118123,205752,CHARACTER,False,False
118123,205794,OTHER,False,False
118123,206032,CHARACTER,False,False
118123,206059,CHARACTER,False,False
118123,207474,CHARACTER,False,False
118123,208074,CHARACTER,False,False
118123,201808,CHARACTER,False,False
118123,208370,CHARACTER,False,False
118123,208551,CHARACTER,False,False
118123,209662,CHARACTER,False,False
118123,210072,CHARACTER,False,False
118123,212518,CHARACTER,False,False
118123,212992,CHARACTER,False,False
119403,112258,SEQUEL,True,True
119403,119402,PREQUEL,True,True
120257,104578,PARENT,True,True
120257,108942,PREQUEL,True,True
120257,139754,SEQUEL,True,True
121043,107961,PARENT,True,True
21719,21718,PREQUEL,True,True
98776,190668,SEQUEL,True,True
98875,128950,CHARACTER,False,False
99807,101775,OTHER,True,False
99807,101776,CHARACTER,False,False
99807,104611,CHARACTER,False,False
99807,101777,CHARACTER,False,False
99807,110787,CHARACTER,False,False
99807,114249,SEQUEL,True,True
99807,121888,CHARACTER,False,False
99807,152804,CHARACTER,False,False
99807,168633,CHARACTER,False,False
99807,185481,CHARACTER,False,False
100643,97986,PREQUEL,True,True
100643,101344,PREQUEL,True,True
100643,114744,SIDE_STORY,True,True
100643,114745,SEQUEL,True,True
101367,1017,ALTERNATIVE,False,False
101367,115651,SEQUEL,True,True
101499,97667,PREQUEL,True,True
101574,20812,PREQUEL,True,True
101574,207886,OTHER,False,False
101634,101633,PREQUEL,True,True
101634,117763,OTHER,True,False
101634,117764,OTHER,True,False
101634,116610,SIDE_STORY,True,True
101634,117765,SEQUEL,True,True
101634,146140,OTHER,True,False
101634,146501,SIDE_STORY,True,True
103047,109190,PREQUEL,True,True
103110,87495,PREQUEL,True,True
103110,103417,CHARACTER,False,False
103110,114987,CHARACTER,False,False
103110,125274,CHARACTER,False,False
103110,127721,SEQUEL,True,True
103110,138687,CHARACTER,True,False
103119,9751,PREQUEL,True,True
103276,103277,SEQUEL,True,True
103276,97815,PREQUEL,True,True
103276,127149,CHARACTER,True,False
121690,121689,PARENT,True,True
121720,121718,PREQUEL,True,True
121833,1960,PARENT,False,False
122208,105962,PARENT,True,True
124138,104252,PARENT,True,True
124337,98436,CHARACTER,True,False
124756,102977,PARENT,True,True
126876,16381,ALTERNATIVE,True,True
126886,103923,PREQUEL,True,True
128738,126843,PREQUEL,True,True
128738,130439,SEQUEL,True,True
128739,126843,PREQUEL,True,True
129159,87478,PARENT,True,True
129159,20702,PARENT,False,False
131458,109930,PREQUEL,True,True
131458,131459,SEQUEL,True,True
131741,110201,PARENT,True,True
132694,100790,PREQUEL,True,True
132694,132695,SEQUEL,True,True
132695,132694,PREQUEL,True,True
132695,132696,SEQUEL,True,True
138103,107226,PARENT,True,True
138675,100977,PARENT,True,True
138953,138956,SEQUEL,True,True
142480,111859,PREQUEL,True,True
142480,183474,SEQUEL,True,True
154174,108928,PARENT,True,True
154174,154197,SEQUEL,True,True
154175,108266,PARENT,True,True
154175,154196,SEQUEL,True,True
166051,202428,CHARACTER,False,False
166051,202425,OTHER,False,False
166051,202426,OTHER,False,False
166051,7803,OTHER,True,False
166051,206852,OTHER,False,False
166051,206850,OTHER,False,False
166051,206851,OTHER,False,False
166051,206860,OTHER,False,False
166051,206862,OTHER,False,False
166051,206864,OTHER,False,False
166051,206866,OTHER,False,False
166051,206861,OTHER,False,False
166051,206865,OTHER,False,False
166051,206863,OTHER,True,False
166051,206867,OTHER,True,False
169685,168992,ALTERNATIVE,True,True
177229,177228,PREQUEL,True,True
177229,177230,SEQUEL,True,True
179875,1960,PARENT,False,False
187054,187053,PREQUEL,True,True
187054,187055,SEQUEL,True,True
189724,189723,PREQUEL,True,True
199495,3975,PARENT,True,True
203021,103923,PARENT,True,True
204629,104006,PARENT,True,True
104051,9756,ALTERNATIVE,True,True
104051,117002,SEQUEL,True,True
104198,21813,PREQUEL,True,True
104198,187217,SEQUEL,False,False
104461,98444,PARENT,True,True
104461,114981,OTHER,True,False
104461,101206,PREQUEL,True,True
104462,16049,PREQUEL,True,True
104462,122041,SPIN_OFF,True,True
104462,186743,SEQUEL,False,False
104647,116922,OTHER,True,False
104647,119960,OTHER,True,False
104647,120209,SEQUEL,True,True
104749,13655,PARENT,True,True
105228,114622,SIDE_STORY,True,True
105228,173172,SEQUEL,True,True
105244,20950,PREQUEL,True,True
105244,126656,OTHER,True,False
105244,125910,CHARACTER,True,False
105244,97904,CHARACTER,True,False
106154,1566,PREQUEL,True,True
106154,117756,SEQUEL,True,True
106154,138899,ALTERNATIVE,True,True
106154,163259,OTHER,False,False
106479,116867,SEQUEL,True,True
106625,111790,PREQUEL,True,True
106625,113538,SEQUEL,True,True
106863,99939,ALTERNATIVE,True,True
107067,125124,SEQUEL,True,True
107201,113828,SIDE_STORY,True,True
107201,122238,OTHER,True,False
107201,126529,SEQUEL,True,True
107201,143391,CHARACTER,True,False
107294,104278,PREQUEL,True,True
107294,124641,SEQUEL,True,True
107294,118125,SIDE_STORY,True,True
107420,174504,OTHER,False,False
107651,111145,SEQUEL,True,True
107871,122808,SEQUEL,True,True
107871,145433,CHARACTER,False,False
107880,106750,ALTERNATIVE,True,True
108092,114424,OTHER,True,False
108260,115107,PREQUEL,True,True
108260,137310,SEQUEL,True,True
108266,97625,PREQUEL,True,True
108266,154175,OTHER,True,False
108266,154196,OTHER,True,False
108267,97625,PARENT,True,True
108450,143391,CHARACTER,True,False
108463,159074,SPIN_OFF,True,True
108463,170892,SEQUEL,True,True
108489,20698,PREQUEL,True,True
108489,128643,SEQUEL,True,True
108522,97888,PREQUEL,True,True
108522,124195,SEQUEL,True,True
108623,101165,PREQUEL,True,True
108623,129188,SEQUEL,True,True
108630,350,CHARACTER,False,False
108630,150201,OTHER,False,False
108632,21355,PREQUEL,True,True
108632,119661,SEQUEL,True,True
108632,120700,SPIN_OFF,True,True
108714,21823,PREQUEL,True,True
108941,98514,PARENT,True,True
108941,154386,SIDE_STORY,True,True
109020,117496,SIDE_STORY,True,True
109171,114765,SPIN_OFF,True,True
109171,115566,SEQUEL,False,False
109171,115567,SIDE_STORY,True,True
109287,127465,CHARACTER,True,False
109298,116923,OTHER,True,False
109964,87478,ALTERNATIVE,True,True
109964,151765,ALTERNATIVE,False,False
110028,101340,PREQUEL,True,True
110090,102064,PREQUEL,True,True
110090,124394,SEQUEL,True,True
110178,104454,PREQUEL,True,True
110178,20832,CHARACTER,True,False
110178,21355,CHARACTER,True,False
110178,21202,CHARACTER,True,False
110178,21613,CHARACTER,True,False
110178,99263,CHARACTER,True,False
110178,105156,CHARACTER,True,False
110178,117074,SEQUEL,True,True
110349,170935,SEQUEL,True,True
110350,123490,OTHER,False,False
110350,131923,OTHER,True,False
110355,102977,PREQUEL,True,True
110355,106506,SPIN_OFF,True,True
110355,142343,SEQUEL,True,True
110445,104723,PARENT,True,True
110615,116246,OTHER,True,False
110615,117034,SEQUEL,True,True
110857,105200,PREQUEL,True,True
110857,124963,CHARACTER,False,False
110857,124960,SPIN_OFF,True,True
110857,127619,SEQUEL,True,True
111137,130402,ALTERNATIVE,True,True
111145,107651,PREQUEL,True,True
111305,11123,PREQUEL,True,True
111310,130777,SEQUEL,True,True
111312,966,PARENT,False,False
111312,127331,SEQUEL,True,True
111312,109931,PREQUEL,True,True
111428,128392,CHARACTER,True,False
111500,2168,PREQUEL,True,True
111501,116328,OTHER,True,False
111501,143391,OTHER,True,False
111734,108430,PREQUEL,True,True
111734,134710,SIDE_STORY,True,True
111734,162987,SEQUEL,True,True
111762,105334,PREQUEL,True,True
111762,124194,SEQUEL,True,True
111790,21698,PREQUEL,True,True
111790,106625,SEQUEL,True,True
111852,15583,PARENT,True,True
111852,121034,SEQUEL,True,True
111852,100722,PARENT,True,True
111944,140874,OTHER,False,False
111965,141400,SEQUEL,True,True
112033,112034,PREQUEL,True,True
112124,101167,PREQUEL,True,True
112124,127368,SIDE_STORY,True,True
112124,129196,SEQUEL,True,True
112125,101167,PARENT,True,True
112151,101922,PREQUEL,True,True
112151,129874,ALTERNATIVE,True,True
112151,142329,SEQUEL,True,True
112166,109089,PREQUEL,True,True
112177,102926,PARENT,True,True
112258,119403,PREQUEL,True,True
112258,172966,SEQUEL,True,True
112293,119812,SIDE_STORY,False,False
112293,145433,CHARACTER,False,False
112296,102436,PREQUEL,True,True
112296,136226,SEQUEL,True,True
112300,21684,SIDE_STORY,True,True
112300,20458,PREQUEL,True,True
112300,143271,SEQUEL,True,True
112301,130588,SEQUEL,True,True
112302,100306,PREQUEL,True,True
112324,102436,PARENT,True,True
112325,145433,CHARACTER,False,False
112325,140085,SEQUEL,True,True
112357,130249,OTHER,False,False
112374,130692,OTHER,True,False
112374,136049,CHARACTER,True,False
112444,207886,OTHER,False,False
112479,128703,CHARACTER,True,False
112480,103870,PREQUEL,True,True
112534,3432,PREQUEL,False,False
112609,129839,OTHER,False,False
112609,205444,SEQUEL,False,False
112612,100661,CHARACTER,True,False
112612,112748,CHARACTER,True,False
112612,105857,CHARACTER,True,False
112641,101921,PREQUEL,True,True
112641,125367,SEQUEL,True,True
112641,125368,SIDE_STORY,True,True
112667,139825,SEQUEL,True,True
112686,105807,PREQUEL,True,True
112748,603,ALTERNATIVE,True,True
112748,98059,ALTERNATIVE,True,True
112748,12191,ALTERNATIVE,True,True
112748,20577,ALTERNATIVE,True,True
112748,21506,ALTERNATIVE,True,True
112748,7645,ALTERNATIVE,True,True
112748,1534,ALTERNATIVE,True,True
112748,1932,ALTERNATIVE,True,True
112748,9893,ALTERNATIVE,True,True
112748,100661,ALTERNATIVE,True,True
112748,21001,ALTERNATIVE,True,True
112748,16419,ALTERNATIVE,True,True
112748,5684,ALTERNATIVE,True,True
112748,105857,ALTERNATIVE,True,True
112748,112612,CHARACTER,True,False
112748,121026,SIDE_STORY,True,True
112748,126905,ALTERNATIVE,True,True
112748,142080,ALTERNATIVE,True,True
112748,154678,CHARACTER,True,False
112748,157883,ALTERNATIVE,True,True
112748,159429,CHARACTER,True,False
112748,135864,CHARACTER,True,False
112748,171030,ALTERNATIVE,True,True
112748,185073,ALTERNATIVE,True,True
112748,202957,ALTERNATIVE,True,True
112803,108478,PREQUEL,True,True
112803,124014,OTHER,False,False
112803,124027,OTHER,False,False
112818,123769,SIDE_STORY,True,True
112908,105238,OTHER,True,False
112908,133483,CHARACTER,True,False
113023,98658,PARENT,True,True
113023,113024,SEQUEL,True,True
113051,87435,ALTERNATIVE,True,True
113051,128344,SIDE_STORY,True,True
113051,131970,CHARACTER,False,False
113051,116060,CHARACTER,False,False
113051,116044,CHARACTER,False,False
113051,142019,CHARACTER,False,False
113051,154974,SUMMARY,True,True
113108,17389,PREQUEL,True,True
113108,140350,SEQUEL,True,True
113187,110789,PARENT,True,True
113311,115925,OTHER,False,False
113311,132615,OTHER,False,False
113311,127227,SUMMARY,True,True
113415,131573,PREQUEL,True,True
113415,145064,SEQUEL,True,True
113415,147463,OTHER,False,False
113463,102928,PARENT,True,True
113469,123885,SIDE_STORY,True,True
113469,98658,CHARACTER,True,False
113469,87435,CHARACTER,True,False
113469,293,CHARACTER,False,False
113470,113476,SEQUEL,True,True
113470,21476,PREQUEL,True,True
113470,158287,CHARACTER,True,False
113472,113273,PREQUEL,True,True
113538,106625,PREQUEL,True,True
113538,153658,SEQUEL,True,True
113596,126898,OTHER,False,False
113652,138414,CHARACTER,False,False
113652,163140,SEQUEL,True,True
113652,185797,CHARACTER,False,False
113652,187305,SIDE_STORY,True,True
113669,8687,PARENT,True,True
113693,108268,PREQUEL,True,True
113693,113811,SIDE_STORY,True,True
113693,121176,SEQUEL,True,True
113811,108268,PARENT,True,True
113811,113693,PARENT,True,True
113813,123901,OTHER,True,False
113813,124410,SEQUEL,True,True
113813,123464,OTHER,True,False
113813,143391,CHARACTER,True,False
113813,162800,OTHER,True,False
113864,108554,PARENT,True,True
113906,101632,PREQUEL,True,True
113906,135171,SEQUEL,True,True
113917,108307,PREQUEL,True,True
113932,112153,ALTERNATIVE,True,True
113932,125308,SEQUEL,True,True
113970,122979,CHARACTER,False,False
113970,123155,CHARACTER,False,False
113970,15051,ALTERNATIVE,True,True
113970,21584,ALTERNATIVE,True,True
113970,133891,SEQUEL,True,True
113970,114979,ALTERNATIVE,True,True
113970,154785,SPIN_OFF,True,True
113970,193705,CHARACTER,False,False
113970,194167,ALTERNATIVE,True,True
113990,108625,PREQUEL,True,True
114030,98747,PARENT,True,True
114043,109963,PREQUEL,True,True
114052,107208,PARENT,True,True
114072,98231,OTHER,True,False
114072,481,OTHER,True,False
114072,20552,OTHER,True,False
114072,482,OTHER,True,False
114072,3972,OTHER,True,False
114072,10015,OTHER,True,False
114072,15489,OTHER,True,False
114072,142842,OTHER,True,False
114099,2229,ALTERNATIVE,False,False
114099,7435,ALTERNATIVE,False,False
114124,124858,SEQUEL,True,True
114195,104464,PREQUEL,True,True
114196,110811,PREQUEL,True,True
114233,110786,PREQUEL,True,True
114233,126662,SEQUEL,True,True
114236,105310,PREQUEL,True,True
114236,149118,SEQUEL,True,True
114236,128390,OTHER,True,False
114243,98058,OTHER,True,False
114243,108263,OTHER,True,False
114249,99807,PREQUEL,True,True
114249,121888,CHARACTER,False,False
114263,127163,SEQUEL,True,True
114308,108759,PREQUEL,True,True
114334,105596,PREQUEL,True,True
114334,114760,SIDE_STORY,True,True
114334,132324,SEQUEL,True,True
114340,127550,SEQUEL,True,True
114340,124896,SIDE_STORY,True,True
114402,2892,ALTERNATIVE,False,False
114417,111433,PREQUEL,False,False
114424,108092,PARENT,True,True
114442,165749,PREQUEL,True,True
114446,3652,PREQUEL,True,True
114446,131149,SEQUEL,True,True
114448,102427,PREQUEL,True,True
114448,1254,ALTERNATIVE,False,False
114448,151659,SEQUEL,True,True
114564,112153,PARENT,True,True
114622,105228,PARENT,True,True
114717,98077,ALTERNATIVE,True,True
114721,111964,PREQUEL,True,True
114744,100643,PARENT,True,True
114760,112449,PREQUEL,False,False
114760,114334,PARENT,True,True
114765,109171,PARENT,True,True
114811,552,ALTERNATIVE,False,False
114841,80,ALTERNATIVE,False,False
114926,110810,PREQUEL,True,True
114943,111121,PREQUEL,True,True
114943,132893,SEQUEL,True,True
114945,114946,OTHER,False,False
114945,114948,OTHER,True,False
114948,114945,OTHER,True,False
114948,114946,OTHER,False,False
114981,98444,PARENT,True,True
114981,104461,PARENT,True,True
115069,128563,SPIN_OFF,True,True
115069,143917,CHARACTER,False,False
115069,144822,CHARACTER,False,False
115069,144827,CHARACTER,False,False
115069,15313,CHARACTER,True,False
115069,146321,SEQUEL,True,True
115069,159483,CHARACTER,True,False
115082,104253,PARENT,True,True
115107,108260,SEQUEL,True,True
115107,100181,PREQUEL,True,True
115113,124395,SEQUEL,True,True
115217,20464,PARENT,True,True
115230,153406,SEQUEL,True,True
115519,97765,PARENT,True,True
115651,101367,PREQUEL,True,True
115651,117085,SEQUEL,True,True
115654,115142,PREQUEL,True,True
115656,109260,PARENT,True,True
115671,108742,PREQUEL,True,True
115740,127213,CHARACTER,True,False
115740,135102,SEQUEL,True,True
115740,124668,SIDE_STORY,True,True
115740,127225,CHARACTER,True,False
115794,109639,PREQUEL,True,True
116005,21629,PREQUEL,True,True
116147,100133,PREQUEL,True,True
116224,100790,PARENT,True,True
116242,127366,SEQUEL,True,True
116246,110615,PARENT,True,True
116248,142216,SEQUEL,True,True
116259,158570,SEQUEL,True,True
116267,2026,CHARACTER,True,False
116267,127371,SEQUEL,True,True
116320,112008,PREQUEL,True,True
116328,111501,PARENT,True,True
116415,108852,PREQUEL,True,True
116415,131096,SEQUEL,True,True
116673,269,OTHER,True,False
116673,169362,PREQUEL,True,True
116786,108853,PREQUEL,True,True
116786,130253,SEQUEL,True,True
116786,288,OTHER,True,False
116789,100849,PARENT,True,True
116791,116790,PREQUEL,False,False
116793,126835,SEQUEL,True,True
116793,173824,PREQUEL,True,True
116922,104647,PARENT,True,True
116922,148002,SEQUEL,True,True
116923,109298,PARENT,True,True
116946,110347,OTHER,True,False
116962,104188,PREQUEL,True,True
116968,107346,PARENT,True,True
116979,111082,PREQUEL,True,True
116979,20181,ALTERNATIVE,True,True
117034,110615,PREQUEL,True,True
117086,21361,PARENT,True,True
117086,21322,CHARACTER,True,False
117096,185541,SEQUEL,True,True
117280,149039,SEQUEL,True,True
117325,109280,PREQUEL,True,True
117343,123803,SPIN_OFF,True,True
117496,109020,PARENT,True,True
117532,103638,PARENT,True,True
117758,112308,PREQUEL,True,True
117758,130033,SEQUEL,False,False
117761,176489,SEQUEL,True,True
118036,9535,ALTERNATIVE,False,False
118077,98469,SEQUEL,True,True
118125,107294,PARENT,True,True
118168,104187,PREQUEL,True,True
118399,6811,PREQUEL,True,True
118399,131264,SEQUEL,True,True
118419,20997,CHARACTER,True,False
118419,207886,OTHER,False,False
118630,113242,PREQUEL,True,True
118630,130584,SEQUEL,True,True
118656,213066,SEQUEL,True,True
119113,16498,PARENT,True,True
119113,20958,PARENT,True,True
119113,99147,PARENT,True,True
119113,104578,PARENT,True,True
119258,107876,PREQUEL,True,True
119350,16059,PREQUEL,True,True
119491,137799,SEQUEL,True,True
119696,110287,PREQUEL,True,True
119696,130188,SIDE_STORY,False,False
119960,104647,PARENT,True,True
119964,112153,PARENT,True,True
119964,182386,SEQUEL,False,False
120046,110088,PREQUEL,True,True
120046,137734,SEQUEL,True,True
120180,19383,PARENT,True,True
120211,102928,PARENT,True,True
120325,156063,PREQUEL,False,False
120700,21891,PREQUEL,True,True
120700,108632,PARENT,True,True
120700,128306,SEQUEL,True,True
120851,98565,PREQUEL,True,True
120851,137097,SIDE_STORY,True,True
120851,137106,SIDE_STORY,True,True
120851,145555,SIDE_STORY,True,True
120851,145553,SIDE_STORY,True,True
120851,135177,SIDE_STORY,True,True
120851,177880,SEQUEL,True,True
120851,135178,SIDE_STORY,True,True
120892,99470,PREQUEL,True,True
120892,145740,SEQUEL,True,True
121034,111852,PREQUEL,True,True
121034,15583,PARENT,True,True
121567,104104,PREQUEL,True,True
122041,104462,PARENT,True,True
122041,19697,PREQUEL,True,True
122137,124612,SEQUEL,True,True
122238,107201,PARENT,True,True
122248,128019,SEQUEL,True,True
122248,162312,PARENT,True,True
122349,104276,PARENT,True,True
122536,150103,PARENT,True,True
122575,20515,PREQUEL,True,True
122575,8687,PARENT,True,True
122575,2649,ALTERNATIVE,True,True
122807,130283,OTHER,False,False
123382,123778,SEQUEL,True,True
123383,174184,OTHER,True,False
123434,130473,CHARACTER,True,False
123434,138459,CHARACTER,True,False
123434,174749,CHARACTER,True,False
123464,123901,PARENT,True,True
123464,113813,PARENT,True,True
123464,169526,SEQUEL,True,True
123612,561,PARENT,True,True
123769,112818,PARENT,True,True
123778,123382,PREQUEL,True,True
123778,142274,CHARACTER,True,False
123803,117343,PARENT,True,True
123803,157172,SEQUEL,True,True
123885,113469,PARENT,True,True
123885,118123,CHARACTER,True,False
123901,123464,SIDE_STORY,True,True
123901,113813,PARENT,True,True
123901,154385,SEQUEL,True,True
123903,145799,SEQUEL,True,True
123903,145800,SIDE_STORY,True,True
124600,97854,PARENT,True,True
124668,127225,OTHER,True,False
124668,158983,SEQUEL,True,True
124668,115740,PARENT,True,True
124703,167927,ALTERNATIVE,True,True
124896,114340,PARENT,True,True
124896,127863,SIDE_STORY,True,True
124896,164538,SEQUEL,True,True
124960,110857,PARENT,True,True
124960,156907,SIDE_STORY,True,True
125153,117286,PREQUEL,True,True
125153,203472,SEQUEL,True,True
125208,176863,OTHER,True,False
125308,113932,PREQUEL,True,True
125491,100282,SEQUEL,True,True
125647,157294,OTHER,True,False
126643,98467,PREQUEL,True,True
126650,145968,SEQUEL,True,True
126656,105244,PARENT,True,True
126661,108553,PARENT,True,True
126662,114233,PREQUEL,True,True
126874,115183,PARENT,True,True
127041,130249,CHARACTER,False,False
127041,133146,SEQUEL,True,True
127213,115740,CHARACTER,True,False
127225,124668,OTHER,True,False
127225,115740,CHARACTER,True,False
127225,101280,CHARACTER,True,False
127465,109287,CHARACTER,True,False
128392,111428,CHARACTER,True,False
128397,113231,PARENT,True,True
128398,113231,PARENT,True,True
128418,20693,CHARACTER,True,False
128418,123994,OTHER,False,False
128418,138716,OTHER,False,False
130473,123434,CHARACTER,True,False
130473,174749,CHARACTER,True,False
130939,108631,CHARACTER,True,False
131367,132444,SEQUEL,True,True
131367,174913,PARENT,False,False
131459,131458,PREQUEL,True,True
131459,131927,SEQUEL,True,True
131923,110350,PARENT,True,True
132696,132695,PREQUEL,True,True
132696,132697,SEQUEL,True,True
137613,184997,ALTERNATIVE,True,True
138687,103110,CHARACTER,True,False
138956,138953,PREQUEL,True,True
143391,111501,PARENT,True,True
143391,107201,CHARACTER,True,False
143391,105310,CHARACTER,True,False
143391,113813,CHARACTER,True,False
143391,108450,CHARACTER,True,False
143391,10800,CHARACTER,True,False
143391,101280,CHARACTER,True,False
143391,103572,CHARACTER,True,False
143391,16498,CHARACTER,True,False
145560,100668,SEQUEL,True,True
147764,110788,PREQUEL,True,True
149039,117280,PREQUEL,True,True
149039,149040,SEQUEL,True,True
3786,3785,PREQUEL,True,True
3786,20947,OTHER,True,False
3786,155399,OTHER,True,False
3786,204270,OTHER,True,False
21569,124131,OTHER,True,False
87502,142541,SEQUEL,True,True
87502,177443,ALTERNATIVE,True,True
98471,98470,PREQUEL,True,True
99730,20762,PREQUEL,True,True
99900,136297,CHARACTER,False,False
101216,20930,PREQUEL,True,True
101216,157074,SIDE_STORY,True,True
101595,98505,PREQUEL,True,True
101595,129759,SEQUEL,True,True
101595,135255,SIDE_STORY,False,False
102498,21665,PREQUEL,True,True
103277,103276,PREQUEL,True,True
103277,103275,SEQUEL,True,True
103277,127149,CHARACTER,True,False
103712,103713,PREQUEL,True,True
103712,1239,ALTERNATIVE,False,False
103712,148149,SEQUEL,True,True
103713,103712,SEQUEL,True,True
103713,21462,PREQUEL,True,True
103713,1239,ALTERNATIVE,False,False
104329,917,OTHER,False,False
104459,98444,PREQUEL,True,True
104459,134413,SIDE_STORY,True,True
104459,104460,SEQUEL,True,True
104459,155908,SEQUEL,True,True
105595,101554,PREQUEL,True,True
105595,113971,SEQUEL,True,True
105595,212323,CHARACTER,True,False
105931,100168,SIDE_STORY,True,True
107203,101117,PREQUEL,True,True
107203,133124,SEQUEL,True,True
107717,98580,PREQUEL,True,True
107717,132096,SIDE_STORY,True,True
107717,137804,SIDE_STORY,True,True
107717,136436,SEQUEL,True,True
108465,127720,SEQUEL,True,True
108511,116742,SEQUEL,True,True
108511,161802,PREQUEL,True,True
108631,100977,PREQUEL,True,True
108631,130939,CHARACTER,True,False
108725,101759,PREQUEL,True,True
108725,131047,OTHER,False,False
108987,108992,OTHER,True,False
108987,107372,OTHER,True,False
109010,177432,OTHER,False,False
109261,103572,PREQUEL,True,True
109261,163327,SEQUEL,True,True
109261,211710,SIDE_STORY,False,False
109403,20694,PREQUEL,True,True
109403,137337,SEQUEL,True,True
109745,5833,ALTERNATIVE,False,False
110277,104578,PREQUEL,True,True
110277,131681,SEQUEL,True,True
110277,139754,OTHER,True,False
110733,103871,PREQUEL,True,True
110733,140337,SEQUEL,True,True
112019,21730,PREQUEL,True,True
112019,126275,PREQUEL,True,True
112019,144779,SEQUEL,True,True
154196,154175,PREQUEL,True,True
154196,108266,PARENT,True,True
154197,154174,PREQUEL,True,True
154541,129627,SIDE_STORY,True,True
154541,101922,CHARACTER,True,False
156907,124960,PARENT,True,True
157171,21353,PREQUEL,True,True
157172,123803,PREQUEL,True,True
162800,154176,SEQUEL,True,True
162800,113813,PARENT,True,True
176863,125208,PARENT,True,True
179778,179777,OTHER,True,False
187055,187054,PREQUEL,True,True
112443,127363,SIDE_STORY,True,True
112443,143866,SEQUEL,True,True
112608,143337,SEQUEL,True,True
112716,11021,SIDE_STORY,True,True
112716,21201,SIDE_STORY,True,True
112716,141329,OTHER,False,False
112716,142985,SEQUEL,True,True
112716,147,CHARACTER,True,False
113024,98658,PREQUEL,True,True
113024,113023,PREQUEL,True,True
113024,205962,OTHER,False,False
113231,128397,OTHER,True,False
113231,128527,OTHER,True,False
113231,128398,OTHER,True,False
113231,128526,OTHER,True,False
113254,4053,PREQUEL,True,True
113254,11371,SEQUEL,True,True
113359,100298,PREQUEL,True,True
113359,2402,PARENT,False,False
113359,132904,CHARACTER,False,False
113363,198663,OTHER,False,False
113476,113470,PREQUEL,True,True
113595,21732,SEQUEL,True,True
113595,21771,SEQUEL,True,True
113653,235,PARENT,False,False
113653,131770,PREQUEL,True,True
113692,98240,PREQUEL,True,True
113717,145893,CHARACTER,False,False
113717,153452,SEQUEL,True,True
113717,166457,OTHER,False,False
113814,142967,CHARACTER,False,False
113936,105333,PREQUEL,True,True
113936,133514,OTHER,False,False
113936,142876,SEQUEL,True,True
113950,99424,PREQUEL,True,True
113950,124082,CHARACTER,False,False
113950,142684,SEQUEL,True,True
113950,158991,SUMMARY,True,True
114087,20729,PREQUEL,True,True
114087,127400,SEQUEL,True,True
114129,126819,PREQUEL,True,True
114194,107660,PREQUEL,True,True
114194,131568,CHARACTER,False,False
114194,136880,SEQUEL,True,True
114304,107666,PREQUEL,True,True
114473,104159,PARENT,True,True
114473,139752,SIDE_STORY,True,True
114473,169080,SEQUEL,True,True
114535,138565,SEQUEL,True,True
114862,20671,PREQUEL,True,True
114979,15051,ALTERNATIVE,True,True
114979,136141,CHARACTER,False,False
114979,21584,ALTERNATIVE,True,True
114979,113970,ALTERNATIVE,True,True
114979,139409,SIDE_STORY,True,True
114979,140642,SEQUEL,True,True
114979,194167,ALTERNATIVE,True,True
115183,126874,SIDE_STORY,True,True
115567,109171,PARENT,True,True
115895,1960,PARENT,False,False
116338,107693,PREQUEL,True,True
116338,139092,SEQUEL,True,True
116589,131586,SEQUEL,True,True
116610,108735,PREQUEL,True,True
116610,101634,PARENT,True,True
116676,21753,PREQUEL,True,True
116741,101280,PARENT,True,True
116742,108511,PREQUEL,True,True
116742,139498,OTHER,True,False
116742,156822,SEQUEL,True,True
116742,166381,CHARACTER,True,False
116752,108928,PREQUEL,True,True
116752,128535,CHARACTER,True,False
116752,128740,SEQUEL,True,True
116756,103275,PREQUEL,True,True
116756,100728,SEQUEL,True,True
116944,20615,OTHER,True,False
117002,104051,PREQUEL,True,True
117002,136080,SEQUEL,True,True
117002,140076,OTHER,False,False
117085,115651,PREQUEL,True,True
117085,155068,SEQUEL,True,True
117193,104276,PREQUEL,True,True
117193,126659,SIDE_STORY,True,True
117193,139630,SEQUEL,True,True
117193,149073,SIDE_STORY,True,True
117193,169402,SIDE_STORY,True,True
117448,101004,PREQUEL,True,True
117448,131944,SIDE_STORY,True,True
117448,210483,SEQUEL,False,False
117533,100977,PARENT,True,True
117556,21043,PREQUEL,True,True
117556,130558,SEQUEL,True,True
117612,139648,SEQUEL,True,True
117696,131866,SEQUEL,True,True
117763,101634,OTHER,True,False
117763,117764,SEQUEL,True,True
117764,117763,PREQUEL,True,True
117764,101634,OTHER,True,False
117764,142963,OTHER,False,False
118103,142914,SEQUEL,True,True
118126,20680,PREQUEL,True,True
118126,101126,PREQUEL,True,True
118126,165831,OTHER,False,False
118126,129549,OTHER,True,False
118375,128367,CHARACTER,True,False
118375,131708,CHARACTER,True,False
118743,97757,PREQUEL,True,True
118743,138119,CHARACTER,True,False
118743,138511,SEQUEL,False,False
118743,139044,CHARACTER,False,False
119042,20800,PARENT,True,True
119042,100791,CHARACTER,True,False
119123,12651,OTHER,True,False
119123,7081,OTHER,True,False
119123,17917,OTHER,True,False
119661,108632,PREQUEL,True,True
119661,128306,SPIN_OFF,True,True
119661,163134,SEQUEL,True,True
119675,154,ALTERNATIVE,True,True
119675,147850,SEQUEL,True,True
119675,139079,SIDE_STORY,True,True
119683,6702,CHARACTER,True,False
119683,144932,SEQUEL,True,True
119806,99557,PREQUEL,True,True
119806,131867,CHARACTER,False,False
119806,138522,SEQUEL,True,True
120120,132467,SPIN_OFF,True,True
120120,142853,SEQUEL,True,True
120150,21311,PARENT,True,True
120150,201667,SEQUEL,True,True
120209,104647,PREQUEL,True,True
120209,139359,SEQUEL,True,True
120209,136829,SIDE_STORY,True,True
120209,148002,OTHER,True,False
120534,1186,PREQUEL,False,False
120534,1185,PREQUEL,False,False
120608,140079,OTHER,False,False
120697,140596,SEQUEL,True,True
121026,112748,PARENT,True,True
121026,3692,CHARACTER,True,False
121026,131045,OTHER,True,False
121681,112732,PREQUEL,True,True
121681,20454,PARENT,True,True
121962,9539,PARENT,True,True
121962,128827,SEQUEL,True,True
121962,207082,CHARACTER,False,False
122148,135939,SEQUEL,True,True
122148,178125,SPIN_OFF,True,True
122292,97769,PREQUEL,True,True
122348,128675,OTHER,False,False
122441,152001,OTHER,False,False
123474,137308,SEQUEL,True,True
123476,140187,PREQUEL,True,True
123494,123645,PREQUEL,True,True
123494,132061,OTHER,True,False
123645,123494,SEQUEL,True,True
123802,146206,SEQUEL,True,True
124080,14753,ALTERNATIVE,True,True
124080,163132,SIDE_STORY,True,True
124115,107208,PREQUEL,True,True
124115,132420,SEQUEL,True,True
124115,144803,SIDE_STORY,True,True
124131,21569,OTHER,True,False
124132,97983,PARENT,True,True
124136,104308,PREQUEL,True,True
124140,11757,ALTERNATIVE,True,True
124140,140999,SEQUEL,True,True
124153,136381,OTHER,True,False
124153,153676,SEQUEL,False,False
124194,111762,PREQUEL,True,True
124194,136192,SEQUEL,True,True
124195,108522,PREQUEL,True,True
124195,146646,SEQUEL,True,True
124195,156571,CHARACTER,False,False
124195,176287,CHARACTER,True,False
124223,98514,PREQUEL,True,True
124223,145608,SEQUEL,True,True
124394,110090,PREQUEL,True,True
124394,142016,SEQUEL,True,True
124472,102875,PARENT,True,True
124612,122137,PREQUEL,True,True
124845,131773,SEQUEL,True,True
124858,114124,PREQUEL,True,True
124858,138700,SIDE_STORY,True,True
125038,139093,SEQUEL,True,True
125206,139518,SEQUEL,True,True
125351,5060,PARENT,True,True
125351,136137,SEQUEL,True,True
125368,112641,PARENT,True,True
125426,132193,SEQUEL,True,True
125640,3579,PREQUEL,False,False
125839,136064,SEQUEL,True,True
125868,1243,ALTERNATIVE,True,True
125868,131047,OTHER,False,False
125909,97904,PREQUEL,True,True
125931,111905,PREQUEL,True,True
125931,169296,SEQUEL,True,True
126186,144188,PARENT,True,True
126192,154692,SEQUEL,True,True
126213,156131,SEQUEL,True,True
126275,112019,SEQUEL,True,True
126275,21730,PARENT,True,True
126546,141182,SEQUEL,True,True
126546,136946,SIDE_STORY,True,True
126571,100485,OTHER,True,False
126659,117193,PARENT,True,True
126659,142411,SIDE_STORY,True,True
126664,108041,PREQUEL,True,True
126678,109603,PREQUEL,True,True
126678,135108,SEQUEL,True,True
126790,148293,OTHER,True,False
126819,114129,SEQUEL,True,True
126819,101925,PREQUEL,True,True
126835,116793,PREQUEL,True,True
126835,140787,SEQUEL,True,True
126905,5684,ALTERNATIVE,True,True
126905,7645,ALTERNATIVE,True,True
126905,1932,ALTERNATIVE,True,True
126905,3692,ALTERNATIVE,True,True
126905,12191,ALTERNATIVE,True,True
126905,98059,ALTERNATIVE,True,True
126905,105857,ALTERNATIVE,True,True
126905,21506,ALTERNATIVE,True,True
126905,21001,ALTERNATIVE,True,True
126905,603,ALTERNATIVE,True,True
126905,100661,ALTERNATIVE,True,True
126905,9893,ALTERNATIVE,True,True
126905,1534,ALTERNATIVE,True,True
126905,16419,ALTERNATIVE,True,True
126905,20577,ALTERNATIVE,True,True
126905,112748,ALTERNATIVE,True,True
126905,131045,CHARACTER,True,False
126905,135864,SIDE_STORY,True,True
126905,142080,ALTERNATIVE,True,True
126905,154678,CHARACTER,True,False
126905,157883,ALTERNATIVE,True,True
126905,159429,CHARACTER,True,False
126905,171030,ALTERNATIVE,True,True
126905,185073,ALTERNATIVE,True,True
126905,188394,CHARACTER,True,False
126905,202957,ALTERNATIVE,True,True
127126,21819,CHARACTER,True,False
127149,101184,CHARACTER,True,False
127149,97815,CHARACTER,True,False
127149,103276,CHARACTER,True,False
127149,103275,CHARACTER,True,False
127149,110851,CHARACTER,True,False
127149,106915,CHARACTER,True,False
127149,100728,CHARACTER,True,False
127149,103277,CHARACTER,True,False
127149,159569,CHARACTER,True,False
127149,10012,PARENT,True,True
127227,113311,ALTERNATIVE,True,True
127227,113311,PARENT,True,True
127331,966,PARENT,False,False
127331,111312,PREQUEL,True,True
127331,142549,SEQUEL,True,True
127363,112443,PARENT,True,True
127366,116242,PREQUEL,True,True
127368,112124,PARENT,True,True
127371,116267,PREQUEL,True,True
127371,141212,SEQUEL,True,True
127399,138056,SEQUEL,True,True
127399,138106,SIDE_STORY,True,True
127400,114087,PREQUEL,True,True
127401,140687,OTHER,False,False
127536,154789,SEQUEL,True,True
127619,110857,PREQUEL,True,True
127619,154983,SEQUEL,True,True
127688,20458,PARENT,True,True
127690,150188,SEQUEL,True,True
127720,108465,PREQUEL,True,True
127720,141534,SIDE_STORY,True,True
127720,146065,SEQUEL,True,True
127721,103110,PREQUEL,True,True
127721,128890,SEQUEL,True,True
127721,148816,CHARACTER,False,False
127721,150848,CHARACTER,False,False
127721,155841,CHARACTER,False,False
127721,155843,CHARACTER,False,False
127721,114922,CHARACTER,False,False
127721,186586,CHARACTER,False,False
127863,124896,PARENT,True,True
128019,122248,PREQUEL,True,True
128306,120700,PREQUEL,True,True
128306,119661,PARENT,True,True
128306,182417,SEQUEL,True,True
128367,118375,CHARACTER,True,False
128367,131708,CHARACTER,True,False
128390,105310,PARENT,True,True
128390,114236,PARENT,True,True
128526,113231,PARENT,True,True
128527,113231,PARENT,True,True
128535,116752,CHARACTER,True,False
128545,136474,SIDE_STORY,True,True
128545,207886,OTHER,False,False
128546,138345,ALTERNATIVE,False,False
128547,143080,ALTERNATIVE,True,True
128547,158676,SIDE_STORY,False,False
128563,115069,PARENT,True,True
128703,112479,CHARACTER,True,False
128712,151987,OTHER,False,False
128712,152677,SEQUEL,True,True
128737,100620,PREQUEL,True,True
128737,30,CHARACTER,False,False
128737,172395,OTHER,True,False
128740,116752,PREQUEL,True,True
128740,141352,SPIN_OFF,True,True
128740,148862,SEQUEL,True,True
128827,121962,PREQUEL,True,True
128827,139212,SEQUEL,True,True
128872,15061,ALTERNATIVE,True,True
128872,111082,ALTERNATIVE,True,True
128872,101043,ALTERNATIVE,True,True
128872,21648,ALTERNATIVE,True,True
128872,155525,SEQUEL,True,True
128947,109621,PREQUEL,True,True
129046,101387,CHARACTER,False,False
129046,5774,CHARACTER,True,False
129068,146954,SEQUEL,True,True
129123,16381,PARENT,True,True
129277,139435,SEQUEL,True,True
129549,118126,OTHER,True,False
129549,7222,PREQUEL,True,True
129627,101922,CHARACTER,True,False
129627,154541,SIDE_STORY,True,True
129759,101595,PREQUEL,True,True
129759,137612,SEQUEL,True,True
129759,143202,SIDE_STORY,False,False
129814,135381,SPIN_OFF,True,True
129814,158625,OTHER,False,False
129874,101922,PREQUEL,True,True
129874,112151,ALTERNATIVE,True,True
129874,142329,SEQUEL,True,True
129898,169579,SEQUEL,False,False
129963,118123,CHARACTER,True,False
129963,191405,ALTERNATIVE,False,False
130050,130046,OTHER,False,False
130073,130074,OTHER,True,False
130074,130073,OTHER,True,False
130253,116786,PREQUEL,True,True
130253,288,OTHER,True,False
130253,166062,SEQUEL,True,True
130296,176912,PREQUEL,True,True
130392,136512,SIDE_STORY,True,True
130402,111137,ALTERNATIVE,True,True
130439,128738,PREQUEL,True,True
130439,132804,SEQUEL,True,True
130445,108767,PREQUEL,True,True
130445,145705,SIDE_STORY,True,True
130445,145958,SIDE_STORY,True,True
130445,157638,SIDE_STORY,True,True
130445,101555,SEQUEL,True,True
130513,144852,SEQUEL,True,True
130515,143553,OTHER,False,False
130529,146397,SEQUEL,True,True
130558,117556,PREQUEL,True,True
130584,118630,PREQUEL,True,True
130584,146865,SEQUEL,True,True
130620,186619,SEQUEL,True,True
130653,138658,CHARACTER,True,False
130692,112374,OTHER,True,False
130692,136049,OTHER,True,False
130713,98436,PREQUEL,True,True
130713,154364,SEQUEL,True,True
130777,111310,PREQUEL,True,True
130846,136139,OTHER,True,False
130846,136138,OTHER,True,False
130846,136140,OTHER,True,False
130962,170659,SEQUEL,True,True
131005,143203,SEQUEL,True,True
131005,161647,SPIN_OFF,True,True
131019,140162,OTHER,False,False
131045,121026,PARENT,True,True
131045,126905,CHARACTER,True,False
131096,116415,PREQUEL,True,True
131096,146885,SEQUEL,True,True
131149,114446,PREQUEL,True,True
131264,118399,PREQUEL,True,True
131573,113415,SEQUEL,True,True
131586,116589,PREQUEL,True,True
131586,140168,OTHER,False,False
131646,135136,SEQUEL,True,True
131708,118375,CHARACTER,True,False
131708,128367,CHARACTER,True,False
131770,113653,SEQUEL,True,True
131770,235,PARENT,False,False
131773,124845,PREQUEL,True,True
131866,117696,PREQUEL,True,True
131880,139682,PREQUEL,True,True
131880,150697,SEQUEL,True,True
131927,131459,PREQUEL,True,True
131927,187219,OTHER,True,False
131942,102883,PREQUEL,True,True
131942,146722,SEQUEL,True,True
131944,117448,PARENT,True,True
131971,97861,PARENT,True,True
132061,123494,PARENT,True,True
132071,141325,OTHER,False,False
132071,145840,OTHER,False,False
132096,107717,PARENT,True,True
132096,137804,SEQUEL,True,True
132193,125426,PREQUEL,True,True
132193,154982,SEQUEL,True,True
132209,11827,PREQUEL,True,True
132300,130741,PARENT,True,True
132324,114334,PREQUEL,True,True
132324,146631,SEQUEL,True,True
132444,131367,PREQUEL,True,True
132444,174913,PARENT,False,False
132467,120120,PARENT,True,True
132473,143085,SEQUEL,True,True
132525,132526,SEQUEL,True,True
132528,13655,CHARACTER,True,False
132528,21382,CHARACTER,True,False
132528,2167,CHARACTER,True,False
132528,101,CHARACTER,True,False
132528,144,CHARACTER,True,False
132528,1530,CHARACTER,True,False
132528,4181,CHARACTER,True,False
132528,21732,CHARACTER,True,False
132528,656,CHARACTER,True,False
132528,143150,SEQUEL,True,True
132545,101381,PREQUEL,True,True
132634,3931,PREQUEL,True,True
132634,19613,PARENT,True,True
132634,15059,PARENT,True,True
132679,98107,PREQUEL,True,True
132679,176275,CHARACTER,True,False
132679,184756,CHARACTER,True,False
132697,132696,PREQUEL,True,True
132697,179870,SEQUEL,True,True
132698,100790,PARENT,True,True
132806,97617,PREQUEL,True,True
132893,114943,PREQUEL,True,True
133146,127041,PREQUEL,True,True
133146,136128,CHARACTER,False,False
133340,134786,CHARACTER,False,False
133340,124833,CHARACTER,False,False
133340,138530,CHARACTER,False,False
133340,140008,CHARACTER,False,False
133340,141073,CHARACTER,False,False
133340,143708,CHARACTER,False,False
133340,145919,CHARACTER,False,False
133340,151327,CHARACTER,False,False
133340,158908,CHARACTER,True,False
133340,160902,CHARACTER,False,False
133340,180814,CHARACTER,False,False
133340,185090,CHARACTER,False,False
133340,189425,CHARACTER,False,False
133340,191308,CHARACTER,False,False
133340,192609,CHARACTER,False,False
133340,195187,CHARACTER,False,False
133340,196568,CHARACTER,False,False
133483,112908,CHARACTER,True,False
133483,105238,CHARACTER,True,False
133510,160173,SEQUEL,True,True
133849,21512,CHARACTER,True,False
133965,141055,OTHER,False,False
133965,142984,SEQUEL,True,True
134120,145709,SPIN_OFF,True,True
134120,185463,SIDE_STORY,True,True
134222,174070,PARENT,True,True
134413,104459,PARENT,True,True
134623,100957,PREQUEL,True,True
134710,111734,PARENT,True,True
135108,126678,PREQUEL,True,True
135108,139588,OTHER,True,False
135108,142826,SEQUEL,True,True
135171,113906,PREQUEL,True,True
135381,129814,PARENT,True,True
135645,80,PARENT,False,False
135836,6525,PARENT,True,True
135864,126905,PARENT,True,True
135864,7645,CHARACTER,True,False
135864,112748,CHARACTER,True,False
135866,21613,PARENT,True,True
135866,100878,SEQUEL,True,True
135939,122148,PREQUEL,True,True
135939,178125,SPIN_OFF,True,True
136049,130692,OTHER,True,False
136049,112374,CHARACTER,True,False
136119,10257,ALTERNATIVE,True,True
136119,17249,ALTERNATIVE,True,True
136119,20742,ALTERNATIVE,True,True
136119,101097,ALTERNATIVE,True,True
136119,171080,ALTERNATIVE,True,True
136119,176275,CHARACTER,True,False
136119,184756,CHARACTER,True,False
136137,125351,PREQUEL,True,True
136138,130846,OTHER,True,False
136138,136139,OTHER,True,False
136138,136140,OTHER,True,False
136139,130846,OTHER,True,False
136139,136138,OTHER,True,False
136139,136140,OTHER,True,False
136140,130846,OTHER,True,False
136140,136138,OTHER,True,False
136140,136139,OTHER,True,False
136206,98107,CHARACTER,True,False
136206,12863,CHARACTER,True,False
136206,101097,CHARACTER,True,False
136206,20742,CHARACTER,True,False
136206,17249,CHARACTER,True,False
136206,10257,CHARACTER,True,False
136263,101547,PREQUEL,True,True
136270,109300,OTHER,True,False
136344,106918,PREQUEL,True,True
136474,128545,PARENT,True,True
136512,130392,PARENT,True,True
136512,145852,SIDE_STORY,True,True
136517,21344,PREQUEL,True,True
136829,120209,PARENT,True,True
136946,167990,SEQUEL,True,True
136946,126546,PARENT,True,True
137075,10278,CHARACTER,True,False
137075,98310,CHARACTER,True,False
137075,20693,CHARACTER,True,False
137075,120755,CHARACTER,True,False
137075,162889,CHARACTER,True,False
137097,120851,PARENT,True,True
137106,120851,PARENT,True,True
137227,141959,CHARACTER,False,False
137309,552,PARENT,False,False
137309,159052,OTHER,False,False
137309,165978,OTHER,False,False
137537,150103,PARENT,True,True
137799,119491,PREQUEL,True,True
137804,132096,PREQUEL,True,True
137804,107717,PARENT,True,True
137877,139451,SIDE_STORY,True,True
137898,129190,CHARACTER,True,False
137898,144336,SEQUEL,True,True
138060,184642,SEQUEL,True,True
138063,142136,SEQUEL,True,True
138106,163943,SEQUEL,True,True
138106,127399,PARENT,True,True
138119,118743,CHARACTER,True,False
138411,111320,ALTERNATIVE,True,True
138411,212574,ALTERNATIVE,True,True
138658,130653,CHARACTER,True,False
138699,527,ALTERNATIVE,False,False
138899,117756,SEQUEL,True,True
138899,106154,ALTERNATIVE,True,True
138899,163143,SEQUEL,True,True
139079,119675,PARENT,True,True
139342,118123,CHARACTER,True,False
139342,153348,CHARACTER,True,False
139342,154688,SEQUEL,False,False
139386,6895,ALTERNATIVE,True,True
139409,114979,PARENT,True,True
139409,152633,SEQUEL,True,True
139449,98060,PREQUEL,True,True
139449,139466,SEQUEL,True,True
139451,137877,PARENT,True,True
139466,139449,PREQUEL,True,True
139588,135108,PARENT,True,True
139682,131880,SEQUEL,True,True
139752,114473,PARENT,True,True
139754,110277,PARENT,True,True
139754,120257,PREQUEL,True,True
139813,104989,PREQUEL,True,True
139813,146471,CHARACTER,False,False
140099,124082,CHARACTER,False,False
140099,162893,CHARACTER,True,False
140377,117960,PREQUEL,True,True
140377,97861,CHARACTER,True,False
140377,5848,CHARACTER,True,False
140700,174596,ALTERNATIVE,True,True
140788,20860,PARENT,True,True
143118,168808,OTHER,True,False
144803,124115,PARENT,True,True
145553,120851,PARENT,True,True
145555,120851,PARENT,True,True
145705,130445,PARENT,True,True
145709,134120,PARENT,True,True
145799,123903,PREQUEL,True,True
145799,154540,SEQUEL,True,True
145800,123903,PARENT,True,True
145898,133353,OTHER,False,False
145958,19157,PARENT,True,True
145958,130445,PARENT,True,True
148002,120209,PARENT,True,True
148002,116922,PREQUEL,True,True
148293,126790,PARENT,True,True
149040,149039,PREQUEL,True,True
154198,154081,SEQUEL,True,True
154198,124641,PARENT,True,True
154386,108941,PARENT,True,True
154974,113051,PARENT,True,True
154978,4081,PARENT,True,True
157074,101216,PARENT,True,True
162744,162745,SEQUEL,True,True
165557,125367,PARENT,True,True
169404,112153,PARENT,True,True
169746,170013,SEQUEL,True,True
177230,177229,PREQUEL,True,True
177230,177231,SEQUEL,True,True
21294,20553,PREQUEL,True,True
98577,20949,PREQUEL,True,True
98577,206888,SEQUEL,True,True
103118,3667,OTHER,True,False
104460,104459,PREQUEL,True,True
108353,420,ALTERNATIVE,False,False
109911,100663,PREQUEL,True,True
109911,147729,SEQUEL,True,True
111321,99263,PREQUEL,True,True
111321,111322,SEQUEL,True,True
112323,100668,PREQUEL,True,True
112323,146921,SIDE_STORY,True,True
112323,154473,SEQUEL,True,True
112323,143846,SIDE_STORY,True,True
112640,21218,PREQUEL,True,True
112719,153322,SIDE_STORY,True,True
113689,6008,ALTERNATIVE,True,True
113689,8217,ALTERNATIVE,True,True
113689,10359,ALTERNATIVE,True,True
113689,12963,ALTERNATIVE,True,True
113689,17497,ALTERNATIVE,True,True
113689,20784,ALTERNATIVE,True,True
113689,21134,ALTERNATIVE,True,True
114745,100643,PREQUEL,True,True
114745,153791,SIDE_STORY,True,True
114745,143086,CHARACTER,True,False
114745,160275,SEQUEL,True,True
114842,21268,PARENT,True,True
116605,100722,PREQUEL,True,True
116605,151380,SEQUEL,True,True
116674,269,PREQUEL,True,True
116674,142033,OTHER,False,False
116674,159322,SEQUEL,True,True
117074,110178,PREQUEL,True,True
117074,21613,CHARACTER,True,False
117074,99263,CHARACTER,True,False
117074,20832,CHARACTER,True,False
117074,21202,CHARACTER,True,False
117074,21355,CHARACTER,True,False
117074,194447,SEQUEL,True,True
117196,687,ALTERNATIVE,True,True
117196,154876,SEQUEL,True,True
117196,153765,SIDE_STORY,True,True
117197,12017,PREQUEL,True,True
117197,151803,SEQUEL,True,True
117756,106154,PREQUEL,True,True
117756,138899,PREQUEL,True,True
117756,163143,ALTERNATIVE,True,True
117765,101634,PREQUEL,True,True
117765,163571,SEQUEL,True,True
120377,154591,CHARACTER,False,False
120377,195539,ALTERNATIVE,False,False
121176,113693,PREQUEL,True,True
121176,171110,SEQUEL,True,True
122808,107871,PREQUEL,True,True
122808,187236,SIDE_STORY,True,True
123330,107490,PREQUEL,True,True
123330,145994,SIDE_STORY,True,True
123752,4524,ALTERNATIVE,True,True
124032,100780,PREQUEL,True,True
124032,820,ALTERNATIVE,False,False
124032,148970,SEQUEL,True,True
124395,115113,PREQUEL,True,True
124410,113813,PREQUEL,True,True
124410,154176,OTHER,True,False
124410,154385,OTHER,True,False
124410,154745,SEQUEL,True,True
124641,107294,PREQUEL,True,True
124641,154081,OTHER,True,False
124641,154198,SIDE_STORY,True,True
124641,164551,SIDE_STORY,True,True
125124,107067,PREQUEL,True,True
125261,100402,PARENT,True,True
125367,112641,PREQUEL,True,True
125367,151384,SEQUEL,True,True
125367,165557,SIDE_STORY,True,True
125440,99230,PREQUEL,True,True
125440,155631,CHARACTER,False,False
125440,183231,CHARACTER,True,False
125447,12321,ALTERNATIVE,True,True
125682,148821,OTHER,False,False
125910,97904,PARENT,True,True
125910,105244,CHARACTER,True,False
126288,143082,SIDE_STORY,True,True
126288,146743,SEQUEL,True,True
126425,102680,PARENT,True,True
188619,4081,PARENT,True,True
204616,204617,SEQUEL,True,True
126783,2669,ALTERNATIVE,False,False
126783,2471,PARENT,False,False
126783,8687,PARENT,True,True
127090,151632,SIDE_STORY,True,True
127230,155884,OTHER,False,False
127230,156809,OTHER,False,False
127230,157173,OTHER,False,False
127230,157349,OTHER,False,False
127230,159110,OTHER,False,False
127230,171627,SEQUEL,True,True
127230,198726,SIDE_STORY,True,True
127549,130003,CHARACTER,True,False
128034,146637,SEQUEL,True,True
128207,170,PARENT,False,False
128400,87498,SEQUEL,True,True
128828,110521,OTHER,False,False
128890,127721,PREQUEL,True,True
128890,155276,CHARACTER,False,False
128890,155843,CHARACTER,False,False
128890,161440,OTHER,True,False
128890,170087,OTHER,True,False
128890,178402,CHARACTER,False,False
128890,186336,SEQUEL,False,False
128890,191361,CHARACTER,False,False
129190,137898,CHARACTER,True,False
129190,144336,CHARACTER,True,False
129196,112124,PREQUEL,True,True
129196,155211,SEQUEL,True,True
130003,127549,CHARACTER,True,False
130003,165253,SUMMARY,True,True
130003,171099,SUMMARY,True,True
130003,186712,SEQUEL,False,False
130298,156001,SIDE_STORY,True,True
130298,161964,SEQUEL,True,True
130298,194447,CHARACTER,True,False
130305,98520,PREQUEL,True,True
130389,20458,SEQUEL,True,True
130550,108354,PREQUEL,True,True
130591,167151,SEQUEL,False,False
130592,15809,PREQUEL,True,True
130592,155168,SEQUEL,True,True
130592,154539,SIDE_STORY,True,True
131182,98866,PREQUEL,True,True
131520,163327,PREQUEL,True,True
131520,177191,SEQUEL,True,True
131520,211709,SIDE_STORY,False,False
131681,110277,PREQUEL,True,True
131681,146984,SEQUEL,True,True
131912,178774,SEQUEL,True,True
132052,148295,SIDE_STORY,True,True
132052,179828,SEQUEL,True,True
132055,153146,PREQUEL,True,True
132055,172393,SEQUEL,True,True
132232,10721,ALTERNATIVE,True,True
132232,148179,SEQUEL,True,True
132405,154768,SEQUEL,True,True
132474,185542,SEQUEL,True,True
132526,132525,PREQUEL,True,True
132804,130439,PREQUEL,True,True
133124,107203,PREQUEL,True,True
133175,97682,PARENT,True,True
133175,149099,SIDE_STORY,True,True
133844,101474,PREQUEL,True,True
133844,133845,SEQUEL,True,True
133844,151898,SIDE_STORY,True,True
133891,113970,PREQUEL,True,True
133891,106923,CHARACTER,False,False
133891,157654,SEQUEL,True,True
133898,206812,PREQUEL,False,False
134732,191788,SEQUEL,True,True
135136,131646,PREQUEL,True,True
135177,21261,PARENT,True,True
135177,120851,PARENT,True,True
135177,135178,SEQUEL,True,True
135513,186829,CHARACTER,True,False
135515,293,ALTERNATIVE,False,False
136064,125839,PREQUEL,True,True
136080,117002,PREQUEL,True,True
136192,124194,PREQUEL,True,True
136226,112296,PREQUEL,True,True
136303,105391,PREQUEL,True,True
136436,107717,PREQUEL,True,True
136436,181839,SEQUEL,True,True
137281,147728,SIDE_STORY,True,True
137281,179979,SEQUEL,True,True
137337,109403,PREQUEL,True,True
137734,120046,PREQUEL,True,True
137819,7785,PARENT,True,True
137822,163146,SEQUEL,True,True
137822,163147,SIDE_STORY,True,True
138424,107068,PREQUEL,True,True
138424,138425,SEQUEL,True,True
138425,138424,PREQUEL,True,True
138459,21296,CHARACTER,True,False
138459,123434,CHARACTER,True,False
138459,139300,CHARACTER,False,False
138459,151985,OTHER,False,False
138459,174749,CHARACTER,True,False
138565,114535,PREQUEL,True,True
138565,162669,SEQUEL,True,True
138700,124858,PARENT,True,True
138717,9988,PREQUEL,True,True
138717,146742,ALTERNATIVE,True,True
138882,144992,OTHER,True,False
139092,116338,PREQUEL,True,True
139092,184492,SEQUEL,True,True
139093,125038,PREQUEL,True,True
139212,128827,PREQUEL,True,True
139212,139213,SEQUEL,True,True
139273,80,PARENT,False,False
139274,80,PARENT,False,False
139274,146922,PREQUEL,True,True
139274,155158,SEQUEL,True,True
139274,162271,CHARACTER,False,False
139274,212323,CHARACTER,True,False
139303,12079,CHARACTER,True,False
139310,139311,OTHER,True,False
139310,155634,OTHER,False,False
139311,139310,OTHER,True,False
139369,155496,SIDE_STORY,True,True
139369,160089,SIDE_STORY,True,True
139498,116742,PARENT,True,True
139498,182206,PARENT,True,True
139587,159042,SEQUEL,True,True
139630,117193,PREQUEL,True,True
139630,161981,OTHER,False,False
139630,163139,SEQUEL,True,True
139630,169402,SIDE_STORY,True,True
139643,154895,CHARACTER,False,False
139648,117612,PREQUEL,True,True
139675,170505,CHARACTER,True,False
139675,179878,CHARACTER,True,False
139806,16157,PARENT,True,True
139806,108758,PREQUEL,True,True
139806,143766,SEQUEL,True,True
139820,154955,SIDE_STORY,True,True
140002,235,PARENT,False,False
140005,235,PARENT,False,False
140085,112325,PREQUEL,True,True
140085,163136,SEQUEL,True,True
140187,20941,PREQUEL,True,True
140187,123476,SEQUEL,True,True
140187,165810,SEQUEL,True,True
140350,113108,PREQUEL,True,True
140350,155227,SEQUEL,True,True
140439,101338,PREQUEL,True,True
140457,151126,SIDE_STORY,True,True
140457,154178,OTHER,True,False
140642,114979,PREQUEL,True,True
140642,152633,SIDE_STORY,True,True
140642,155502,SEQUEL,True,True
140642,193705,CHARACTER,False,False
140642,207211,OTHER,True,False
140660,119080,OTHER,False,False
140660,131969,CHARACTER,False,False
140660,131967,CHARACTER,False,False
140660,127957,CHARACTER,False,False
140660,138554,CHARACTER,False,False
140660,140665,CHARACTER,False,False
140660,145904,CHARACTER,False,False
140660,147337,CHARACTER,False,False
140660,156065,CHARACTER,False,False
140660,158895,SEQUEL,True,True
140660,162526,CHARACTER,False,False
140660,164205,CHARACTER,False,False
140660,169932,CHARACTER,False,False
140660,170498,CHARACTER,False,False
140660,177124,CHARACTER,False,False
140660,177177,CHARACTER,False,False
140660,179715,CHARACTER,False,False
140660,185778,CHARACTER,True,False
140660,185780,CHARACTER,False,False
140660,187591,CHARACTER,False,False
140753,169825,OTHER,False,False
140753,169884,OTHER,False,False
140765,162682,SEQUEL,True,True
140787,126835,PREQUEL,True,True
140830,151606,SEQUEL,True,True
140830,189893,CHARACTER,True,False
140842,171203,CHARACTER,False,False
140842,202717,SIDE_STORY,True,True
140950,102484,CHARACTER,False,False
140960,142838,SEQUEL,True,True
140999,124140,PREQUEL,True,True
141212,127371,PREQUEL,True,True
141212,141208,SEQUEL,True,True
141212,157800,OTHER,False,False
141212,2026,CHARACTER,True,False
141351,98314,PARENT,True,True
141352,128740,PARENT,True,True
141352,162291,SEQUEL,True,True
141391,150583,SIDE_STORY,True,True
141391,175914,SEQUEL,True,True
141400,111965,PREQUEL,True,True
141534,127720,PARENT,True,True
141774,171026,SUMMARY,True,True
141774,207886,OTHER,False,False
141775,2682,PREQUEL,False,False
141902,21,PARENT,False,False
141902,153959,CHARACTER,False,False
141902,153964,CHARACTER,False,False
141902,153966,CHARACTER,False,False
141902,153973,CHARACTER,False,False
141902,153982,CHARACTER,False,False
141902,153986,CHARACTER,False,False
141902,154001,OTHER,False,False
141907,21512,PREQUEL,True,True
141907,144916,OTHER,True,False
142016,124394,PREQUEL,True,True
142074,159309,SEQUEL,True,True
142080,112748,ALTERNATIVE,True,True
142080,98059,ALTERNATIVE,True,True
142080,126905,ALTERNATIVE,True,True
142080,105857,ALTERNATIVE,True,True
142080,100661,ALTERNATIVE,True,True
142080,21001,ALTERNATIVE,True,True
142080,21506,ALTERNATIVE,True,True
142080,20577,ALTERNATIVE,True,True
142080,12191,ALTERNATIVE,True,True
142080,16419,ALTERNATIVE,True,True
142080,7645,ALTERNATIVE,True,True
142080,5684,ALTERNATIVE,True,True
142080,9893,ALTERNATIVE,True,True
142080,1932,ALTERNATIVE,True,True
142080,1534,ALTERNATIVE,True,True
142080,603,ALTERNATIVE,True,True
142080,144687,OTHER,True,False
142080,154678,SIDE_STORY,True,True
142080,157883,ALTERNATIVE,True,True
142080,159429,CHARACTER,True,False
142080,171030,ALTERNATIVE,True,True
142080,185073,ALTERNATIVE,True,True
142080,202957,ALTERNATIVE,True,True
142136,138063,PREQUEL,True,True
142173,20693,PARENT,True,True
142216,116248,PREQUEL,True,True
142219,235,PARENT,False,False
142229,152881,OTHER,True,False
142274,123778,CHARACTER,True,False
142329,129874,PREQUEL,True,True
142329,112151,PREQUEL,True,True
142329,145139,SEQUEL,True,True
142343,110355,PREQUEL,True,True
142343,106506,SPIN_OFF,True,True
142343,194872,SIDE_STORY,True,True
142343,166521,SEQUEL,True,True
142411,126659,PARENT,True,True
142481,99476,PREQUEL,True,True
142541,87502,PREQUEL,True,True
142549,127331,PREQUEL,True,True
142549,966,PARENT,False,False
142549,158595,SEQUEL,True,True
142770,166058,CHARACTER,False,False
142794,112153,PARENT,True,True
142806,100790,PARENT,True,True
142826,135108,PREQUEL,True,True
142826,166829,SEQUEL,True,True
142838,140960,PREQUEL,True,True
142838,158927,SEQUEL,True,True
142842,10015,OTHER,True,False
142842,482,OTHER,True,False
142842,114072,OTHER,True,False
142842,98231,OTHER,True,False
142842,15489,OTHER,True,False
142842,3972,OTHER,True,False
142842,20552,OTHER,True,False
142842,481,OTHER,True,False
142876,131518,SEQUEL,True,True
142876,113936,PREQUEL,True,True
142984,133965,PREQUEL,True,True
142984,172423,OTHER,False,False
142985,112716,PREQUEL,True,True
142985,159107,OTHER,False,False
143080,128547,ALTERNATIVE,True,True
143082,126288,PARENT,True,True
143086,98549,PREQUEL,True,True
143086,114745,CHARACTER,True,False
143150,132528,PREQUEL,True,True
143150,144,CHARACTER,True,False
143150,4181,CHARACTER,True,False
143150,21732,CHARACTER,True,False
143150,656,CHARACTER,True,False
143150,13655,CHARACTER,True,False
143150,21382,CHARACTER,True,False
143150,2167,CHARACTER,True,False
143150,1530,CHARACTER,True,False
143150,101,CHARACTER,True,False
143150,6547,CHARACTER,True,False
143203,131005,PREQUEL,True,True
143270,161410,OTHER,False,False
143270,179706,SIDE_STORY,True,True
143277,1293,ALTERNATIVE,False,False
143277,155645,SEQUEL,True,True
143277,175347,CHARACTER,False,False
143289,144770,SEQUEL,True,True
143415,169383,OTHER,False,False
143455,139044,CHARACTER,False,False
143455,146866,SIDE_STORY,True,True
143455,151067,SIDE_STORY,True,True
143455,172964,SEQUEL,True,True
143485,115908,PREQUEL,True,True
143846,112323,PARENT,True,True
144336,129190,CHARACTER,True,False
144336,137898,PREQUEL,True,True
144451,118123,PARENT,True,True
144506,3558,ALTERNATIVE,False,False
144677,404,ALTERNATIVE,False,False
144677,159926,SEQUEL,True,True
144687,142080,PARENT,True,True
144687,154678,OTHER,True,False
144852,130513,PREQUEL,True,True
144853,183162,SEQUEL,True,True
144916,141907,OTHER,True,False
144992,138882,PARENT,True,True
145059,527,CHARACTER,False,False
145069,21478,PREQUEL,True,True
145405,20842,ALTERNATIVE,True,True
145405,20990,ALTERNATIVE,True,True
145405,21289,ALTERNATIVE,True,True
145478,118123,PARENT,True,True
145545,98659,PREQUEL,True,True
145545,146066,SEQUEL,True,True
145608,124223,PREQUEL,True,True
145608,156632,SEQUEL,True,True
145739,183885,SEQUEL,True,True
145813,112153,PARENT,True,True
145852,136512,PARENT,True,True
145895,504,OTHER,False,False
145968,126650,PREQUEL,True,True
145968,177458,SIDE_STORY,False,False
145994,113302,PREQUEL,True,True
145994,123330,PARENT,True,True
145994,149098,CHARACTER,True,False
146004,118123,CHARACTER,True,False
146140,101634,PARENT,True,True
146321,115069,PREQUEL,True,True
146321,147216,SEQUEL,True,True
146397,130529,PREQUEL,True,True
146438,162993,SEQUEL,True,True
146488,2581,PARENT,True,True
146488,3927,PARENT,True,True
146501,101634,PARENT,True,True
146501,116210,CHARACTER,False,False
146501,141904,CHARACTER,False,False
146501,154961,CHARACTER,False,False
146503,101280,PARENT,True,True
146631,132324,PREQUEL,True,True
146631,146632,SEQUEL,True,True
146632,146631,PREQUEL,True,True
146637,128034,PREQUEL,True,True
146722,131942,PREQUEL,True,True
146722,190327,SEQUEL,True,True
146742,138717,ALTERNATIVE,True,True
146865,130584,PREQUEL,True,True
146865,153412,SEQUEL,True,True
146866,143455,PARENT,True,True
146866,153278,CHARACTER,False,False
146885,131096,PREQUEL,True,True
146885,169826,SEQUEL,True,True
146921,112323,PARENT,True,True
146922,139274,SEQUEL,True,True
147728,137281,PARENT,True,True
147885,156759,OTHER,False,False
147885,162716,SIDE_STORY,True,True
147929,2377,ALTERNATIVE,True,True
148042,160088,SEQUEL,True,True
148112,14129,PREQUEL,True,True
148112,165444,SEQUEL,True,True
148179,132232,PREQUEL,True,True
148179,10721,ALTERNATIVE,True,True
148295,132052,PARENT,True,True
148401,191689,SEQUEL,True,True
148401,98514,PARENT,True,True
148492,155291,SEQUEL,True,True
148960,21307,PREQUEL,True,True
148960,155525,OTHER,True,False
148960,155738,SEQUEL,True,True
148970,124032,PREQUEL,True,True
148970,820,ALTERNATIVE,False,False
148970,170816,SEQUEL,False,False
149073,117193,PARENT,True,True
149098,149099,CHARACTER,True,False
149098,145994,CHARACTER,True,False
149099,133175,PARENT,True,True
149099,149098,CHARACTER,True,False
150188,127690,PREQUEL,True,True
150188,173884,SEQUEL,True,True
150583,141391,PARENT,True,True
150697,131880,PREQUEL,True,True
150909,113335,ALTERNATIVE,False,False
150909,158562,OTHER,False,False
150909,182434,SEQUEL,True,True
151018,105964,PREQUEL,True,True
151018,166996,SEQUEL,True,True
151067,143455,PARENT,True,True
151126,140457,PARENT,True,True
151379,207886,OTHER,False,False
151414,3382,OTHER,True,False
151632,127090,PARENT,True,True
151659,1254,ALTERNATIVE,False,False
151659,114448,PREQUEL,True,True
151659,10687,ALTERNATIVE,True,True
151659,158988,SEQUEL,True,True
151803,117197,PREQUEL,True,True
151898,103209,PREQUEL,True,True
151898,133844,PARENT,True,True
151898,170620,OTHER,True,False
152005,113828,PREQUEL,True,True
152005,126529,PARENT,True,True
152633,139409,PREQUEL,True,True
152633,140642,PARENT,True,True
152633,183383,SEQUEL,True,True
152633,207211,OTHER,True,False
152636,138416,CHARACTER,False,False
152636,157653,CHARACTER,True,False
152636,160589,CHARACTER,True,False
152881,142229,OTHER,True,False
153146,132055,SEQUEL,True,True
153146,107252,PREQUEL,True,True
153322,112719,PARENT,True,True
153348,118123,CHARACTER,True,False
153348,139342,CHARACTER,True,False
153348,166614,CHARACTER,False,False
153412,146865,PREQUEL,True,True
153412,163256,SEQUEL,True,True
153412,176634,CHARACTER,False,False
153765,117196,PARENT,True,True
153765,154876,PARENT,True,True
153791,114745,PARENT,True,True
153840,3550,PREQUEL,False,False
153906,537,CHARACTER,False,False
153906,10702,CHARACTER,True,False
154081,124641,PARENT,True,True
154081,154198,PREQUEL,True,True
154176,124410,PARENT,True,True
154176,162800,PREQUEL,True,True
154178,140457,PARENT,True,True
154385,123901,PREQUEL,True,True
154385,124410,PARENT,True,True
154385,169748,SEQUEL,True,True
154539,130592,PARENT,True,True
154539,155168,PARENT,True,True
154540,145799,PREQUEL,True,True
154540,165645,SEQUEL,True,True
154672,164441,SEQUEL,True,True
154678,105857,CHARACTER,True,False
154678,112748,CHARACTER,True,False
154678,126905,CHARACTER,True,False
154678,144687,PARENT,True,True
154955,139820,PARENT,True,True
155011,33,ALTERNATIVE,False,False
155011,10218,ALTERNATIVE,True,True
155011,12113,ALTERNATIVE,True,True
155011,12115,ALTERNATIVE,True,True
155011,21560,SEQUEL,True,True
155348,20,PARENT,True,True
155348,1735,PARENT,True,True
155348,162561,OTHER,False,False
155496,139369,PARENT,True,True
155496,160089,SEQUEL,True,True
155525,128872,PREQUEL,True,True
155525,148960,OTHER,True,False
155526,179292,SEQUEL,True,True
155736,155910,OTHER,False,False
155736,155911,OTHER,False,False
155736,155913,OTHER,True,False
155913,155736,OTHER,True,False
155913,155910,OTHER,False,False
155913,155911,OTHER,False,False
155925,1412,SEQUEL,False,False
156001,130298,PARENT,True,True
156001,169929,SEQUEL,True,True
156061,185642,SEQUEL,True,True
157287,146954,PARENT,True,True
157287,169516,SEQUEL,True,True
157294,125647,OTHER,True,False
157294,142193,PARENT,True,True
157653,138416,CHARACTER,False,False
157653,152636,CHARACTER,True,False
157653,160589,CHARACTER,True,False
158570,116259,PREQUEL,True,True
158639,158640,SEQUEL,True,True
158643,154041,PREQUEL,False,False
158869,112153,PARENT,True,True
159454,206919,CHARACTER,False,False
159454,212557,OTHER,True,False
160856,1960,PARENT,False,False
162726,154969,PARENT,True,True
162745,162744,PREQUEL,True,True
165645,154540,PREQUEL,True,True
165645,165647,SEQUEL,True,True
165931,128715,PARENT,True,True
168559,170220,SEQUEL,True,True
168559,8644,PARENT,True,True
168808,143118,OTHER,True,False
168808,168809,OTHER,True,False
169384,159569,SEQUEL,True,True
169794,3638,PARENT,True,True
170013,169375,SEQUEL,True,True
170013,169746,PREQUEL,True,True
170659,130962,PREQUEL,True,True
170659,170660,SEQUEL,True,True
172896,196229,ALTERNATIVE,True,True
172896,98077,OTHER,True,False
172973,18941,PARENT,True,True
176912,130296,SEQUEL,True,True
179870,132697,PREQUEL,True,True
179870,179871,SEQUEL,True,True
182545,21727,PARENT,True,True
183474,142480,PREQUEL,True,True
183474,183475,SEQUEL,True,True
186619,130620,PREQUEL,True,True
187219,131927,PARENT,True,True
99088,1520,CHARACTER,False,False
99088,2747,CHARACTER,False,False
111322,111321,PREQUEL,True,True
111322,173780,SEQUEL,True,True
114606,104330,SEQUEL,True,True
114606,173311,OTHER,False,False
116867,106479,PREQUEL,True,True
120755,10278,PARENT,True,True
120755,137075,CHARACTER,True,False
120755,20693,OTHER,True,False
120755,110219,ALTERNATIVE,True,True
120755,98310,OTHER,True,False
120755,17437,CHARACTER,True,False
120755,149974,CHARACTER,False,False
120755,158702,CHARACTER,False,False
120755,177456,SIDE_STORY,True,True
120755,187375,SIDE_STORY,True,True
125869,162842,SEQUEL,True,True
126316,100186,PREQUEL,True,True
126529,107201,PREQUEL,True,True
126529,152005,SIDE_STORY,True,True
127163,114263,PREQUEL,True,True
127550,114340,PREQUEL,True,True
127550,164538,SIDE_STORY,True,True
128344,113051,PARENT,True,True
128643,108489,PREQUEL,True,True
128715,165931,SIDE_STORY,True,True
128893,166613,SEQUEL,True,True
129188,108623,PREQUEL,True,True
130588,112301,PREQUEL,True,True
130588,130590,SEQUEL,True,True
130622,100978,SEQUEL,True,True
130706,8194,ALTERNATIVE,False,False
131518,142876,PREQUEL,True,True
131518,162670,SEQUEL,True,True
131680,97940,PARENT,True,True
132420,124115,PREQUEL,True,True
132420,176663,SIDE_STORY,True,True
132420,202390,SEQUEL,True,True
133892,104158,PARENT,True,True
134131,165559,CHARACTER,False,False
135102,115740,PREQUEL,True,True
135102,158983,SIDE_STORY,True,True
135178,135177,PREQUEL,True,True
135178,21261,PARENT,True,True
135178,120851,PARENT,True,True
135778,163151,SEQUEL,True,True
136430,101348,PREQUEL,True,True
136430,161923,SIDE_STORY,True,True
136430,165056,SIDE_STORY,True,True
137308,123474,PREQUEL,True,True
137310,1313,PARENT,True,True
137310,108260,PREQUEL,True,True
137310,204482,SEQUEL,False,False
137612,129759,PREQUEL,True,True
137612,166977,SIDE_STORY,True,True
137612,186716,SEQUEL,True,True
189068,189069,SEQUEL,True,True
189068,204949,SEQUEL,True,True
193414,163571,PARENT,True,True
200647,4459,PARENT,False,False
204617,204616,PREQUEL,True,True
204617,204618,SEQUEL,True,True
204618,204617,PREQUEL,True,True
204618,204619,SEQUEL,True,True
205873,173244,CHARACTER,True,False
205873,184761,ALTERNATIVE,True,True
207211,140642,OTHER,True,False
207211,152633,OTHER,True,False
137639,168577,OTHER,False,False
137909,160789,OTHER,False,False
138056,127399,PREQUEL,True,True
138056,160728,OTHER,False,False
138056,163943,SIDE_STORY,True,True
138056,165356,SEQUEL,True,True
139213,139212,PREQUEL,True,True
139213,150970,SEQUEL,True,True
139359,120209,PREQUEL,True,True
139435,129277,PREQUEL,True,True
139435,169584,SEQUEL,True,True
139606,167140,SIDE_STORY,True,True
139821,163079,SEQUEL,True,True
140596,120697,PREQUEL,True,True
140596,160054,SIDE_STORY,True,True
141208,141212,PREQUEL,True,True
141208,235,CHARACTER,False,False
141208,166104,SEQUEL,True,True
141208,165790,CHARACTER,True,False
141249,103223,PREQUEL,True,True
141249,163263,SEQUEL,True,True
141785,163205,SEQUEL,True,True
141911,168565,OTHER,False,False
141911,185657,SEQUEL,False,False
141911,207886,OTHER,False,False
142193,157294,SIDE_STORY,True,True
142598,166973,SIDE_STORY,True,True
142598,169322,SIDE_STORY,True,True
142684,113950,PREQUEL,True,True
142684,158991,PREQUEL,True,True
142853,120120,PREQUEL,True,True
142853,162529,OTHER,False,False
142853,163329,SEQUEL,True,True
142877,45,ALTERNATIVE,False,False
142877,169447,OTHER,False,False
142877,171637,SEQUEL,True,True
142914,118103,PREQUEL,True,True
143064,162284,SIDE_STORY,True,True
143064,162285,SIDE_STORY,True,True
143085,132473,PREQUEL,True,True
143201,17080,SEQUEL,True,True
143201,8098,PREQUEL,True,True
143201,130033,PARENT,False,False
143327,19613,PREQUEL,True,True
143327,171642,SEQUEL,True,True
143338,170019,SEQUEL,True,True
143653,160205,OTHER,False,False
143766,139806,PREQUEL,True,True
143766,16157,PARENT,True,True
144144,159886,SEQUEL,True,True
144144,160962,OTHER,False,False
144188,126186,OTHER,True,False
144553,162802,SIDE_STORY,True,True
144932,119683,PREQUEL,True,True
145000,3704,ALTERNATIVE,True,True
145000,184182,SEQUEL,True,True
145064,113415,PREQUEL,True,True
145064,172463,SEQUEL,True,True
145064,192809,ALTERNATIVE,True,True
145064,204066,SUMMARY,True,True
145139,142329,PREQUEL,True,True
145139,166240,SEQUEL,True,True
145665,167420,SEQUEL,True,True
146065,127720,PREQUEL,True,True
146065,166873,SEQUEL,True,True
146206,123802,PREQUEL,True,True
146323,163542,SEQUEL,True,True
146346,159807,SIDE_STORY,True,True
146472,21748,PREQUEL,True,True
146472,146473,SEQUEL,True,True
146473,146472,PREQUEL,True,True
146473,21748,PREQUEL,True,True
146638,111048,PREQUEL,True,True
146638,169692,SEQUEL,True,True
146646,124195,PREQUEL,True,True
146646,176509,SEQUEL,True,True
146743,126288,PREQUEL,True,True
146743,152122,OTHER,True,False
146850,197824,SEQUEL,True,True
146953,21857,PREQUEL,True,True
146954,129068,PREQUEL,True,True
146954,157287,SIDE_STORY,True,True
146975,20693,PARENT,True,True
146975,166532,SIDE_STORY,True,True
146984,131681,PREQUEL,True,True
146984,162314,SEQUEL,True,True
147103,167486,SEQUEL,True,True
147189,1470,PARENT,False,False
147189,2043,CHARACTER,False,False
147189,1412,CHARACTER,False,False
147189,101345,PREQUEL,True,True
147216,146321,PREQUEL,True,True
147216,163328,CHARACTER,False,False
147369,166059,SIDE_STORY,True,True
147369,170018,SEQUEL,True,True
147571,98491,PREQUEL,True,True
147729,109911,PREQUEL,True,True
148116,212503,SEQUEL,True,True
148149,103712,PREQUEL,True,True
148149,996,ALTERNATIVE,False,False
148149,160850,SEQUEL,True,True
148149,166110,OTHER,False,False
148370,176299,ALTERNATIVE,True,True
148370,172420,SEQUEL,True,True
148370,98514,PARENT,True,True
148862,128740,PREQUEL,True,True
148862,176292,SEQUEL,True,True
150075,21202,PARENT,True,True
150077,212812,SEQUEL,False,False
150117,166249,SEQUEL,True,True
150429,101992,PREQUEL,True,True
150429,109731,SEQUEL,True,True
150429,100178,PREQUEL,True,True
150653,99940,ALTERNATIVE,True,True
150653,101016,ALTERNATIVE,True,True
150653,195486,ALTERNATIVE,False,False
150672,164117,CHARACTER,False,False
150672,166531,SEQUEL,True,True
150957,164193,OTHER,False,False
150970,139213,PREQUEL,True,True
150970,164204,SEQUEL,True,True
150972,167647,OTHER,False,False
151040,6,ALTERNATIVE,False,False
151040,163144,SEQUEL,True,True
151384,125367,PREQUEL,True,True
151384,194884,SEQUEL,True,True
151513,21584,PARENT,True,True
151513,166381,CHARACTER,True,False
151513,178782,SUMMARY,True,True
151606,140830,PREQUEL,True,True
151801,166610,SEQUEL,True,True
151806,163339,OTHER,False,False
151896,8687,PARENT,True,True
151896,166976,SEQUEL,True,True
151970,169750,SIDE_STORY,True,True
151970,176508,SEQUEL,True,True
152122,146743,OTHER,True,False
152523,159690,SIDE_STORY,True,True
152802,201388,SEQUEL,False,False
153152,165066,OTHER,False,False
153152,166216,SEQUEL,True,True
153152,170221,SIDE_STORY,True,True
153152,182317,SUMMARY,True,True
153339,166988,SIDE_STORY,True,True
153344,103555,PREQUEL,True,True
153360,169440,SEQUEL,True,True
153452,113717,PREQUEL,True,True
153452,166457,OTHER,False,False
153687,104990,PREQUEL,True,True
153687,108307,SEQUEL,True,True
153841,107506,PREQUEL,True,True
153845,170110,SEQUEL,True,True
154116,179930,SEQUEL,True,True
154364,130713,PREQUEL,True,True
154364,161505,OTHER,True,False
154364,166452,SEQUEL,True,True
154384,176858,OTHER,False,False
154412,164197,OTHER,False,False
154412,166477,SEQUEL,True,True
154525,104159,PARENT,True,True
154587,169811,CHARACTER,False,False
154587,170068,SIDE_STORY,True,True
154587,175691,OTHER,False,False
154587,182255,SEQUEL,True,True
154587,189513,SIDE_STORY,True,True
154643,169363,SIDE_STORY,True,True
154643,169559,SEQUEL,True,True
154692,126192,PREQUEL,True,True
154745,124410,PREQUEL,True,True
154745,169526,OTHER,True,False
154745,169748,OTHER,True,False
154745,168973,CHARACTER,True,False
154745,179344,SEQUEL,True,True
154785,113970,PARENT,True,True
154785,159839,SEQUEL,True,True
154789,127536,PREQUEL,True,True
154876,117196,PREQUEL,True,True
154876,153765,SIDE_STORY,True,True
154924,2043,PARENT,False,False
154924,1412,PARENT,False,False
154966,114389,OTHER,False,False
154966,166617,SEQUEL,True,True
154967,104157,PREQUEL,True,True
154967,161474,SEQUEL,True,True
154969,162726,SIDE_STORY,True,True
154969,167742,SEQUEL,True,True
154982,132193,PREQUEL,True,True
154983,127619,PREQUEL,True,True
155015,3498,OTHER,False,False
155068,117085,PREQUEL,True,True
155068,163417,SEQUEL,True,True
155158,139274,PREQUEL,True,True
155158,165285,OTHER,False,False
155168,130592,PREQUEL,True,True
155168,154539,SIDE_STORY,True,True
155211,129196,PREQUEL,True,True
155211,170732,SEQUEL,True,True
155291,148492,PREQUEL,True,True
155389,171748,SEQUEL,True,True
155399,3785,PARENT,True,True
155399,3786,OTHER,True,False
155730,169512,SIDE_STORY,True,True
155738,148960,PREQUEL,True,True
155783,186540,ALTERNATIVE,False,False
155907,160963,CHARACTER,False,False
155907,207886,OTHER,False,False
155971,169511,SEQUEL,True,True
155982,169087,OTHER,True,False
156017,108113,PREQUEL,True,True
156039,169749,SIDE_STORY,True,True
156039,211495,SEQUEL,False,False
156040,167470,OTHER,False,False
156040,169373,SIDE_STORY,True,True
156040,195268,SEQUEL,True,True
156059,191025,ALTERNATIVE,False,False
156067,170577,SEQUEL,True,True
156632,145608,PREQUEL,True,True
156841,235,PARENT,False,False
156841,158997,PREQUEL,True,True
156896,101500,CHARACTER,True,False
156896,166523,SEQUEL,True,True
157198,162803,SEQUEL,True,True
157198,163621,OTHER,False,False
157638,130445,PARENT,True,True
157654,133891,PREQUEL,True,True
157654,166476,SEQUEL,True,True
157693,161927,CHARACTER,False,False
157693,163363,SEQUEL,True,True
157883,5684,ALTERNATIVE,True,True
157883,9893,ALTERNATIVE,True,True
157883,7645,ALTERNATIVE,True,True
157883,603,ALTERNATIVE,True,True
157883,100661,ALTERNATIVE,True,True
157883,1534,ALTERNATIVE,True,True
157883,105857,ALTERNATIVE,True,True
157883,1932,ALTERNATIVE,True,True
157883,16419,ALTERNATIVE,True,True
157883,21001,ALTERNATIVE,True,True
157883,112748,ALTERNATIVE,True,True
157883,126905,ALTERNATIVE,True,True
157883,142080,ALTERNATIVE,True,True
157883,98059,ALTERNATIVE,True,True
157883,20577,ALTERNATIVE,True,True
157883,12191,ALTERNATIVE,True,True
157883,21506,ALTERNATIVE,True,True
157883,159429,CHARACTER,True,False
157883,171030,ALTERNATIVE,True,True
157883,169403,CHARACTER,True,False
157883,185073,ALTERNATIVE,True,True
157883,188394,CHARACTER,True,False
157883,183414,CHARACTER,True,False
157883,202957,ALTERNATIVE,True,True
158595,142549,PREQUEL,True,True
158595,966,PARENT,False,False
158595,171145,SEQUEL,True,True
158640,158639,PREQUEL,True,True
158640,173647,SEQUEL,True,True
158704,168999,SIDE_STORY,True,True
158791,3147,PREQUEL,False,False
158870,112153,PREQUEL,True,True
158870,158871,OTHER,True,False
158870,169824,OTHER,False,False
158871,158870,OTHER,True,False
158871,162147,OTHER,True,False
158871,163619,OTHER,True,False
158871,167418,OTHER,False,False
158871,168092,OTHER,True,False
158871,169451,OTHER,False,False
158871,170535,OTHER,True,False
158871,170983,OTHER,False,False
158871,171346,OTHER,True,False
158871,172250,OTHER,False,False
158871,174975,OTHER,False,False
158871,175353,OTHER,False,False
158871,175867,OTHER,False,False
158871,176471,OTHER,False,False
158871,176495,OTHER,False,False
158871,177547,OTHER,False,False
158871,177688,OTHER,False,False
158871,177495,OTHER,False,False
158871,182386,OTHER,False,False
158871,185648,OTHER,True,False
158871,183487,OTHER,False,False
158871,185970,OTHER,False,False
158871,186559,OTHER,True,False
158871,201262,OTHER,False,False
158871,207414,OTHER,False,False
158871,208398,OTHER,True,False
158871,209018,OTHER,False,False
158871,212517,OTHER,False,False
158895,140660,PREQUEL,True,True
158895,177175,SEQUEL,True,True
158896,175642,ALTERNATIVE,True,True
158908,143708,OTHER,False,False
158908,133340,CHARACTER,True,False
158926,172355,SEQUEL,True,True
158927,142838,PREQUEL,True,True
158927,158928,SIDE_STORY,True,True
158927,177937,SEQUEL,True,True
158928,158927,PARENT,True,True
158928,177098,CHARACTER,True,False
158983,124668,PREQUEL,True,True
158983,135102,PARENT,True,True
158990,99424,PARENT,True,True
158990,158991,SEQUEL,True,True
158991,113950,PARENT,True,True
158991,142684,SEQUEL,True,True
158991,158990,PREQUEL,True,True
158997,156841,SEQUEL,True,True
158997,235,PARENT,False,False
159074,108463,PARENT,True,True
159074,170893,SEQUEL,True,True
159322,116674,PREQUEL,True,True
159322,169755,SEQUEL,True,True
159429,603,CHARACTER,True,False
159429,1929,CHARACTER,True,False
159429,1534,CHARACTER,True,False
159429,1932,CHARACTER,True,False
159429,3692,CHARACTER,True,False
159429,5684,CHARACTER,True,False
159429,7645,CHARACTER,True,False
159429,9893,CHARACTER,True,False
159429,12191,CHARACTER,True,False
159429,16419,CHARACTER,True,False
159429,20577,CHARACTER,True,False
159429,21001,CHARACTER,True,False
159429,21506,CHARACTER,True,False
159429,98059,CHARACTER,True,False
159429,100661,CHARACTER,True,False
159429,105857,CHARACTER,True,False
159429,112748,CHARACTER,True,False
159429,126905,CHARACTER,True,False
159429,142080,CHARACTER,True,False
159429,157883,CHARACTER,True,False
159559,356,CHARACTER,True,False
159559,293,CHARACTER,False,False
159569,127149,CHARACTER,True,False
159569,97815,CHARACTER,True,False
159569,169384,PREQUEL,True,True
159569,171029,SEQUEL,True,True
159690,152523,PARENT,True,True
159726,159727,OTHER,True,False
159726,159728,OTHER,True,False
159726,159730,OTHER,True,False
159726,159731,OTHER,True,False
159727,159726,OTHER,True,False
159727,159728,OTHER,True,False
159727,159730,OTHER,True,False
159727,159731,OTHER,True,False
159728,159726,OTHER,True,False
159728,159727,OTHER,True,False
159728,159730,OTHER,True,False
159728,159731,OTHER,True,False
159730,159728,OTHER,True,False
159730,159726,OTHER,True,False
159730,159727,OTHER,True,False
159730,159731,OTHER,True,False
159731,159728,OTHER,True,False
159731,159730,OTHER,True,False
159731,159727,OTHER,True,False
159731,159726,OTHER,True,False
159807,146346,PARENT,True,True
159839,154785,PREQUEL,True,True
159839,172242,SEQUEL,True,True
159886,144144,PREQUEL,True,True
159886,170546,OTHER,False,False
159926,144677,PREQUEL,True,True
160054,140596,PARENT,True,True
160088,148042,PREQUEL,True,True
160088,168962,SIDE_STORY,True,True
160088,175137,SEQUEL,True,True
160089,155496,PREQUEL,True,True
160089,139369,PARENT,True,True
160173,133510,PREQUEL,True,True
160447,170661,SIDE_STORY,True,True
160447,168973,CHARACTER,True,False
160515,170507,SIDE_STORY,False,False
160515,183797,SIDE_STORY,False,False
160829,21512,PARENT,True,True
160831,168962,OTHER,True,False
160831,169442,OTHER,True,False
160850,148149,PREQUEL,True,True
160850,996,ALTERNATIVE,False,False
160850,166110,OTHER,False,False
161440,128890,PARENT,True,True
161440,170087,ALTERNATIVE,True,True
161441,21464,PREQUEL,True,True
161474,154967,PREQUEL,True,True
161474,171046,SEQUEL,True,True
161505,154364,OTHER,True,False
161632,2489,CHARACTER,True,False
161632,183471,SEQUEL,True,True
161632,186043,CHARACTER,True,False
161645,170508,SIDE_STORY,True,True
161645,176301,SEQUEL,True,True
161647,131005,PARENT,True,True
161802,101280,PREQUEL,True,True
161802,108511,SEQUEL,True,True
161923,136430,PARENT,True,True
161964,130298,PREQUEL,True,True
161964,169929,SIDE_STORY,True,True
161964,171952,SEQUEL,False,False
162147,158871,PARENT,True,True
162147,175035,SEQUEL,True,True
162284,143064,PARENT,True,True
162284,162285,SIDE_STORY,True,True
162285,162284,SIDE_STORY,True,True
162285,143064,PARENT,True,True
162291,141352,PREQUEL,True,True
162312,122248,SIDE_STORY,True,True
162312,175869,SEQUEL,True,True
162314,146984,PREQUEL,True,True
162670,131518,PREQUEL,True,True
162670,172019,SEQUEL,True,True
162694,172258,SEQUEL,True,True
162716,147885,PARENT,True,True
162717,176635,SEQUEL,True,True
162720,3692,PREQUEL,True,True
162720,1534,PREQUEL,True,True
162720,1929,CHARACTER,True,False
162802,144553,PARENT,True,True
162803,157198,PREQUEL,True,True
162893,140099,CHARACTER,True,False
162893,166974,OTHER,False,False
162984,172199,SEQUEL,True,True
162993,146438,PREQUEL,True,True
163024,100745,PREQUEL,True,True
163024,2117,ALTERNATIVE,False,False
163079,139821,PREQUEL,True,True
163132,124080,PARENT,True,True
163136,140085,PREQUEL,True,True
163136,172187,SEQUEL,True,True
163140,113652,PREQUEL,True,True
163140,187305,SIDE_STORY,True,True
163140,185797,CHARACTER,False,False
163142,172192,SEQUEL,True,True
163143,138899,PREQUEL,True,True
163143,117756,ALTERNATIVE,True,True
163204,19319,OTHER,True,False
163204,101036,OTHER,True,False
163205,141785,PREQUEL,True,True
163256,153412,PREQUEL,True,True
163256,175473,SEQUEL,True,True
163263,141249,PREQUEL,True,True
163327,109261,PREQUEL,True,True
163327,131520,SEQUEL,True,True
163329,142853,PREQUEL,True,True
163329,178083,SEQUEL,True,True
163363,157693,PREQUEL,True,True
163364,3909,ALTERNATIVE,False,False
163417,155068,PREQUEL,True,True
163542,146323,PREQUEL,True,True
163544,115877,PARENT,False,False
163571,157650,CHARACTER,False,False
163571,117765,PREQUEL,True,True
163571,169295,SEQUEL,True,True
163571,173174,SUMMARY,True,True
163571,182241,SUMMARY,True,True
163571,182920,CHARACTER,True,False
163571,186715,CHARACTER,False,False
163571,192977,CHARACTER,False,False
163571,193414,SIDE_STORY,True,True
163571,187166,CHARACTER,True,False
163619,158871,PARENT,True,True
163943,138106,PREQUEL,True,True
163943,138056,PARENT,True,True
164241,21512,PARENT,True,True
164293,207886,OTHER,False,False
164297,164298,OTHER,True,False
164298,164297,PARENT,True,True
164441,154672,PREQUEL,True,True
164538,124896,PREQUEL,True,True
164538,127550,PARENT,True,True
164538,166369,SIDE_STORY,True,True
164551,124641,PARENT,True,True
165056,136430,PARENT,True,True
165159,288,OTHER,True,False
165356,138056,PREQUEL,True,True
165356,187921,SEQUEL,True,True
165426,169442,SIDE_STORY,True,True
165426,173534,SIDE_STORY,True,True
165426,177518,SEQUEL,True,True
165426,211271,SIDE_STORY,True,True
165444,148112,PREQUEL,True,True
165647,165645,PREQUEL,True,True
165647,171130,SEQUEL,True,True
165749,1133,OTHER,True,False
165749,21429,PREQUEL,True,True
165749,114442,SEQUEL,True,True
166050,104979,PREQUEL,True,True
166050,196840,SEQUEL,True,True
166059,147369,PARENT,True,True
166060,235,PARENT,False,False
166062,130253,PREQUEL,True,True
166062,288,OTHER,True,False
166104,141208,PREQUEL,True,True
166104,206595,CHARACTER,False,False
166369,164538,PARENT,True,True
166381,151513,CHARACTER,True,False
166381,101280,CHARACTER,True,False
166452,154364,PREQUEL,True,True
166523,156896,PREQUEL,True,True
166532,146975,PARENT,True,True
166829,142826,PREQUEL,True,True
166829,170953,SEQUEL,True,True
166896,170496,SIDE_STORY,True,True
166973,142598,PARENT,True,True
166977,137612,PARENT,True,True
166988,153339,PARENT,True,True
166996,151018,PREQUEL,True,True
166996,177376,SEQUEL,True,True
167820,170114,OTHER,False,False
167990,136946,PREQUEL,True,True
167990,141182,PARENT,True,True
167990,184143,SEQUEL,False,False
168001,189736,SEQUEL,True,True
168092,158871,PARENT,True,True
168555,177160,SEQUEL,True,True
168962,160088,PARENT,True,True
168962,160831,PARENT,True,True
168973,169748,PARENT,True,True
168973,154745,CHARACTER,True,False
168973,160447,CHARACTER,True,False
168992,169685,ALTERNATIVE,True,True
168992,20947,OTHER,True,False
168999,158704,PARENT,True,True
169000,9969,PARENT,True,True
169087,155982,PARENT,True,True
169227,21261,PARENT,True,True
169296,125931,PREQUEL,True,True
169296,170511,CHARACTER,True,False
169296,188522,SEQUEL,True,True
169319,19825,PARENT,True,True
169319,5082,PARENT,True,True
169322,142598,PARENT,True,True
169362,116673,SEQUEL,True,True
169363,154643,PARENT,True,True
169363,204506,SEQUEL,True,True
169364,177148,SEQUEL,True,True
169364,147014,OTHER,False,False
169373,156040,PARENT,True,True
169375,170013,PREQUEL,True,True
169375,194706,SEQUEL,True,True
169402,139630,PARENT,True,True
169402,117193,PARENT,True,True
169442,165426,PARENT,True,True
169442,160831,PARENT,True,True
169511,155971,PREQUEL,True,True
169511,171689,SEQUEL,True,True
169512,155730,PARENT,True,True
169516,157287,PREQUEL,True,True
169526,154745,PARENT,True,True
169526,123464,PREQUEL,True,True
169526,169748,PARENT,True,True
169748,154385,PREQUEL,True,True
169748,169526,SIDE_STORY,True,True
169748,154745,PARENT,True,True
169748,168973,SIDE_STORY,True,True
169749,156039,PARENT,True,True
169750,151970,PARENT,True,True
169826,146885,PREQUEL,True,True
169910,141879,PARENT,False,False
169929,156001,PREQUEL,True,True
169929,161964,PARENT,True,True
169929,170620,OTHER,True,False
169966,5848,CHARACTER,True,False
170041,172852,SEQUEL,True,True
170068,154587,PARENT,True,True
170068,189513,SEQUEL,True,True
170087,161440,ALTERNATIVE,True,True
170087,128890,PARENT,True,True
170220,168559,PREQUEL,True,True
170220,182157,SEQUEL,True,True
170221,153152,PARENT,True,True
170496,166896,PARENT,True,True
170497,118123,PARENT,True,True
170505,139675,CHARACTER,True,False
170505,155171,CHARACTER,False,False
170505,155179,CHARACTER,False,False
170505,169751,CHARACTER,False,False
170505,179878,CHARACTER,True,False
170505,190619,CHARACTER,False,False
170508,161645,PARENT,True,True
170508,186148,SEQUEL,True,True
170511,169296,CHARACTER,True,False
170535,158871,PARENT,True,True
170620,151898,OTHER,True,False
170620,169929,OTHER,True,False
170660,170659,PREQUEL,True,True
170661,160447,PARENT,True,True
171029,159569,PREQUEL,True,True
171029,179991,SEQUEL,True,True
171130,165647,PREQUEL,True,True
171130,193831,SEQUEL,False,False
171346,158871,PARENT,True,True
171346,176471,OTHER,False,False
171601,2903,PARENT,False,False
173244,184761,CHARACTER,True,False
173244,205873,CHARACTER,True,False
175152,1960,PARENT,False,False
176881,184757,OTHER,True,False
176881,184758,OTHER,False,False
176881,191981,OTHER,True,False
177098,158928,CHARACTER,True,False
177166,2156,ALTERNATIVE,True,True
177166,108852,ALTERNATIVE,True,True
177465,5583,CHARACTER,True,False
179760,193613,SEQUEL,True,True
179871,179870,PREQUEL,True,True
179871,179872,SEQUEL,True,True
179872,179871,PREQUEL,True,True
179872,185644,SEQUEL,True,True
179873,21288,PARENT,True,True
179873,202422,SEQUEL,True,True
183472,183473,SEQUEL,True,True
183475,183474,PREQUEL,True,True
183885,145739,PREQUEL,True,True
184757,184758,OTHER,False,False
184757,176881,OTHER,True,False
184757,191981,OTHER,True,False
184761,173244,CHARACTER,True,False
184761,205873,ALTERNATIVE,True,True
185463,134120,PARENT,True,True
185642,156061,PREQUEL,True,True
185642,185669,SEQUEL,True,True
186198,100790,PARENT,True,True
187051,8644,PARENT,True,True
191981,184757,OTHER,True,False
191981,184758,OTHER,False,False
191981,176881,OTHER,True,False
107372,108987,OTHER,True,False
107372,108992,OTHER,True,False
109731,150429,PREQUEL,True,True
109731,177008,SIDE_STORY,True,True
109731,188035,SUMMARY,True,True
109731,194116,SUMMARY,True,True
126830,1575,PARENT,True,True
126830,97880,PREQUEL,True,True
130590,130588,PREQUEL,True,True
133845,133844,PREQUEL,True,True
134761,94,PREQUEL,True,True
134761,1241,PREQUEL,True,True
134761,183692,PREQUEL,False,False
136804,102976,PREQUEL,True,True
136804,181244,SIDE_STORY,True,True
136804,187924,SEQUEL,False,False
136880,114194,PREQUEL,True,True
136880,187267,SEQUEL,True,True
137908,179981,SEQUEL,False,False
138522,119806,PREQUEL,True,True
138522,176432,SEQUEL,True,True
139095,99749,PREQUEL,True,True
139518,125206,PREQUEL,True,True
139518,178467,SEQUEL,False,False
139825,112667,PREQUEL,True,True
141182,126546,PREQUEL,True,True
141182,167990,SIDE_STORY,True,True
141182,184143,SIDE_STORY,False,False
141821,176276,SEQUEL,True,True
143271,112300,PREQUEL,True,True
143271,178707,SEQUEL,True,True
143866,112443,PREQUEL,True,True
144770,143289,PREQUEL,True,True
144779,112019,PREQUEL,True,True
145728,2966,ALTERNATIVE,True,True
145728,181951,SEQUEL,False,False
146066,145545,PREQUEL,True,True
146066,180745,SEQUEL,True,True
146609,176218,SEQUEL,True,True
146609,177697,ALTERNATIVE,True,True
147642,185543,SEQUEL,False,False
147850,119675,PREQUEL,True,True
148080,177683,OTHER,False,False
148080,177878,CHARACTER,False,False
150085,21742,OTHER,True,False
150085,21741,OTHER,True,False
150085,177680,PREQUEL,True,True
150103,137537,SIDE_STORY,True,True
150103,122536,SIDE_STORY,True,True
150103,143287,OTHER,False,False
151117,2246,OTHER,True,False
151117,179852,SEQUEL,True,True
151380,116605,PREQUEL,True,True
151380,190244,SEQUEL,False,False
151514,206054,OTHER,False,False
151514,206056,OTHER,False,False
151639,194453,SEQUEL,False,False
151807,176496,SEQUEL,True,True
151807,184694,SUMMARY,True,True
152302,188005,OTHER,False,False
152682,176314,SEQUEL,False,False
153288,178754,SEQUEL,True,True
153288,179998,SUMMARY,True,True
153288,179999,SIDE_STORY,True,True
153288,186300,SIDE_STORY,True,True
153406,115230,PREQUEL,True,True
204544,103376,OTHER,False,False
204544,204545,SEQUEL,True,True
204545,204544,PREQUEL,True,True
204545,204547,SEQUEL,True,True
204547,204545,PREQUEL,True,True
204619,204618,PREQUEL,True,True
204619,204620,SEQUEL,True,True
208831,10801,PARENT,True,True
153518,111516,OTHER,False,False
153518,158627,OTHER,True,False
153518,178031,SEQUEL,False,False
153658,113538,PREQUEL,True,True
153658,174871,SEQUEL,False,False
154195,1985,ALTERNATIVE,False,False
154473,112323,PREQUEL,True,True
154673,101915,ALTERNATIVE,True,True
154673,185682,CHARACTER,False,False
154963,120757,OTHER,False,False
154963,185481,OTHER,False,False
155227,140350,PREQUEL,True,True
155227,190840,SEQUEL,True,True
155502,140642,PREQUEL,True,True
155502,183383,SIDE_STORY,True,True
155502,204496,OTHER,True,False
155645,143277,PREQUEL,True,True
155657,177405,SIDE_STORY,False,False
155890,1589,ALTERNATIVE,True,True
155908,104459,PREQUEL,True,True
155908,177007,SIDE_STORY,True,True
155908,184072,SEQUEL,False,False
156131,126213,PREQUEL,True,True
156415,178090,SEQUEL,True,True
156822,116742,PREQUEL,True,True
156822,182205,SEQUEL,True,True
156822,182206,SEQUEL,True,True
156891,203855,SEQUEL,False,False
157371,181078,SEQUEL,True,True
158166,186496,CHARACTER,False,False
158417,178781,SEQUEL,True,True
158559,185515,SEQUEL,False,False
158709,178550,SEQUEL,True,True
158898,176909,SIDE_STORY,True,True
158898,182578,SEQUEL,True,True
158931,21861,PREQUEL,True,True
158931,176311,SEQUEL,True,True
158988,1254,ALTERNATIVE,False,False
158988,151659,PREQUEL,True,True
158988,10687,ALTERNATIVE,True,True
160090,177672,OTHER,False,False
160389,176298,SEQUEL,True,True
160589,152636,CHARACTER,True,False
160589,157653,CHARACTER,True,False
160589,138416,CHARACTER,False,False
161476,176234,SEQUEL,True,True
162144,177061,OTHER,True,False
162144,177125,OTHER,True,False
162780,182544,SEQUEL,False,False
162796,3281,PREQUEL,False,False
162796,181886,SEQUEL,True,True
162804,181641,SEQUEL,False,False
162842,125869,PREQUEL,True,True
162889,137075,CHARACTER,True,False
162889,10278,ALTERNATIVE,True,True
162889,175533,SEQUEL,True,True
162896,179719,OTHER,False,False
162896,182616,SEQUEL,True,True
162987,111734,PREQUEL,True,True
162987,175199,SEQUEL,True,True
162987,207594,SIDE_STORY,True,True
163133,182158,SEQUEL,True,True
163134,119661,PREQUEL,True,True
163134,182417,SPIN_OFF,True,True
163134,189046,SEQUEL,True,True
163139,139630,PREQUEL,True,True
163139,168013,SIDE_STORY,True,True
163139,182896,SEQUEL,True,True
163146,137822,PREQUEL,True,True
163146,199404,SEQUEL,False,False
163147,137822,PARENT,True,True
163147,176317,OTHER,True,False
163151,135778,PREQUEL,True,True
163151,176369,SEQUEL,True,True
163270,177048,OTHER,False,False
163270,178680,SEQUEL,True,True
164204,150970,PREQUEL,True,True
164204,165681,SEQUEL,True,True
164204,172967,CHARACTER,False,False
164204,177388,OTHER,False,False
164204,207082,CHARACTER,False,False
164212,175688,OTHER,False,False
164212,184814,OTHER,False,False
164212,186714,SUMMARY,True,True
164212,199152,OTHER,False,False
164212,199154,SUMMARY,True,True
164440,178729,SEQUEL,True,True
164702,178434,SEQUEL,True,True
165253,130003,PARENT,True,True
165253,171099,SEQUEL,True,True
165314,139044,CHARACTER,False,False
165681,164204,PREQUEL,True,True
165681,182920,SEQUEL,True,True
165790,141208,CHARACTER,True,False
165810,140187,PREQUEL,True,True
165810,199068,SEQUEL,True,True
166093,21355,CHARACTER,True,False
166216,153152,PREQUEL,True,True
166216,182317,SUMMARY,True,True
166216,209247,SEQUEL,False,False
166240,145139,PREQUEL,True,True
166240,178788,SEQUEL,True,True
166476,157654,PREQUEL,True,True
166476,183384,SEQUEL,True,True
166477,154412,PREQUEL,True,True
166522,176370,SEQUEL,True,True
166531,150672,PREQUEL,True,True
166531,182587,SEQUEL,True,True
166610,151801,PREQUEL,True,True
166610,177704,SEQUEL,False,False
166611,97983,PREQUEL,True,True
166611,184762,SIDE_STORY,True,True
166703,80,PARENT,False,False
166710,100248,CHARACTER,True,False
166710,180817,CHARACTER,False,False
166715,21425,PREQUEL,True,True
166715,179054,SEQUEL,True,True
166794,174417,SIDE_STORY,True,True
166828,177406,OTHER,False,False
166873,146065,PREQUEL,True,True
166873,178789,SEQUEL,True,True
166910,210199,SEQUEL,False,False
166976,8687,PARENT,True,True
166976,151896,PREQUEL,True,True
167087,176470,SUMMARY,True,True
167140,139606,PARENT,True,True
167141,100183,PREQUEL,True,True
167404,21,SEQUEL,False,False
167420,145665,PREQUEL,True,True
167486,147103,PREQUEL,True,True
167486,169441,SEQUEL,True,True
167927,124703,ALTERNATIVE,True,True
167927,184141,SEQUEL,False,False
167984,10495,PARENT,True,True
167984,174383,SEQUEL,True,True
168013,163139,PARENT,True,True
168013,194403,SIDE_STORY,True,True
168194,176660,SEQUEL,True,True
168374,177062,OTHER,True,False
168500,104252,PREQUEL,True,True
168809,168808,OTHER,True,False
168809,168810,OTHER,True,False
168872,9656,PREQUEL,True,True
168998,878,PREQUEL,True,True
169258,189258,SEQUEL,True,True
169291,176283,SEQUEL,True,True
169403,171030,PARENT,True,True
169403,157883,CHARACTER,True,False
169403,21506,CHARACTER,True,False
169417,199217,SEQUEL,False,False
169559,154643,PREQUEL,True,True
169559,204506,SPIN_OFF,True,True
169584,139435,PREQUEL,True,True
169692,146638,PREQUEL,True,True
169754,235,PARENT,False,False
169754,184369,PREQUEL,True,True
169755,159322,PREQUEL,True,True
169755,182561,OTHER,False,False
169755,185874,SEQUEL,True,True
169755,196193,PARENT,False,False
169766,20950,PARENT,True,True
169778,118131,ALTERNATIVE,False,False
169778,171608,SPIN_OFF,True,True
169930,12529,ALTERNATIVE,False,False
170083,813,PREQUEL,False,False
170083,21175,SEQUEL,True,True
170083,20635,PREQUEL,True,True
170083,14837,SEQUEL,True,True
170468,183391,OTHER,False,False
170695,196222,SEQUEL,False,False
170732,155211,PREQUEL,True,True
170732,207385,SEQUEL,False,False
170890,177009,OTHER,False,False
170891,207886,OTHER,False,False
170893,159074,PREQUEL,True,True
170935,110349,PREQUEL,True,True
170942,184816,OTHER,False,False
170942,189123,SEQUEL,True,True
170953,166829,PREQUEL,True,True
170953,177922,SEQUEL,True,True
170998,185699,SEQUEL,False,False
171018,185586,CHARACTER,False,False
171018,185660,SEQUEL,True,True
171025,185692,SEQUEL,True,True
171026,141774,PARENT,True,True
171026,207886,OTHER,False,False
171030,603,ALTERNATIVE,True,True
171030,1534,ALTERNATIVE,True,True
171030,1932,ALTERNATIVE,True,True
171030,5684,ALTERNATIVE,True,True
171030,7645,ALTERNATIVE,True,True
171030,9893,ALTERNATIVE,True,True
171030,12191,ALTERNATIVE,True,True
171030,16419,ALTERNATIVE,True,True
171030,20577,ALTERNATIVE,True,True
171030,21001,ALTERNATIVE,True,True
171030,21506,ALTERNATIVE,True,True
171030,98059,ALTERNATIVE,True,True
171030,100661,ALTERNATIVE,True,True
171030,105857,ALTERNATIVE,True,True
171030,112748,ALTERNATIVE,True,True
171030,126905,ALTERNATIVE,True,True
171030,142080,ALTERNATIVE,True,True
171030,157883,ALTERNATIVE,True,True
171030,169403,SIDE_STORY,True,True
171030,966,CHARACTER,False,False
171030,185073,ALTERNATIVE,True,True
171030,188394,CHARACTER,True,False
171030,183414,CHARACTER,True,False
171030,202957,ALTERNATIVE,True,True
171080,3362,CHARACTER,True,False
171080,184470,SEQUEL,True,True
171080,10257,ALTERNATIVE,True,True
171080,17249,ALTERNATIVE,True,True
171080,20742,ALTERNATIVE,True,True
171080,101097,ALTERNATIVE,True,True
171080,136119,ALTERNATIVE,True,True
171099,165253,PREQUEL,True,True
171099,130003,PARENT,True,True
171099,186712,SEQUEL,False,False
171109,206877,CHARACTER,False,False
171115,184560,SEQUEL,True,True
171145,158595,PREQUEL,True,True
171145,966,PARENT,False,False
171145,185537,SEQUEL,True,True
171400,185755,SEQUEL,True,True
171457,189796,SEQUEL,False,False
171608,169778,PARENT,True,True
171637,142877,PREQUEL,True,True
171637,188665,SEQUEL,False,False
171642,143327,PREQUEL,True,True
171642,185753,SEQUEL,True,True
171689,169511,PREQUEL,True,True
171689,185716,SEQUEL,True,True
171748,155389,PREQUEL,True,True
172016,100790,PARENT,True,True
172187,163136,PREQUEL,True,True
172199,162984,PREQUEL,True,True
172242,159839,PREQUEL,True,True
172242,178396,SEQUEL,True,True
172355,158926,PREQUEL,True,True
172395,100620,OTHER,True,False
172395,128737,OTHER,True,False
172420,98514,PARENT,True,True
172420,148370,PREQUEL,True,True
172420,176299,PREQUEL,True,True
172852,170041,PREQUEL,True,True
172852,181867,SEQUEL,True,True
172964,143455,PREQUEL,True,True
172965,1960,PARENT,False,False
172966,112258,PREQUEL,True,True
172966,198926,SEQUEL,True,True
172976,18941,PARENT,True,True
173174,163571,PARENT,True,True
173174,182241,SEQUEL,True,True
173216,185718,SEQUEL,True,True
173249,178395,SEQUEL,True,True
173295,181182,SEQUEL,True,True
173313,3006,OTHER,True,False
173313,203146,ADAPTATION,True,False
173388,179126,SIDE_STORY,True,True
173388,179212,OTHER,True,False
173533,100815,PREQUEL,True,True
173533,180332,SIDE_STORY,True,True
173533,183478,CHARACTER,False,False
173533,195448,SEQUEL,False,False
173534,165426,PARENT,True,True
173639,21512,PARENT,True,True
173647,158640,PREQUEL,True,True
173884,185260,SEQUEL,False,False
173884,150188,PREQUEL,True,True
174044,207886,OTHER,False,False
174070,134222,OTHER,True,False
174184,123383,OTHER,True,False
174383,167984,PREQUEL,True,True
174417,166794,PARENT,True,True
174439,481,OTHER,True,False
174439,186151,ALTERNATIVE,True,True
174576,182300,SEQUEL,True,True
174749,138459,CHARACTER,True,False
174749,123434,CHARACTER,True,False
174749,130473,CHARACTER,True,False
174912,5618,PARENT,False,False
175019,185801,SEQUEL,True,True
175033,175351,CHARACTER,False,False
175120,99478,PREQUEL,True,True
175137,160088,PREQUEL,True,True
175138,1199,PARENT,False,False
175199,162987,PREQUEL,True,True
175473,163256,PREQUEL,True,True
175473,187507,SEQUEL,True,True
175533,162889,PREQUEL,True,True
175533,185612,SIDE_STORY,True,True
175573,15417,PARENT,True,True
175642,158896,ALTERNATIVE,True,True
175868,184280,SEQUEL,True,True
175868,207886,OTHER,False,False
175869,162312,PREQUEL,True,True
175869,193883,SEQUEL,True,True
175977,187626,OTHER,False,False
176218,146609,PREQUEL,True,True
176218,177697,ALTERNATIVE,True,True
176275,103870,ALTERNATIVE,True,True
176275,98107,CHARACTER,True,False
176275,132679,CHARACTER,True,False
176275,136119,CHARACTER,True,False
176275,184756,SEQUEL,True,True
176283,169291,PREQUEL,True,True
176287,100891,CHARACTER,True,False
176287,124195,CHARACTER,True,False
176292,148862,PREQUEL,True,True
176299,148370,ALTERNATIVE,True,True
176299,172420,SEQUEL,True,True
176300,350,PARENT,False,False
176311,158931,PREQUEL,True,True
176311,185880,SEQUEL,True,True
176317,163147,OTHER,True,False
176319,121593,CHARACTER,False,False
176319,127908,CHARACTER,False,False
176319,193623,CHARACTER,True,False
176369,163151,PREQUEL,True,True
176470,167087,PARENT,True,True
176489,117761,PREQUEL,True,True
176508,151970,PREQUEL,True,True
176508,189323,SEQUEL,False,False
176577,181835,SEQUEL,True,True
176635,162717,PREQUEL,True,True
176635,185793,SIDE_STORY,True,True
176635,189602,SEQUEL,True,True
176660,168194,PREQUEL,True,True
176663,132420,PARENT,True,True
176909,158898,PARENT,True,True
177007,155908,PARENT,True,True
177008,109731,PARENT,True,True
177061,162144,PARENT,True,True
177062,168374,PARENT,True,True
177125,162144,PARENT,True,True
177148,169364,PREQUEL,True,True
177160,168555,PREQUEL,True,True
177191,131520,PREQUEL,True,True
177191,211709,SEQUEL,False,False
177231,177230,PREQUEL,True,True
177376,166996,PREQUEL,True,True
177456,120755,PARENT,True,True
177603,193295,SIDE_STORY,True,True
177680,150085,SEQUEL,True,True
177697,146609,ALTERNATIVE,True,True
177697,176218,ALTERNATIVE,True,True
177879,185462,SEQUEL,True,True
177922,170953,PREQUEL,True,True
177922,185088,SEQUEL,True,True
178084,178083,PARENT,True,True
178125,122148,PARENT,True,True
178125,135939,PARENT,True,True
178395,173249,PREQUEL,True,True
178395,206950,SEQUEL,True,True
178396,172242,PREQUEL,True,True
178421,184998,SEQUEL,True,True
178434,164702,PREQUEL,True,True
178434,185756,SEQUEL,True,True
178436,15417,PARENT,True,True
178533,149939,ALTERNATIVE,False,False
178533,210,ALTERNATIVE,False,False
178533,183390,OTHER,False,False
178533,185731,SEQUEL,True,True
178729,164440,PREQUEL,True,True
178774,131912,PREQUEL,True,True
178782,151513,PARENT,True,True
179126,173388,PARENT,True,True
179212,173388,PARENT,True,True
179212,189834,SEQUEL,True,True
179292,155526,PREQUEL,True,True
179292,188653,SEQUEL,True,True
179408,188548,SEQUEL,True,True
179991,171029,PREQUEL,True,True
179991,197094,SEQUEL,True,True
180332,173533,PARENT,True,True
180599,21704,PREQUEL,True,True
180804,5231,ALTERNATIVE,True,True
180804,180806,OTHER,True,False
180806,180804,OTHER,True,False
180923,182877,SEQUEL,True,True
181835,176577,PREQUEL,True,True
181835,185715,SEQUEL,True,True
181970,9260,PARENT,True,True
181970,21399,PARENT,True,True
181970,21400,PARENT,True,True
182094,185281,SEQUEL,True,True
182157,170220,PREQUEL,True,True
182157,198921,SEQUEL,True,True
182241,173174,PREQUEL,True,True
182241,163571,PARENT,True,True
182417,128306,PREQUEL,True,True
182417,163134,PARENT,True,True
182417,210687,SEQUEL,True,True
182434,150909,PREQUEL,True,True
182469,21,PARENT,False,False
182469,183423,SEQUEL,True,True
183162,144853,PREQUEL,True,True
183383,152633,PREQUEL,True,True
183383,155502,PARENT,True,True
183383,204496,SEQUEL,True,True
183423,21,PARENT,False,False
183423,182469,PREQUEL,True,True
183471,161632,PREQUEL,True,True
183473,183472,PREQUEL,True,True
183651,80,PARENT,False,False
184288,172439,CHARACTER,True,False
184369,169754,SEQUEL,True,True
184369,235,PARENT,False,False
184373,185888,OTHER,False,False
184373,185889,OTHER,False,False
184373,185890,OTHER,False,False
184560,171115,PREQUEL,True,True
184694,176496,SEQUEL,True,True
184694,151807,PARENT,True,True
184998,178421,PREQUEL,True,True
185281,182094,PREQUEL,True,True
185538,3550,PARENT,False,False
185538,199931,SEQUEL,True,True
185541,117096,PREQUEL,True,True
185644,179872,PREQUEL,True,True
185644,185645,SEQUEL,True,True
185669,185642,PREQUEL,True,True
185793,176635,PARENT,True,True
188548,179408,PREQUEL,True,True
188548,198413,SEQUEL,True,True
189736,188661,SEQUEL,True,True
189736,168001,PREQUEL,True,True
136381,124153,PARENT,True,True
140291,202282,SEQUEL,False,False
140337,110733,PREQUEL,True,True
143200,195230,ALTERNATIVE,True,True
143200,206609,ALTERNATIVE,True,True
143200,206610,ALTERNATIVE,True,True
143200,206611,ALTERNATIVE,True,True
143337,112608,PREQUEL,True,True
145740,120892,PREQUEL,True,True
149118,114236,PREQUEL,True,True
149118,179062,SEQUEL,True,True
151799,8795,PREQUEL,True,True
153800,97668,PREQUEL,True,True
153800,204747,SEQUEL,False,False
154392,338,PARENT,False,False
154768,132405,PREQUEL,True,True
156395,196063,OTHER,True,False
158287,158567,CHARACTER,False,False
158287,113470,CHARACTER,True,False
159483,115069,CHARACTER,True,False
162669,138565,PREQUEL,True,True
162682,140765,PREQUEL,True,True
162722,21506,PREQUEL,True,True
162890,918,PARENT,True,True
162921,21115,PREQUEL,True,True
165171,189275,SEQUEL,True,True
166249,150117,PREQUEL,True,True
189834,179212,PREQUEL,True,True
193295,177603,PARENT,True,True
199478,119402,PARENT,True,True
202422,179873,PREQUEL,True,True
204506,169559,PARENT,True,True
204506,169363,PREQUEL,True,True
204620,204619,PREQUEL,True,True
204620,204621,SEQUEL,True,True
207031,186084,OTHER,False,False
207594,162987,PARENT,True,True
167142,189892,OTHER,True,False
167742,154969,PREQUEL,True,True
168810,168809,OTHER,True,False
169295,163571,PREQUEL,True,True
169295,189121,SEQUEL,False,False
169295,192650,CHARACTER,False,False
169295,197543,OTHER,True,False
169440,153360,PREQUEL,True,True
169440,198939,SEQUEL,True,True
169441,167486,PREQUEL,True,True
169441,190054,OTHER,False,False
170018,147369,PREQUEL,True,True
170577,156067,PREQUEL,True,True
170892,108463,PREQUEL,True,True
170892,189326,SEQUEL,True,True
171046,161474,PREQUEL,True,True
171046,199340,SEQUEL,True,True
171627,127230,PREQUEL,True,True
171627,204429,SEQUEL,False,False
171627,204080,CHARACTER,False,False
172019,162670,PREQUEL,True,True
172019,189117,SEQUEL,True,True
172258,162694,PREQUEL,True,True
172258,200637,SEQUEL,True,True
172393,132055,PREQUEL,True,True
172393,12711,PARENT,True,True
172439,184288,CHARACTER,True,False
173333,3837,OTHER,False,False
173335,136128,OTHER,False,False
173523,184321,CHARACTER,False,False
173780,111322,PREQUEL,True,True
173780,199185,SEQUEL,False,False
174188,194712,SIDE_STORY,True,True
174596,140700,ALTERNATIVE,True,True
174596,189893,CHARACTER,True,False
174654,185992,SIDE_STORY,True,True
174914,205054,SEQUEL,True,True
175035,162147,PREQUEL,True,True
175035,198379,OTHER,False,False
175409,189137,SEQUEL,True,True
175872,205432,SEQUEL,False,False
175914,141391,PREQUEL,True,True
176234,161476,PREQUEL,True,True
176246,98444,CHARACTER,True,False
176298,160389,PREQUEL,True,True
176301,161645,PREQUEL,True,True
176301,186148,SIDE_STORY,True,True
176301,195516,SEQUEL,True,True
176432,138522,PREQUEL,True,True
176496,151807,PREQUEL,True,True
176496,184694,PREQUEL,True,True
177159,189160,SEQUEL,True,True
177175,158895,PREQUEL,True,True
177271,100500,PREQUEL,True,True
177474,194835,SPIN_OFF,False,False
177474,204650,SEQUEL,True,True
177476,2335,ALTERNATIVE,False,False
177476,20790,CHARACTER,True,False
177476,1369,CHARACTER,True,False
177476,180000,ALTERNATIVE,False,False
177476,199337,SEQUEL,False,False
177506,198692,SEQUEL,False,False
177518,165426,PREQUEL,True,True
177518,204269,SEQUEL,True,True
177552,188892,SEQUEL,False,False
177633,195383,SEQUEL,True,True
177689,199342,SEQUEL,False,False
177709,184237,SEQUEL,True,True
177778,100248,PREQUEL,True,True
177880,120851,PREQUEL,True,True
177937,158927,PREQUEL,True,True
178025,196224,OTHER,False,False
178025,201808,OTHER,False,False
178025,204436,SEQUEL,False,False
178046,154418,CHARACTER,False,False
178090,156415,PREQUEL,True,True
178550,158709,PREQUEL,True,True
178680,163270,PREQUEL,True,True
178754,153288,PREQUEL,True,True
178754,179998,PREQUEL,True,True
178754,204362,SEQUEL,False,False
178781,158417,PREQUEL,True,True
178788,166240,PREQUEL,True,True
178788,195200,SEQUEL,False,False
178869,198946,SEQUEL,True,True
178886,207886,OTHER,False,False
179054,166715,PREQUEL,True,True
179344,154745,PREQUEL,True,True
179344,199029,SEQUEL,True,True
179678,2012,ALTERNATIVE,False,False
179678,191967,SEQUEL,True,True
179706,143270,PARENT,True,True
179828,132052,PREQUEL,True,True
179838,101046,PREQUEL,True,True
179852,151117,PREQUEL,True,True
179852,179874,SEQUEL,True,True
179878,139675,CHARACTER,True,False
179878,170505,CHARACTER,True,False
179878,207886,OTHER,False,False
179885,196064,OTHER,True,False
179930,154116,PREQUEL,True,True
179930,204604,SEQUEL,False,False
179955,194829,SEQUEL,True,True
179979,137281,PREQUEL,True,True
179992,200374,OTHER,True,False
179998,153288,PARENT,True,True
179998,178754,SEQUEL,True,True
179998,179999,SIDE_STORY,True,True
179999,153288,PARENT,True,True
179999,179998,PARENT,True,True
179999,204431,OTHER,True,False
180082,198727,SEQUEL,False,False
180367,9863,OTHER,True,False
180367,199793,SEQUEL,False,False
180516,98514,PARENT,True,True
180516,191689,SPIN_OFF,True,True
180516,195240,SEQUEL,True,True
180523,204389,SEQUEL,False,False
180812,195210,SEQUEL,False,False
180825,209642,SUMMARY,True,True
180829,189832,OTHER,True,False
181078,157371,PREQUEL,True,True
181182,173295,PREQUEL,True,True
181182,205536,OTHER,False,False
181244,136804,PARENT,True,True
181440,20853,PREQUEL,True,True
181440,185714,PREQUEL,True,True
181839,136436,PREQUEL,True,True
181841,10165,CHARACTER,True,False
181867,172852,PREQUEL,True,True
181886,162796,PREQUEL,True,True
181886,196893,SEQUEL,False,False
182158,163133,PREQUEL,True,True
182309,100922,PREQUEL,True,True
182309,199111,SEQUEL,True,True
182333,8687,PARENT,True,True
182419,193242,OTHER,True,False
182419,4879,OTHER,True,False
182877,180923,PREQUEL,True,True
182896,163139,PREQUEL,True,True
182896,204356,SEQUEL,True,True
182920,165681,PREQUEL,True,True
182920,163571,CHARACTER,True,False
182920,191994,SEQUEL,True,True
183127,183128,OTHER,True,False
183128,183127,OTHER,True,False
183133,189891,OTHER,True,False
183133,202251,SEQUEL,False,False
183161,194317,SEQUEL,True,True
183384,166476,PREQUEL,True,True
183384,186603,SEQUEL,False,False
183412,18941,PARENT,True,True
183414,185073,PARENT,True,True
183414,157883,CHARACTER,True,False
183414,171030,CHARACTER,True,False
184034,199426,SEQUEL,True,True
184182,145000,PREQUEL,True,True
184237,177709,PREQUEL,True,True
184237,204363,SEQUEL,False,False
184470,171080,PREQUEL,True,True
184470,2489,CHARACTER,True,False
184470,203100,OTHER,True,False
184470,206523,OTHER,True,False
184591,199112,SEQUEL,True,True
184639,8950,ALTERNATIVE,True,True
184639,283,ALTERNATIVE,False,False
184639,5494,ALTERNATIVE,True,True
184642,138060,PREQUEL,True,True
184718,2043,ALTERNATIVE,False,False
184756,176275,PREQUEL,True,True
184756,10257,CHARACTER,True,False
184756,98107,CHARACTER,True,False
184756,132679,CHARACTER,True,False
184756,101097,CHARACTER,True,False
184756,136119,CHARACTER,True,False
184762,166611,PARENT,True,True
184997,137613,ALTERNATIVE,True,True
185073,603,ALTERNATIVE,True,True
185073,1534,ALTERNATIVE,True,True
185073,1932,ALTERNATIVE,True,True
185073,5684,ALTERNATIVE,True,True
185073,7645,ALTERNATIVE,True,True
185073,9893,ALTERNATIVE,True,True
185073,12191,ALTERNATIVE,True,True
185073,16419,ALTERNATIVE,True,True
185073,20577,ALTERNATIVE,True,True
185073,21001,ALTERNATIVE,True,True
185073,21506,ALTERNATIVE,True,True
185073,98059,ALTERNATIVE,True,True
185073,100661,ALTERNATIVE,True,True
185073,105857,ALTERNATIVE,True,True
185073,112748,ALTERNATIVE,True,True
185073,126905,ALTERNATIVE,True,True
185073,142080,ALTERNATIVE,True,True
185073,157883,ALTERNATIVE,True,True
185073,171030,ALTERNATIVE,True,True
185073,183414,SIDE_STORY,True,True
185073,202957,ALTERNATIVE,True,True
185084,1412,PARENT,False,False
185084,191884,PREQUEL,True,True
185084,1435,SEQUEL,False,False
185088,177922,PREQUEL,True,True
185088,194088,SEQUEL,True,True
185212,235,PARENT,False,False
185213,80,PARENT,False,False
185213,212323,CHARACTER,True,False
185259,7761,PREQUEL,True,True
185407,212539,SUMMARY,False,False
185462,177879,PREQUEL,True,True
185537,171145,PREQUEL,True,True
185537,966,PARENT,False,False
185537,208829,SEQUEL,True,True
185539,2225,PARENT,False,False
185584,198948,SIDE_STORY,False,False
185584,203141,SEQUEL,False,False
185612,175533,PARENT,True,True
185643,100790,PARENT,True,True
185645,185644,PREQUEL,True,True
185645,194832,SEQUEL,True,True
185646,145291,CHARACTER,False,False
185646,108056,CHARACTER,False,False
185648,158871,PARENT,True,True
185660,171018,PREQUEL,True,True
185660,198966,SEQUEL,False,False
185694,185716,PREQUEL,True,True
185694,204349,SEQUEL,True,True
185714,20632,PARENT,True,True
185714,20853,PARENT,True,True
185714,181440,OTHER,True,False
185715,181835,PREQUEL,True,True
185715,195173,SEQUEL,True,True
185716,171689,PREQUEL,True,True
185716,185694,SEQUEL,True,True
185718,173216,PREQUEL,True,True
185731,178533,PREQUEL,True,True
185731,149939,ALTERNATIVE,False,False
185731,209872,SEQUEL,True,True
185736,21459,PARENT,True,True
185736,191471,CHARACTER,False,False
185736,195322,SEQUEL,True,True
185755,171400,PREQUEL,True,True
185778,140660,CHARACTER,True,False
185801,175019,PREQUEL,True,True
185880,176311,PREQUEL,True,True
185898,185900,OTHER,True,False
185898,185901,OTHER,True,False
185898,185903,OTHER,True,False
185900,185903,OTHER,True,False
185900,185901,OTHER,True,False
185900,185898,OTHER,True,False
185901,185898,OTHER,True,False
185901,185900,OTHER,True,False
185901,185903,OTHER,True,False
185903,185901,OTHER,True,False
185903,185900,OTHER,True,False
185903,185898,OTHER,True,False
185939,207886,OTHER,False,False
185992,174654,PARENT,True,True
186043,4024,CHARACTER,True,False
186043,2489,CHARACTER,True,False
186043,161632,CHARACTER,True,False
186148,176301,PARENT,True,True
186148,170508,PREQUEL,True,True
186148,206349,OTHER,True,False
186151,174439,ALTERNATIVE,True,True
186181,207886,OTHER,False,False
186300,153288,PARENT,True,True
186313,2263,CHARACTER,False,False
186522,2576,PARENT,False,False
186542,1960,PARENT,False,False
186559,158871,PARENT,True,True
186621,204286,SEQUEL,False,False
186621,204732,OTHER,False,False
186714,164212,PARENT,True,True
186714,199154,SEQUEL,True,True
186716,137612,PREQUEL,True,True
186716,203127,SIDE_STORY,True,True
186716,204584,SEQUEL,False,False
186789,194087,SIDE_STORY,True,True
186829,135513,CHARACTER,True,False
186829,110336,CHARACTER,True,False
187166,87435,PARENT,True,True
187166,101632,ALTERNATIVE,True,True
187166,198376,CHARACTER,True,False
187166,163571,CHARACTER,True,False
187225,21,CHARACTER,False,False
187236,122808,PARENT,True,True
187305,163140,PARENT,True,True
187305,113652,PARENT,True,True
187305,185797,CHARACTER,False,False
187331,199812,OTHER,True,False
187380,21,PARENT,False,False
187507,187508,SEQUEL,True,True
187507,175473,PREQUEL,True,True
187514,5848,CHARACTER,True,False
187514,205874,CHARACTER,False,False
187860,966,PARENT,False,False
187921,165356,PREQUEL,True,True
187940,155345,ALTERNATIVE,False,False
188138,20877,PARENT,True,True
188239,212309,SEQUEL,True,True
188388,552,PARENT,False,False
188394,603,CHARACTER,True,False
188394,1932,CHARACTER,True,False
188394,3692,CHARACTER,True,False
188394,9893,CHARACTER,True,False
188394,21001,CHARACTER,True,False
188394,21506,CHARACTER,True,False
188394,105857,CHARACTER,True,False
188394,126905,CHARACTER,True,False
188394,157883,CHARACTER,True,False
188394,171030,CHARACTER,True,False
188394,199635,SEQUEL,True,True
188522,169296,PREQUEL,True,True
188522,188884,CHARACTER,True,False
188653,179292,PREQUEL,True,True
188661,189736,PREQUEL,True,True
188668,21,PARENT,False,False
188668,197179,SIDE_STORY,True,True
188884,188522,CHARACTER,True,False
189069,189068,PREQUEL,True,True
189069,204949,ALTERNATIVE,True,True
189117,172019,PREQUEL,True,True
189117,199221,SEQUEL,True,True
189160,177159,PREQUEL,True,True
189326,170892,PREQUEL,True,True
189513,170068,PREQUEL,True,True
189513,154587,PARENT,True,True
189513,206425,SEQUEL,True,True
189602,176635,PREQUEL,True,True
189832,180829,PARENT,True,True
189891,183133,PARENT,True,True
189892,167142,PARENT,True,True
189893,174596,CHARACTER,True,False
189893,140830,CHARACTER,True,False
190840,155227,PREQUEL,True,True
190840,204688,SEQUEL,False,False
191370,140113,SEQUEL,True,True
191403,20794,CHARACTER,True,False
191403,20742,CHARACTER,True,False
191491,191492,SEQUEL,True,True
191492,191491,PREQUEL,True,True
191689,148401,PREQUEL,True,True
191689,180516,PARENT,True,True
191884,185084,SEQUEL,True,True
191884,107313,PREQUEL,True,True
191994,182920,PREQUEL,True,True
191994,203296,SEQUEL,True,True
192474,169774,CHARACTER,False,False
192809,192810,OTHER,True,False
192809,145064,ALTERNATIVE,True,True
192809,204066,SEQUEL,True,True
192810,192809,OTHER,True,False
193242,182419,PARENT,True,True
193348,213067,OTHER,True,False
193413,87435,PARENT,True,True
193613,179760,PREQUEL,True,True
193623,176319,CHARACTER,True,False
193883,175869,PREQUEL,True,True
193883,195829,CHARACTER,False,False
194087,186789,PARENT,True,True
194088,185088,PREQUEL,True,True
194088,203939,SEQUEL,True,True
194403,168013,PARENT,True,True
194447,117074,PREQUEL,True,True
194447,20832,CHARACTER,True,False
194447,21202,CHARACTER,True,False
194447,21613,CHARACTER,True,False
194447,21355,CHARACTER,True,False
194447,99263,CHARACTER,True,False
194447,130298,CHARACTER,True,False
194447,105156,CHARACTER,True,False
194706,169375,PREQUEL,True,True
194706,194707,SEQUEL,False,False
194712,174188,PARENT,True,True
194832,185645,PREQUEL,True,True
194872,142343,PARENT,True,True
194884,151384,PREQUEL,True,True
194884,205081,SEQUEL,False,False
194889,20794,PARENT,True,True
195033,169682,ALTERNATIVE,False,False
195153,207886,OTHER,False,False
195173,185715,PREQUEL,True,True
195209,212144,SEQUEL,True,True
195230,206609,SEQUEL,True,True
195230,143200,ALTERNATIVE,True,True
195240,180516,PREQUEL,True,True
195383,177633,PREQUEL,True,True
196063,156395,PARENT,True,True
196064,179885,PARENT,True,True
196227,196229,OTHER,True,False
196227,98077,OTHER,True,False
196227,213097,SEQUEL,True,True
196229,172896,ALTERNATIVE,True,True
196229,196227,OTHER,True,False
196229,98077,OTHER,True,False
196230,21288,PARENT,True,True
197094,179991,PREQUEL,True,True
197179,188668,PARENT,True,True
198033,101775,PREQUEL,True,True
198413,188548,PREQUEL,True,True
198726,127230,PARENT,True,True
198921,182157,PREQUEL,True,True
198926,172966,PREQUEL,True,True
103303,157175,OTHER,False,False
108992,108987,OTHER,True,False
108992,107372,OTHER,True,False
113555,1288,OTHER,False,False
113555,212652,SEQUEL,True,True
113971,105595,PREQUEL,True,True
113971,187477,SEQUEL,False,False
133007,11981,PREQUEL,True,True
135865,100878,PREQUEL,True,True
147105,211301,OTHER,False,False
152677,128712,PREQUEL,True,True
157330,13391,PREQUEL,True,True
159042,139587,PREQUEL,True,True
199154,186714,PREQUEL,True,True
199154,164212,PARENT,True,True
199486,199485,PARENT,True,True
199635,188394,PREQUEL,True,True
199635,209541,SEQUEL,True,True
199812,187331,PARENT,True,True
199931,185538,PREQUEL,True,True
200374,179992,PARENT,True,True
200642,210071,ALTERNATIVE,False,False
201974,201975,PREQUEL,True,True
201974,206915,SEQUEL,True,True
201975,201974,SEQUEL,True,True
202281,2254,PARENT,False,False
203146,173313,ADAPTATION,True,False
204066,172463,SEQUEL,True,True
204066,145064,PARENT,True,True
204066,192809,PREQUEL,True,True
204496,183383,PREQUEL,True,True
204496,155502,PARENT,True,True
204621,204620,PREQUEL,True,True
204696,17485,CHARACTER,False,False
205601,5908,PARENT,False,False
206349,186148,OTHER,True,False
206609,195230,PREQUEL,True,True
206609,206610,SEQUEL,True,True
206609,143200,ALTERNATIVE,True,True
206610,206609,PREQUEL,True,True
206610,206611,SEQUEL,True,True
206610,143200,ALTERNATIVE,True,True
206611,206610,PREQUEL,True,True
206611,143200,ALTERNATIVE,True,True
206888,98577,PREQUEL,True,True
208398,158871,PARENT,True,True
211271,165426,PARENT,True,True
159309,142074,PREQUEL,True,True
160275,114745,PREQUEL,True,True
160803,21340,PREQUEL,True,True
163144,151040,PREQUEL,True,True
166521,142343,PREQUEL,True,True
166521,210073,SEQUEL,False,False
166521,196115,ALTERNATIVE,False,False
166613,128893,PREQUEL,True,True
166617,154966,PREQUEL,True,True
166617,209984,SEQUEL,False,False
167152,209963,SEQUEL,False,False
169080,114473,PREQUEL,True,True
169228,967,ALTERNATIVE,False,False
170019,143338,PREQUEL,True,True
170110,153845,PREQUEL,True,True
170110,209980,SEQUEL,False,False
171110,121176,PREQUEL,True,True
172192,163142,PREQUEL,True,True
172463,145064,PREQUEL,True,True
172463,204066,PREQUEL,True,True
172463,209895,SEQUEL,False,False
173172,105228,PREQUEL,True,True
173172,212618,SEQUEL,False,False
176276,141821,PREQUEL,True,True
176370,166522,PREQUEL,True,True
176509,146646,PREQUEL,True,True
176509,210032,SEQUEL,True,True
176636,516,PARENT,True,True
177580,209669,SEQUEL,True,True
177634,105749,PREQUEL,True,True
177699,43,ALTERNATIVE,False,False
177699,467,ALTERNATIVE,True,True
177699,17187,ALTERNATIVE,True,True
178005,210068,CHARACTER,False,False
178083,163329,PREQUEL,True,True
178083,178084,SPIN_OFF,True,True
178707,143271,PREQUEL,True,True
178707,212955,SEQUEL,False,False
178749,209032,SEQUEL,False,False
178789,166873,PREQUEL,True,True
178868,435,ALTERNATIVE,False,False
179062,149118,PREQUEL,True,True
179062,3588,OTHER,True,False
179874,179852,PREQUEL,True,True
180745,146066,PREQUEL,True,True
180746,209961,SEQUEL,True,True
182205,156822,PREQUEL,True,True
182206,156822,PREQUEL,True,True
182206,139498,OTHER,True,False
182255,154587,PREQUEL,True,True
182255,206425,SIDE_STORY,True,True
182255,209939,SEQUEL,False,False
182300,174576,PREQUEL,True,True
182317,153152,PARENT,True,True
182317,166216,PARENT,True,True
182317,209247,SEQUEL,False,False
182578,158898,PREQUEL,True,True
182587,166531,PREQUEL,True,True
182587,207324,OTHER,False,False
182587,209827,SEQUEL,False,False
182616,162896,PREQUEL,True,True
183231,99230,CHARACTER,True,False
183231,125440,CHARACTER,True,False
183231,155631,CHARACTER,False,False
183661,212563,SIDE_STORY,True,True
184280,175868,PREQUEL,True,True
184492,139092,PREQUEL,True,True
184951,186497,CHARACTER,True,False
184951,210031,SEQUEL,True,True
185262,209983,SEQUEL,True,True
185542,132474,PREQUEL,True,True
185692,171025,PREQUEL,True,True
185753,171642,PREQUEL,True,True
185753,209876,SEQUEL,False,False
185756,178434,PREQUEL,True,True
185874,169755,PREQUEL,True,True
185875,99614,PREQUEL,True,True
186497,184951,CHARACTER,True,False
186742,4654,PARENT,True,True
187264,205307,OTHER,False,False
187264,209670,SEQUEL,False,False
187267,136880,PREQUEL,True,True
187375,120755,PARENT,True,True
187508,187507,PREQUEL,True,True
187508,208367,SEQUEL,False,False
187942,209762,SEQUEL,False,False
187990,5082,ALTERNATIVE,True,True
187990,6901,ALTERNATIVE,True,True
187990,11017,ALTERNATIVE,True,True
187990,14913,ALTERNATIVE,True,True
187990,19825,ALTERNATIVE,True,True
187990,21020,ALTERNATIVE,True,True
187990,21635,ALTERNATIVE,True,True
188034,14131,PARENT,True,True
188034,209312,OTHER,True,False
188035,109731,PARENT,True,True
188035,194116,SEQUEL,True,True
189046,163134,PREQUEL,True,True
189046,210687,SPIN_OFF,True,True
189123,170942,PREQUEL,True,True
189137,175409,PREQUEL,True,True
189258,169258,PREQUEL,True,True
189275,165171,PREQUEL,True,True
189275,206298,SEQUEL,False,False
190143,210823,OTHER,False,False
190327,146722,PREQUEL,True,True
190327,210482,SEQUEL,True,True
190668,98776,PREQUEL,True,True
191788,134732,PREQUEL,True,True
191967,179678,PREQUEL,True,True
192867,208517,SEQUEL,True,True
194116,188035,PREQUEL,True,True
194116,109731,PARENT,True,True
194167,15051,ALTERNATIVE,True,True
194167,21584,ALTERNATIVE,True,True
194167,113970,ALTERNATIVE,True,True
194167,114979,ALTERNATIVE,True,True
194167,210157,OTHER,False,False
194317,183161,PREQUEL,True,True
194318,1264,ALTERNATIVE,False,False
194318,209800,SEQUEL,True,True
194829,179955,PREQUEL,True,True
195268,156040,PREQUEL,True,True
195322,185736,PREQUEL,True,True
195516,176301,PREQUEL,True,True
195516,200927,SEQUEL,False,False
195516,200929,OTHER,True,False
195833,2228,PREQUEL,False,False
196840,166050,PREQUEL,True,True
197474,918,ALTERNATIVE,True,True
197543,169295,OTHER,True,False
197824,146850,PREQUEL,True,True
198368,2667,ALTERNATIVE,False,False
198368,8687,PARENT,True,True
198369,235,PARENT,False,False
198373,20755,PARENT,True,True
198376,187166,CHARACTER,True,False
198411,187214,ALTERNATIVE,True,True
198411,198412,ALTERNATIVE,False,False
198654,202957,PARENT,True,True
198939,169440,PREQUEL,True,True
198946,178869,PREQUEL,True,True
199029,179344,PREQUEL,True,True
199068,165810,PREQUEL,True,True
199111,182309,PREQUEL,True,True
199112,184591,PREQUEL,True,True
199221,189117,PREQUEL,True,True
199340,171046,PREQUEL,True,True
199426,184034,PREQUEL,True,True
200556,714,ALTERNATIVE,False,False
200637,172258,PREQUEL,True,True
200929,195516,OTHER,True,False
201667,120150,PREQUEL,True,True
201903,206727,CHARACTER,False,False
201903,207081,CHARACTER,False,False
201903,207083,SEQUEL,False,False
202102,164675,CHARACTER,False,False
202102,169446,CHARACTER,False,False
202102,173640,CHARACTER,False,False
202386,108811,PREQUEL,True,True
202390,132420,PREQUEL,True,True
202419,101042,OTHER,True,False
202717,140842,PARENT,True,True
202957,603,ALTERNATIVE,True,True
202957,1534,ALTERNATIVE,True,True
202957,1932,ALTERNATIVE,True,True
202957,5684,ALTERNATIVE,True,True
202957,7645,ALTERNATIVE,True,True
202957,9893,ALTERNATIVE,True,True
202957,12191,ALTERNATIVE,True,True
202957,16419,ALTERNATIVE,True,True
202957,20577,ALTERNATIVE,True,True
202957,21001,ALTERNATIVE,True,True
202957,21506,ALTERNATIVE,True,True
202957,98059,ALTERNATIVE,True,True
202957,100661,ALTERNATIVE,True,True
202957,105857,ALTERNATIVE,True,True
202957,112748,ALTERNATIVE,True,True
202957,126905,ALTERNATIVE,True,True
202957,142080,ALTERNATIVE,True,True
202957,157883,ALTERNATIVE,True,True
202957,171030,ALTERNATIVE,True,True
202957,185073,ALTERNATIVE,True,True
202957,198654,SIDE_STORY,True,True
202957,212994,CHARACTER,True,False
203100,184470,PARENT,True,True
203127,186716,PARENT,True,True
203296,191994,PREQUEL,True,True
203472,125153,PREQUEL,True,True
203939,194088,PREQUEL,True,True
204269,177518,PREQUEL,True,True
204270,30,OTHER,False,False
204270,3786,OTHER,True,False
204270,208192,OTHER,False,False
204349,185694,PREQUEL,True,True
204349,204348,SEQUEL,False,False
204356,182896,PREQUEL,True,True
204356,211711,SEQUEL,False,False
204431,204362,PARENT,False,False
204431,179999,OTHER,True,False
204432,21,PARENT,False,False
204650,177474,PREQUEL,True,True
204949,189068,PREQUEL,True,True
204949,189069,ALTERNATIVE,True,True
205054,174914,PREQUEL,True,True
205289,128020,PREQUEL,True,True
205676,1520,PARENT,False,False
205772,131476,CHARACTER,False,False
206163,2582,PARENT,False,False
206425,189513,PREQUEL,True,True
206425,182255,PARENT,True,True
206523,184470,OTHER,True,False
206682,1960,PARENT,False,False
206814,14837,PARENT,True,True
206814,21175,PARENT,True,True
206814,813,PREQUEL,False,False
206814,20635,PREQUEL,True,True
206915,201974,PREQUEL,True,True
206915,206916,SEQUEL,True,True
206916,206915,PREQUEL,True,True
206950,178395,PREQUEL,True,True
207141,208105,SIDE_STORY,True,True
208105,207141,PARENT,True,True
208517,192867,PREQUEL,True,True
208754,11757,ALTERNATIVE,True,True
208829,185537,PREQUEL,True,True
208829,966,PARENT,False,False
209312,188034,OTHER,True,False
209312,14131,PARENT,True,True
209541,199635,PREQUEL,True,True
209642,180825,PARENT,True,True
209669,177580,PREQUEL,True,True
209800,194318,PREQUEL,True,True
209872,185731,PREQUEL,True,True
209961,180746,PREQUEL,True,True
209983,185262,PREQUEL,True,True
210031,184951,PREQUEL,True,True
210032,176509,PREQUEL,True,True
210482,190327,PREQUEL,True,True
210687,182417,PREQUEL,True,True
210687,189046,PARENT,True,True
212144,195209,PREQUEL,True,True
212308,206844,ALTERNATIVE,False,False
212309,188239,PREQUEL,True,True
212323,80,PARENT,False,False
212323,1917,OTHER,True,False
212323,105595,CHARACTER,True,False
212323,96,CHARACTER,False,False
212323,185213,CHARACTER,True,False
212323,95,CHARACTER,False,False
212323,10808,CHARACTER,True,False
212323,87,CHARACTER,False,False
212323,21268,CHARACTER,True,False
212323,93,CHARACTER,True,False
212323,88,CHARACTER,False,False
212323,139274,CHARACTER,True,False
212323,89,CHARACTER,False,False
212323,20658,CHARACTER,True,False
212323,6336,CHARACTER,True,False
212323,2581,CHARACTER,True,False
212323,84,CHARACTER,False,False
212323,86,CHARACTER,False,False
212323,82,CHARACTER,False,False
212323,83,CHARACTER,False,False
212323,91,CHARACTER,False,False
212323,2302,CHARACTER,False,False
212323,85,CHARACTER,False,False
212323,10937,CHARACTER,True,False
212323,21893,CHARACTER,True,False
212323,101554,CHARACTER,True,False
212503,148116,PREQUEL,True,True
212557,159454,OTHER,True,False
212563,183661,PARENT,True,True
212574,138411,ALTERNATIVE,True,True
212652,113555,PREQUEL,True,True
212652,212653,SEQUEL,False,False
212994,235,PARENT,False,False
212994,202957,CHARACTER,True,False
213066,118656,PREQUEL,True,True
213067,193348,OTHER,True,False
213097,196227,PREQUEL,True,True
