ID,path,exists,readable,width,height,mode,format,error
51,data/images/51.jpg,True,True,230,320,RGB,JPEG,
104,data/images/104.jpg,True,True,460,646,RGB,JPEG,
105,data/images/105.jpg,True,True,225,335,RGB,JPEG,
127,data/images/127.jpg,True,True,460,690,RGB,JPEG,
129,data/images/129.jpg,True,True,460,690,RGB,JPEG,
171,data/images/171.jpg,True,True,460,690,RGB,JPEG,
180,data/images/180.jpg,True,True,460,690,RGB,JPEG,
189,data/images/189.jpg,True,True,460,690,RGB,JPEG,
191,data/images/191.jpg,True,True,460,690,RGB,JPEG,
215,data/images/215.jpg,True,True,225,305,RGB,JPEG,
221,data/images/221.jpg,True,True,460,690,RGB,JPEG,
227,data/images/227.jpg,True,True,460,680,RGB,JPEG,
233,data/images/233.jpg,True,True,225,318,RGB,JPEG,
243,data/images/243.jpg,True,True,225,350,RGB,JPEG,
249,data/images/249.jpg,True,True,460,690,RGB,JPEG,
263,data/images/263.jpg,True,True,460,690,RGB,JPEG,
285,data/images/285.jpg,True,True,460,690,RGB,JPEG,
304,data/images/304.jpg,True,True,460,690,RGB,JPEG,
318,data/images/318.jpg,True,True,460,690,RGB,JPEG,
332,data/images/332.jpg,True,True,460,690,RGB,JPEG,
351,data/images/351.jpg,True,True,230,345,RGB,JPEG,
369,data/images/369.jpg,True,True,460,690,RGB,JPEG,
372,data/images/372.jpg,True,True,460,680,RGB,JPEG,
377,data/images/377.jpg,True,True,460,719,RGB,JPEG,
393,data/images/393.jpg,True,True,460,675,RGB,JPEG,
396,data/images/396.jpg,True,True,460,656,RGB,JPEG,
405,data/images/405.jpg,True,True,230,340,RGB,JPEG,
459,data/images/459.jpg,True,True,460,690,RGB,JPEG,
481,data/images/481.jpg,True,True,460,640,RGB,JPEG,
508,data/images/508.jpg,True,True,230,387,RGB,JPEG,
543,data/images/543.jpg,True,True,460,621,RGB,JPEG,
553,data/images/553.jpg,True,True,460,645,RGB,JPEG,
557,data/images/557.jpg,True,True,225,320,RGB,JPEG,
561,data/images/561.jpg,True,True,460,690,RGB,JPEG,
570,data/images/570.jpg,True,True,460,690,RGB,JPEG,
581,data/images/581.jpg,True,True,460,647,RGB,JPEG,
598,data/images/598.jpg,True,True,460,690,RGB,JPEG,
606,data/images/606.jpg,True,True,460,690,RGB,JPEG,
660,data/images/660.jpg,True,True,225,318,RGB,JPEG,
665,data/images/665.jpg,True,True,460,636,RGB,JPEG,
676,data/images/676.jpg,True,True,225,308,RGB,JPEG,
725,data/images/725.jpg,True,True,225,316,RGB,JPEG,
757,data/images/757.jpg,True,True,460,661,RGB,JPEG,
783,data/images/783.jpg,True,True,460,626,RGB,JPEG,
800,data/images/800.jpg,True,True,460,652,RGB,JPEG,
822,data/images/822.jpg,True,True,460,690,RGB,JPEG,
832,data/images/832.jpg,True,True,225,297,RGB,JPEG,
888,data/images/888.jpg,True,True,460,690,RGB,JPEG,
938,data/images/938.jpg,True,True,460,647,RGB,JPEG,
963,data/images/963.jpg,True,True,460,596,RGB,JPEG,
1047,data/images/1047.jpg,True,True,460,623,RGB,JPEG,
1078,data/images/1078.jpg,True,True,230,173,RGB,JPEG,
1094,data/images/1094.jpg,True,True,460,659,RGB,JPEG,
1118,data/images/1118.jpg,True,True,460,648,RGB,JPEG,
1124,data/images/1124.jpg,True,True,460,778,RGB,JPEG,
1137,data/images/1137.jpg,True,True,460,690,RGB,JPEG,
1159,data/images/1159.jpg,True,True,200,286,RGB,JPEG,
1277,data/images/1277.jpg,True,True,225,344,RGB,JPEG,
1281,data/images/1281.jpg,True,True,460,649,RGB,JPEG,
1313,data/images/1313.jpg,True,True,400,563,RGB,JPEG,
1363,data/images/1363.jpg,True,True,460,690,RGB,JPEG,
1369,data/images/1369.jpg,True,True,225,169,RGB,JPEG,
1381,data/images/1381.jpg,True,True,225,283,RGB,JPEG,
1382,data/images/1382.jpg,True,True,460,648,RGB,JPEG,
1422,data/images/1422.jpg,True,True,460,559,RGB,JPEG,
1450,data/images/1450.jpg,True,True,460,670,RGB,JPEG,
1495,data/images/1495.jpg,True,True,460,727,RGB,JPEG,
1508,data/images/1508.jpg,True,True,460,632,RGB,JPEG,
1512,data/images/1512.jpg,True,True,225,303,RGB,JPEG,
1529,data/images/1529.jpg,True,True,460,657,RGB,JPEG,
1558,data/images/1558.jpg,True,True,460,757,RGB,JPEG,
1593,data/images/1593.jpg,True,True,230,345,RGB,JPEG,
1658,data/images/1658.jpg,True,True,230,396,RGB,JPEG,
1684,data/images/1684.jpg,True,True,230,345,RGB,JPEG,
1754,data/images/1754.jpg,True,True,230,328,RGB,JPEG,
1757,data/images/1757.jpg,True,True,230,340,RGB,JPEG,
1769,data/images/1769.jpg,True,True,460,652,RGB,JPEG,
1791,data/images/1791.jpg,True,True,225,318,RGB,JPEG,
1910,data/images/1910.jpg,True,True,230,345,RGB,JPEG,
1926,data/images/1926.jpg,True,True,225,225,RGB,JPEG,
1958,data/images/1958.jpg,True,True,230,234,RGB,JPEG,
1975,data/images/1975.jpg,True,True,225,306,RGB,JPEG,
1998,data/images/1998.jpg,True,True,400,564,RGB,JPEG,
2262,data/images/2262.jpg,True,True,205,293,RGB,JPEG,
2274,data/images/2274.jpg,True,True,460,690,RGB,JPEG,
2284,data/images/2284.jpg,True,True,225,322,RGB,JPEG,
2327,data/images/2327.jpg,True,True,225,336,RGB,JPEG,
2356,data/images/2356.jpg,True,True,460,691,RGB,JPEG,
2365,data/images/2365.jpg,True,True,230,322,RGB,JPEG,
2373,data/images/2373.jpg,True,True,225,317,RGB,JPEG,
2375,data/images/2375.jpg,True,True,225,319,RGB,JPEG,
2397,data/images/2397.jpg,True,True,460,690,RGB,JPEG,
2441,data/images/2441.jpg,True,True,225,291,RGB,JPEG,
2484,data/images/2484.jpg,True,True,460,633,RGB,JPEG,
2526,data/images/2526.jpg,True,True,225,243,RGB,JPEG,
2530,data/images/2530.jpg,True,True,225,329,RGB,JPEG,
2536,data/images/2536.jpg,True,True,230,329,RGB,JPEG,
2538,data/images/2538.jpg,True,True,225,319,RGB,JPEG,
2540,data/images/2540.jpg,True,True,225,350,RGB,JPEG,
2566,data/images/2566.jpg,True,True,225,225,RGB,JPEG,
2617,data/images/2617.jpg,True,True,230,325,RGB,JPEG,
2633,data/images/2633.jpg,True,True,230,322,RGB,JPEG,
2649,data/images/2649.jpg,True,True,176,246,RGB,JPEG,
2694,data/images/2694.jpg,True,True,460,690,RGB,JPEG,
2721,data/images/2721.jpg,True,True,230,321,RGB,JPEG,
2729,data/images/2729.jpg,True,True,460,732,RGB,JPEG,
2894,data/images/2894.jpg,True,True,225,302,RGB,JPEG,
2947,data/images/2947.jpg,True,True,460,613,RGB,JPEG,
2953,data/images/2953.jpg,True,True,230,331,RGB,JPEG,
2962,data/images/2962.jpg,True,True,230,318,RGB,JPEG,
3015,data/images/3015.jpg,True,True,460,690,RGB,JPEG,
3039,data/images/3039.jpg,True,True,225,288,RGB,JPEG,
3254,data/images/3254.jpg,True,True,220,350,RGB,JPEG,
3301,data/images/3301.jpg,True,True,225,317,RGB,JPEG,
3369,data/images/3369.jpg,True,True,460,652,RGB,JPEG,
3370,data/images/3370.jpg,True,True,212,350,RGB,JPEG,
3393,data/images/3393.jpg,True,True,225,320,RGB,JPEG,
3427,data/images/3427.jpg,True,True,230,323,RGB,JPEG,
3454,data/images/3454.jpg,True,True,230,325,RGB,JPEG,
3463,data/images/3463.jpg,True,True,230,319,RGB,JPEG,
3499,data/images/3499.jpg,True,True,460,690,RGB,JPEG,
3507,data/images/3507.jpg,True,True,230,349,RGB,JPEG,
3525,data/images/3525.jpg,True,True,460,690,RGB,JPEG,
3567,data/images/3567.jpg,True,True,225,320,RGB,JPEG,
3583,data/images/3583.jpg,True,True,208,284,RGB,JPEG,
3642,data/images/3642.jpg,True,True,225,323,RGB,JPEG,
3665,data/images/3665.jpg,True,True,230,332,RGB,JPEG,
3817,data/images/3817.jpg,True,True,225,322,RGB,JPEG,
3820,data/images/3820.jpg,True,True,225,123,RGB,JPEG,
3912,data/images/3912.jpg,True,True,225,320,RGB,JPEG,
3935,data/images/3935.jpg,True,True,460,687,RGB,JPEG,
3951,data/images/3951.jpg,True,True,225,319,RGB,JPEG,
4012,data/images/4012.jpg,True,True,225,169,RGB,JPEG,
4052,data/images/4052.jpg,True,True,230,323,RGB,JPEG,
4067,data/images/4067.jpg,True,True,225,276,RGB,JPEG,
4260,data/images/4260.jpg,True,True,225,308,RGB,JPEG,
4304,data/images/4304.jpg,True,True,225,291,RGB,JPEG,
4379,data/images/4379.jpg,True,True,230,307,RGB,JPEG,
4495,data/images/4495.jpg,True,True,200,200,RGB,JPEG,
4561,data/images/4561.jpg,True,True,225,320,RGB,JPEG,
4601,data/images/4601.jpg,True,True,225,302,RGB,JPEG,
4645,data/images/4645.jpg,True,True,225,238,RGB,JPEG,
4793,data/images/4793.jpg,True,True,225,338,RGB,JPEG,
4840,data/images/4840.jpg,True,True,230,302,RGB,JPEG,
4848,data/images/4848.jpg,True,True,225,350,RGB,JPEG,
4849,data/images/4849.jpg,True,True,225,350,RGB,JPEG,
4867,data/images/4867.jpg,True,True,225,315,RGB,JPEG,
4941,data/images/4941.jpg,True,True,225,316,RGB,JPEG,
4962,data/images/4962.jpg,True,True,225,325,RGB,JPEG,
4967,data/images/4967.jpg,True,True,225,326,RGB,JPEG,
5088,data/images/5088.jpg,True,True,225,337,RGB,JPEG,
5117,data/images/5117.jpg,True,True,225,319,RGB,JPEG,
5157,data/images/5157.jpg,True,True,225,317,RGB,JPEG,
5314,data/images/5314.jpg,True,True,225,325,RGB,JPEG,
5475,data/images/5475.jpg,True,True,460,690,RGB,JPEG,
5548,data/images/5548.jpg,True,True,206,350,RGB,JPEG,
5558,data/images/5558.jpg,True,True,225,299,RGB,JPEG,
5663,data/images/5663.jpg,True,True,225,300,RGB,JPEG,
5664,data/images/5664.jpg,True,True,225,319,RGB,JPEG,
5665,data/images/5665.jpg,True,True,225,313,RGB,JPEG,
5673,data/images/5673.jpg,True,True,225,299,RGB,JPEG,
5689,data/images/5689.jpg,True,True,203,350,RGB,JPEG,
5943,data/images/5943.jpg,True,True,225,318,RGB,JPEG,
6215,data/images/6215.jpg,True,True,225,307,RGB,JPEG,
6246,data/images/6246.jpg,True,True,460,603,RGB,JPEG,
6385,data/images/6385.jpg,True,True,225,169,RGB,JPEG,
6412,data/images/6412.jpg,True,True,200,276,RGB,JPEG,
6548,data/images/6548.jpg,True,True,225,318,RGB,JPEG,
6585,data/images/6585.jpg,True,True,225,350,RGB,JPEG,
7045,data/images/7045.jpg,True,True,460,651,RGB,JPEG,
7295,data/images/7295.jpg,True,True,225,318,RGB,JPEG,
7518,data/images/7518.jpg,True,True,225,225,RGB,JPEG,
7715,data/images/7715.jpg,True,True,225,185,RGB,JPEG,
7953,data/images/7953.jpg,True,True,225,343,RGB,JPEG,
7985,data/images/7985.jpg,True,True,225,315,RGB,JPEG,
8220,data/images/8220.jpg,True,True,225,290,RGB,JPEG,
8348,data/images/8348.jpg,True,True,225,333,RGB,JPEG,
8362,data/images/8362.jpg,True,True,225,321,RGB,JPEG,
8446,data/images/8446.jpg,True,True,225,350,RGB,JPEG,
8490,data/images/8490.jpg,True,True,225,318,RGB,JPEG,
8603,data/images/8603.jpg,True,True,225,350,RGB,JPEG,
8604,data/images/8604.jpg,True,True,225,319,RGB,JPEG,
8660,data/images/8660.jpg,True,True,225,253,RGB,JPEG,
8667,data/images/8667.jpg,True,True,230,335,RGB,JPEG,
8669,data/images/8669.jpg,True,True,225,343,RGB,JPEG,
8680,data/images/8680.jpg,True,True,225,335,RGB,JPEG,
8716,data/images/8716.jpg,True,True,225,342,RGB,JPEG,
8718,data/images/8718.jpg,True,True,225,338,RGB,JPEG,
8719,data/images/8719.jpg,True,True,225,302,RGB,JPEG,
8722,data/images/8722.jpg,True,True,209,350,RGB,JPEG,
8724,data/images/8724.jpg,True,True,230,345,RGB,JPEG,
8729,data/images/8729.jpg,True,True,230,345,RGB,JPEG,
8730,data/images/8730.jpg,True,True,225,254,RGB,JPEG,
8731,data/images/8731.jpg,True,True,225,342,RGB,JPEG,
8848,data/images/8848.jpg,True,True,225,350,RGB,JPEG,
8939,data/images/8939.jpg,True,True,230,173,RGB,JPEG,
9056,data/images/9056.jpg,True,True,225,174,RGB,JPEG,
9341,data/images/9341.jpg,True,True,225,350,RGB,JPEG,
9409,data/images/9409.jpg,True,True,460,689,RGB,JPEG,
9451,data/images/9451.jpg,True,True,225,321,RGB,JPEG,
9507,data/images/9507.jpg,True,True,225,327,RGB,JPEG,
9526,data/images/9526.jpg,True,True,230,354,RGB,JPEG,
9810,data/images/9810.jpg,True,True,225,350,RGB,JPEG,
9900,data/images/9900.jpg,True,True,460,621,RGB,JPEG,
9907,data/images/9907.jpg,True,True,460,460,RGB,JPEG,
9911,data/images/9911.jpg,True,True,225,317,RGB,JPEG,
10077,data/images/10077.jpg,True,True,225,340,RGB,JPEG,
10679,data/images/10679.jpg,True,True,225,144,RGB,JPEG,
10917,data/images/10917.jpg,True,True,460,773,RGB,JPEG,
11033,data/images/11033.jpg,True,True,460,460,RGB,JPEG,
11203,data/images/11203.jpg,True,True,230,322,RGB,JPEG,
11487,data/images/11487.jpg,True,True,460,690,RGB,JPEG,
12079,data/images/12079.jpg,True,True,460,690,RGB,JPEG,
12101,data/images/12101.jpg,True,True,225,350,RGB,JPEG,
12481,data/images/12481.jpg,True,True,200,291,RGB,JPEG,
12483,data/images/12483.jpg,True,True,200,291,RGB,JPEG,
12637,data/images/12637.jpg,True,True,460,459,RGB,JPEG,
12885,data/images/12885.jpg,True,True,225,336,RGB,JPEG,
13053,data/images/13053.jpg,True,True,230,345,RGB,JPEG,
13195,data/images/13195.jpg,True,True,225,222,RGB,JPEG,
13201,data/images/13201.jpg,True,True,225,323,RGB,JPEG,
14951,data/images/14951.jpg,True,True,460,460,RGB,JPEG,
16480,data/images/16480.jpg,True,True,225,244,RGB,JPEG,
17068,data/images/17068.jpg,True,True,225,223,RGB,JPEG,
17245,data/images/17245.jpg,True,True,225,225,RGB,JPEG,
17405,data/images/17405.jpg,True,True,225,320,RGB,JPEG,
17641,data/images/17641.jpg,True,True,460,631,RGB,JPEG,
17659,data/images/17659.jpg,True,True,230,284,RGB,JPEG,
17891,data/images/17891.jpg,True,True,225,153,RGB,JPEG,
18831,data/images/18831.jpg,True,True,225,229,RGB,JPEG,
19159,data/images/19159.jpg,True,True,460,689,RGB,JPEG,
20187,data/images/20187.jpg,True,True,225,350,RGB,JPEG,
20622,data/images/20622.jpg,True,True,225,320,RGB,JPEG,
20676,data/images/20676.jpg,True,True,225,325,RGB,JPEG,
20825,data/images/20825.jpg,True,True,225,280,RGB,JPEG,
21488,data/images/21488.jpg,True,True,225,318,RGB,JPEG,
21494,data/images/21494.jpg,True,True,225,337,RGB,JPEG,
21628,data/images/21628.jpg,True,True,230,326,RGB,JPEG,
87488,data/images/87488.jpg,True,True,230,309,RGB,JPEG,
97731,data/images/97731.jpg,True,True,460,646,RGB,JPEG,
98134,data/images/98134.jpg,True,True,230,230,RGB,JPEG,
98902,data/images/98902.jpg,True,True,230,315,RGB,JPEG,
98976,data/images/98976.jpg,True,True,400,562,RGB,JPEG,
99164,data/images/99164.jpg,True,True,400,397,RGB,JPEG,
99165,data/images/99165.jpg,True,True,400,394,RGB,JPEG,
99644,data/images/99644.jpg,True,True,230,230,RGB,JPEG,
100294,data/images/100294.jpg,True,True,460,645,RGB,JPEG,
100340,data/images/100340.jpg,True,True,230,270,RGB,JPEG,
100533,data/images/100533.jpg,True,True,230,170,RGB,JPEG,
100718,data/images/100718.jpg,True,True,230,345,RGB,JPEG,
101184,data/images/101184.jpg,True,True,460,667,RGB,JPEG,
101744,data/images/101744.jpg,True,True,400,582,RGB,JPEG,
102095,data/images/102095.jpg,True,True,230,375,RGB,JPEG,
102305,data/images/102305.jpg,True,True,230,230,RGB,JPEG,
102510,data/images/102510.jpg,True,True,460,690,RGB,JPEG,
102657,data/images/102657.jpg,True,True,400,572,RGB,JPEG,
102681,data/images/102681.jpg,True,True,230,262,RGB,JPEG,
102764,data/images/102764.jpg,True,True,230,322,RGB,JPEG,
102775,data/images/102775.jpg,True,True,460,690,RGB,JPEG,
102785,data/images/102785.jpg,True,True,400,567,RGB,JPEG,
103161,data/images/103161.jpg,True,True,460,647,RGB,JPEG,
103162,data/images/103162.jpg,True,True,460,644,RGB,JPEG,
104155,data/images/104155.jpg,True,True,230,322,RGB,JPEG,
104949,data/images/104949.jpg,True,True,230,345,RGB,JPEG,
105255,data/images/105255.jpg,True,True,230,345,RGB,JPEG,
106919,data/images/106919.jpg,True,True,460,256,RGB,JPEG,
106920,data/images/106920.jpg,True,True,460,267,RGB,JPEG,
106921,data/images/106921.jpg,True,True,460,752,RGB,JPEG,
108337,data/images/108337.jpg,True,True,230,324,RGB,JPEG,
108747,data/images/108747.jpg,True,True,230,330,RGB,JPEG,
112006,data/images/112006.jpg,True,True,230,330,RGB,JPEG,
115140,data/images/115140.jpg,True,True,460,690,RGB,JPEG,
117411,data/images/117411.jpg,True,True,230,313,RGB,JPEG,
119946,data/images/119946.jpg,True,True,230,297,RGB,JPEG,
121828,data/images/121828.jpg,True,True,230,327,RGB,JPEG,
132938,data/images/132938.jpg,True,True,230,304,RGB,JPEG,
145766,data/images/145766.jpg,True,True,230,282,RGB,JPEG,
145767,data/images/145767.jpg,True,True,230,282,RGB,JPEG,
146664,data/images/146664.jpg,True,True,460,619,RGB,JPEG,
150007,data/images/150007.jpg,True,True,460,690,RGB,JPEG,
176864,data/images/176864.jpg,True,True,460,800,RGB,JPEG,
181868,data/images/181868.jpg,True,True,460,460,RGB,JPEG,
188941,data/images/188941.jpg,True,True,460,652,RGB,JPEG,
207486,data/images/207486.jpg,True,True,230,309,RGB,JPEG,
208828,data/images/208828.jpg,True,True,230,328,RGB,JPEG,
5,data/images/5.jpg,True,True,460,662,RGB,JPEG,
22,data/images/22.jpg,True,True,460,626,RGB,JPEG,
52,data/images/52.jpg,True,True,460,690,RGB,JPEG,
100,data/images/100.jpg,True,True,460,630,RGB,JPEG,
120,data/images/120.jpg,True,True,460,637,RGB,JPEG,
124,data/images/124.jpg,True,True,200,250,RGB,JPEG,
135,data/images/135.jpg,True,True,460,672,RGB,JPEG,
154,data/images/154.jpg,True,True,460,675,RGB,JPEG,
156,data/images/156.jpg,True,True,230,319,RGB,JPEG,
168,data/images/168.jpg,True,True,460,690,RGB,JPEG,
181,data/images/181.jpg,True,True,460,638,RGB,JPEG,
187,data/images/187.jpg,True,True,460,613,RGB,JPEG,
192,data/images/192.jpg,True,True,460,676,RGB,JPEG,
199,data/images/199.jpg,True,True,460,656,RGB,JPEG,
208,data/images/208.jpg,True,True,460,642,RGB,JPEG,
211,data/images/211.jpg,True,True,225,320,RGB,JPEG,
246,data/images/246.jpg,True,True,460,690,RGB,JPEG,
253,data/images/253.jpg,True,True,225,319,RGB,JPEG,
259,data/images/259.jpg,True,True,225,276,RGB,JPEG,
270,data/images/270.jpg,True,True,230,356,RGB,JPEG,
272,data/images/272.jpg,True,True,460,690,RGB,JPEG,
276,data/images/276.jpg,True,True,230,345,RGB,JPEG,
287,data/images/287.jpg,True,True,460,676,RGB,JPEG,
288,data/images/288.jpg,True,True,230,331,RGB,JPEG,
289,data/images/289.jpg,True,True,225,350,RGB,JPEG,
321,data/images/321.jpg,True,True,225,335,RGB,JPEG,
352,data/images/352.jpg,True,True,460,621,RGB,JPEG,
361,data/images/361.jpg,True,True,460,690,RGB,JPEG,
368,data/images/368.jpg,True,True,230,309,RGB,JPEG,
383,data/images/383.jpg,True,True,460,648,RGB,JPEG,
397,data/images/397.jpg,True,True,460,690,RGB,JPEG,
399,data/images/399.jpg,True,True,225,318,RGB,JPEG,
401,data/images/401.jpg,True,True,460,649,RGB,JPEG,
403,data/images/403.jpg,True,True,225,304,RGB,JPEG,
445,data/images/445.jpg,True,True,460,690,RGB,JPEG,
452,data/images/452.jpg,True,True,460,690,RGB,JPEG,
460,data/images/460.jpg,True,True,460,690,RGB,JPEG,
484,data/images/484.jpg,True,True,225,316,RGB,JPEG,
509,data/images/509.jpg,True,True,460,689,RGB,JPEG,
522,data/images/522.jpg,True,True,460,665,RGB,JPEG,
551,data/images/551.jpg,True,True,225,278,RGB,JPEG,
555,data/images/555.jpg,True,True,225,327,RGB,JPEG,
556,data/images/556.jpg,True,True,225,327,RGB,JPEG,
564,data/images/564.jpg,True,True,225,337,RGB,JPEG,
580,data/images/580.jpg,True,True,225,225,RGB,JPEG,
595,data/images/595.jpg,True,True,225,225,RGB,JPEG,
601,data/images/601.jpg,True,True,230,327,RGB,JPEG,
608,data/images/608.jpg,True,True,460,599,RGB,JPEG,
659,data/images/659.jpg,True,True,230,255,RGB,JPEG,
675,data/images/675.jpg,True,True,460,656,RGB,JPEG,
682,data/images/682.jpg,True,True,230,325,RGB,JPEG,
695,data/images/695.jpg,True,True,225,320,RGB,JPEG,
734,data/images/734.jpg,True,True,460,659,RGB,JPEG,
764,data/images/764.jpg,True,True,460,690,RGB,JPEG,
797,data/images/797.jpg,True,True,200,200,RGB,JPEG,
799,data/images/799.jpg,True,True,225,269,RGB,JPEG,
812,data/images/812.jpg,True,True,460,648,RGB,JPEG,
823,data/images/823.jpg,True,True,205,288,RGB,JPEG,
828,data/images/828.jpg,True,True,225,322,RGB,JPEG,
831,data/images/831.jpg,True,True,225,338,RGB,JPEG,
836,data/images/836.jpg,True,True,460,690,RGB,JPEG,
866,data/images/866.jpg,True,True,460,690,RGB,JPEG,
874,data/images/874.jpg,True,True,460,727,RGB,JPEG,
909,data/images/909.jpg,True,True,225,319,RGB,JPEG,
952,data/images/952.jpg,True,True,225,352,RGB,JPEG,
959,data/images/959.jpg,True,True,225,313,RGB,JPEG,
991,data/images/991.jpg,True,True,460,649,RGB,JPEG,
1005,data/images/1005.jpg,True,True,230,297,RGB,JPEG,
1028,data/images/1028.jpg,True,True,460,648,RGB,JPEG,
1048,data/images/1048.jpg,True,True,460,620,RGB,JPEG,
1056,data/images/1056.jpg,True,True,225,169,RGB,JPEG,
1064,data/images/1064.jpg,True,True,460,676,RGB,JPEG,
1098,data/images/1098.jpg,True,True,225,325,RGB,JPEG,
1112,data/images/1112.jpg,True,True,460,690,RGB,JPEG,
1119,data/images/1119.jpg,True,True,460,648,RGB,JPEG,
1126,data/images/1126.jpg,True,True,460,690,RGB,JPEG,
1145,data/images/1145.jpg,True,True,460,656,RGB,JPEG,
1156,data/images/1156.jpg,True,True,460,690,RGB,JPEG,
1157,data/images/1157.jpg,True,True,460,690,RGB,JPEG,
1164,data/images/1164.jpg,True,True,460,654,RGB,JPEG,
1177,data/images/1177.jpg,True,True,460,660,RGB,JPEG,
1179,data/images/1179.jpg,True,True,460,690,RGB,JPEG,
1248,data/images/1248.jpg,True,True,460,689,RGB,JPEG,
1249,data/images/1249.jpg,True,True,460,681,RGB,JPEG,
1273,data/images/1273.jpg,True,True,230,324,RGB,JPEG,
1361,data/images/1361.jpg,True,True,460,690,RGB,JPEG,
1364,data/images/1364.jpg,True,True,460,567,RGB,JPEG,
1387,data/images/1387.jpg,True,True,225,319,RGB,JPEG,
1402,data/images/1402.jpg,True,True,225,321,RGB,JPEG,
1406,data/images/1406.jpg,True,True,225,319,RGB,JPEG,
1408,data/images/1408.jpg,True,True,225,318,RGB,JPEG,
1413,data/images/1413.jpg,True,True,460,613,RGB,JPEG,
1465,data/images/1465.jpg,True,True,225,325,RGB,JPEG,
1492,data/images/1492.jpg,True,True,460,690,RGB,JPEG,
1493,data/images/1493.jpg,True,True,230,345,RGB,JPEG,
1513,data/images/1513.jpg,True,True,225,305,RGB,JPEG,
1525,data/images/1525.jpg,True,True,460,690,RGB,JPEG,
1539,data/images/1539.jpg,True,True,200,300,RGB,JPEG,
1608,data/images/1608.jpg,True,True,230,326,RGB,JPEG,
1613,data/images/1613.jpg,True,True,225,225,RGB,JPEG,
1614,data/images/1614.jpg,True,True,225,330,RGB,JPEG,
1622,data/images/1622.jpg,True,True,225,318,RGB,JPEG,
1634,data/images/1634.jpg,True,True,225,350,RGB,JPEG,
1664,data/images/1664.jpg,True,True,460,650,RGB,JPEG,
1676,data/images/1676.jpg,True,True,460,690,RGB,JPEG,
1677,data/images/1677.jpg,True,True,225,306,RGB,JPEG,
1678,data/images/1678.jpg,True,True,460,648,RGB,JPEG,
1709,data/images/1709.jpg,True,True,460,655,RGB,JPEG,
1728,data/images/1728.jpg,True,True,460,690,RGB,JPEG,
1734,data/images/1734.jpg,True,True,225,319,RGB,JPEG,
1752,data/images/1752.jpg,True,True,225,322,RGB,JPEG,
1753,data/images/1753.jpg,True,True,460,662,RGB,JPEG,
1755,data/images/1755.jpg,True,True,460,648,RGB,JPEG,
1756,data/images/1756.jpg,True,True,225,312,RGB,JPEG,
1758,data/images/1758.jpg,True,True,200,283,RGB,JPEG,
1768,data/images/1768.jpg,True,True,460,624,RGB,JPEG,
1781,data/images/1781.jpg,True,True,225,318,RGB,JPEG,
1797,data/images/1797.jpg,True,True,225,321,RGB,JPEG,
1821,data/images/1821.jpg,True,True,225,319,RGB,JPEG,
1949,data/images/1949.jpg,True,True,219,250,RGB,JPEG,
1962,data/images/1962.jpg,True,True,460,660,RGB,JPEG,
2014,data/images/2014.jpg,True,True,225,320,RGB,JPEG,
2036,data/images/2036.jpg,True,True,460,650,RGB,JPEG,
2189,data/images/2189.jpg,True,True,225,350,RGB,JPEG,
2191,data/images/2191.jpg,True,True,225,319,RGB,JPEG,
2217,data/images/2217.jpg,True,True,230,345,RGB,JPEG,
2259,data/images/2259.jpg,True,True,225,320,RGB,JPEG,
2261,data/images/2261.jpg,True,True,230,320,RGB,JPEG,
2277,data/images/2277.jpg,True,True,167,200,RGB,JPEG,
2278,data/images/2278.jpg,True,True,225,319,RGB,JPEG,
2287,data/images/2287.jpg,True,True,230,330,RGB,JPEG,
2324,data/images/2324.jpg,True,True,225,350,RGB,JPEG,
2328,data/images/2328.jpg,True,True,225,295,RGB,JPEG,
2350,data/images/2350.jpg,True,True,225,350,RGB,JPEG,
2362,data/images/2362.jpg,True,True,225,293,RGB,JPEG,
2368,data/images/2368.jpg,True,True,225,350,RGB,JPEG,
2379,data/images/2379.jpg,True,True,225,319,RGB,JPEG,
2385,data/images/2385.jpg,True,True,460,690,RGB,JPEG,
2390,data/images/2390.jpg,True,True,460,665,RGB,JPEG,
2398,data/images/2398.jpg,True,True,225,300,RGB,JPEG,
2410,data/images/2410.jpg,True,True,225,350,RGB,JPEG,
2420,data/images/2420.jpg,True,True,225,320,RGB,JPEG,
2439,data/images/2439.jpg,True,True,230,334,RGB,JPEG,
2440,data/images/2440.jpg,True,True,225,350,RGB,JPEG,
2442,data/images/2442.jpg,True,True,225,323,RGB,JPEG,
2450,data/images/2450.jpg,True,True,460,647,RGB,JPEG,
2475,data/images/2475.jpg,True,True,225,350,RGB,JPEG,
2495,data/images/2495.jpg,True,True,460,653,RGB,JPEG,
2521,data/images/2521.jpg,True,True,460,690,RGB,JPEG,
2533,data/images/2533.jpg,True,True,225,350,RGB,JPEG,
2535,data/images/2535.jpg,True,True,230,307,RGB,JPEG,
2645,data/images/2645.jpg,True,True,182,250,RGB,JPEG,
2653,data/images/2653.jpg,True,True,210,296,RGB,JPEG,
2654,data/images/2654.jpg,True,True,225,319,RGB,JPEG,
2776,data/images/2776.jpg,True,True,225,318,RGB,JPEG,
2796,data/images/2796.jpg,True,True,230,322,RGB,JPEG,
2863,data/images/2863.jpg,True,True,225,350,RGB,JPEG,
2872,data/images/2872.jpg,True,True,225,321,RGB,JPEG,
2895,data/images/2895.jpg,True,True,225,199,RGB,JPEG,
2934,data/images/2934.jpg,True,True,460,690,RGB,JPEG,
2948,data/images/2948.jpg,True,True,460,690,RGB,JPEG,
2990,data/images/2990.jpg,True,True,225,329,RGB,JPEG,
2991,data/images/2991.jpg,True,True,225,278,RGB,JPEG,
3012,data/images/3012.jpg,True,True,225,350,RGB,JPEG,
3032,data/images/3032.jpg,True,True,225,293,RGB,JPEG,
3040,data/images/3040.jpg,True,True,202,350,RGB,JPEG,
3082,data/images/3082.jpg,True,True,225,303,RGB,JPEG,
3094,data/images/3094.jpg,True,True,225,329,RGB,JPEG,
3104,data/images/3104.jpg,True,True,225,338,RGB,JPEG,
3140,data/images/3140.jpg,True,True,225,319,RGB,JPEG,
3151,data/images/3151.jpg,True,True,225,340,RGB,JPEG,
3288,data/images/3288.jpg,True,True,225,314,RGB,JPEG,
3290,data/images/3290.jpg,True,True,225,320,RGB,JPEG,
3300,data/images/3300.jpg,True,True,225,293,RGB,JPEG,
3377,data/images/3377.jpg,True,True,460,593,RGB,JPEG,
3378,data/images/3378.jpg,True,True,225,315,RGB,JPEG,
3380,data/images/3380.jpg,True,True,225,306,RGB,JPEG,
3382,data/images/3382.jpg,True,True,460,609,RGB,JPEG,
3411,data/images/3411.jpg,True,True,218,314,RGB,JPEG,
3458,data/images/3458.jpg,True,True,225,313,RGB,JPEG,
3529,data/images/3529.jpg,True,True,225,326,RGB,JPEG,
3536,data/images/3536.jpg,True,True,225,301,RGB,JPEG,
3539,data/images/3539.jpg,True,True,225,314,RGB,JPEG,
3540,data/images/3540.jpg,True,True,225,308,RGB,JPEG,
3561,data/images/3561.jpg,True,True,225,313,RGB,JPEG,
3587,data/images/3587.jpg,True,True,225,289,RGB,JPEG,
3736,data/images/3736.jpg,True,True,222,314,RGB,JPEG,
3826,data/images/3826.jpg,True,True,225,302,RGB,JPEG,
3953,data/images/3953.jpg,True,True,225,285,RGB,JPEG,
3980,data/images/3980.jpg,True,True,230,325,RGB,JPEG,
4009,data/images/4009.jpg,True,True,225,350,RGB,JPEG,
4024,data/images/4024.jpg,True,True,460,650,RGB,JPEG,
4098,data/images/4098.jpg,True,True,230,345,RGB,JPEG,
4310,data/images/4310.jpg,True,True,225,327,RGB,JPEG,
4357,data/images/4357.jpg,True,True,225,350,RGB,JPEG,
4400,data/images/4400.jpg,True,True,230,320,RGB,JPEG,
4460,data/images/4460.jpg,True,True,230,350,RGB,JPEG,
4463,data/images/4463.jpg,True,True,225,325,RGB,JPEG,
4493,data/images/4493.jpg,True,True,225,322,RGB,JPEG,
4496,data/images/4496.jpg,True,True,225,347,RGB,JPEG,
4524,data/images/4524.jpg,True,True,225,324,RGB,JPEG,
4541,data/images/4541.jpg,True,True,225,305,RGB,JPEG,
4644,data/images/4644.jpg,True,True,225,315,RGB,JPEG,
4717,data/images/4717.jpg,True,True,225,323,RGB,JPEG,
4733,data/images/4733.jpg,True,True,230,375,RGB,JPEG,
4794,data/images/4794.jpg,True,True,460,648,RGB,JPEG,
4833,data/images/4833.jpg,True,True,225,307,RGB,JPEG,
4940,data/images/4940.jpg,True,True,230,322,RGB,JPEG,
5018,data/images/5018.jpg,True,True,225,317,RGB,JPEG,
5200,data/images/5200.jpg,True,True,460,650,RGB,JPEG,
5285,data/images/5285.jpg,True,True,225,319,RGB,JPEG,
5402,data/images/5402.jpg,True,True,225,333,RGB,JPEG,
5474,data/images/5474.jpg,True,True,225,322,RGB,JPEG,
5545,data/images/5545.jpg,True,True,225,310,RGB,JPEG,
5547,data/images/5547.jpg,True,True,225,323,RGB,JPEG,
5553,data/images/5553.jpg,True,True,225,300,RGB,JPEG,
5556,data/images/5556.jpg,True,True,225,299,RGB,JPEG,
5557,data/images/5557.jpg,True,True,225,327,RGB,JPEG,
5567,data/images/5567.jpg,True,True,225,301,RGB,JPEG,
5570,data/images/5570.jpg,True,True,225,316,RGB,JPEG,
5575,data/images/5575.jpg,True,True,225,217,RGB,JPEG,
5586,data/images/5586.jpg,True,True,225,326,RGB,JPEG,
5588,data/images/5588.jpg,True,True,225,320,RGB,JPEG,
5605,data/images/5605.jpg,True,True,220,350,RGB,JPEG,
5687,data/images/5687.jpg,True,True,225,314,RGB,JPEG,
5733,data/images/5733.jpg,True,True,225,322,RGB,JPEG,
5996,data/images/5996.jpg,True,True,230,327,RGB,JPEG,
6245,data/images/6245.jpg,True,True,460,690,RGB,JPEG,
6310,data/images/6310.jpg,True,True,225,293,RGB,JPEG,
6625,data/images/6625.jpg,True,True,225,169,RGB,JPEG,
6903,data/images/6903.jpg,True,True,225,315,RGB,JPEG,
6975,data/images/6975.jpg,True,True,460,320,RGB,JPEG,
7109,data/images/7109.jpg,True,True,225,225,RGB,JPEG,
7154,data/images/7154.jpg,True,True,225,310,RGB,JPEG,
7229,data/images/7229.jpg,True,True,230,358,RGB,JPEG,
7329,data/images/7329.jpg,True,True,168,240,RGB,JPEG,
7452,data/images/7452.jpg,True,True,200,150,RGB,JPEG,
7960,data/images/7960.jpg,True,True,460,767,RGB,JPEG,
8839,data/images/8839.jpg,True,True,225,317,RGB,JPEG,
9221,data/images/9221.jpg,True,True,225,321,RGB,JPEG,
9316,data/images/9316.jpg,True,True,225,303,RGB,JPEG,
9317,data/images/9317.jpg,True,True,225,304,RGB,JPEG,
9325,data/images/9325.jpg,True,True,225,317,RGB,JPEG,
9352,data/images/9352.jpg,True,True,225,305,RGB,JPEG,
9495,data/images/9495.jpg,True,True,225,319,RGB,JPEG,
9519,data/images/9519.jpg,True,True,225,276,RGB,JPEG,
9777,data/images/9777.jpg,True,True,225,306,RGB,JPEG,
9817,data/images/9817.jpg,True,True,225,321,RGB,JPEG,
10036,data/images/10036.jpg,True,True,225,317,RGB,JPEG,
10139,data/images/10139.jpg,True,True,225,169,RGB,JPEG,
10360,data/images/10360.jpg,True,True,225,325,RGB,JPEG,
10409,data/images/10409.jpg,True,True,225,316,RGB,JPEG,
10765,data/images/10765.jpg,True,True,460,654,RGB,JPEG,
10989,data/images/10989.jpg,True,True,225,317,RGB,JPEG,
12485,data/images/12485.jpg,True,True,200,291,RGB,JPEG,
15399,data/images/15399.jpg,True,True,460,650,RGB,JPEG,
17487,data/images/17487.jpg,True,True,225,326,RGB,JPEG,
17961,data/images/17961.jpg,True,True,230,128,RGB,JPEG,
20477,data/images/20477.jpg,True,True,230,345,RGB,JPEG,
20480,data/images/20480.jpg,True,True,225,218,RGB,JPEG,
20858,data/images/20858.jpg,True,True,230,332,RGB,JPEG,
102000,data/images/102000.jpg,True,True,230,326,RGB,JPEG,
119836,data/images/119836.jpg,True,True,460,656,RGB,JPEG,
119939,data/images/119939.jpg,True,True,230,376,RGB,JPEG,
119982,data/images/119982.jpg,True,True,230,380,RGB,JPEG,
121837,data/images/121837.jpg,True,True,230,314,RGB,JPEG,
122029,data/images/122029.jpg,True,True,460,651,RGB,JPEG,
136758,data/images/136758.jpg,True,True,460,680,RGB,JPEG,
145768,data/images/145768.jpg,True,True,230,282,RGB,JPEG,
151685,data/images/151685.jpg,True,True,230,315,RGB,JPEG,
154075,data/images/154075.jpg,True,True,230,346,RGB,JPEG,
168552,data/images/168552.jpg,True,True,460,744,RGB,JPEG,
177063,data/images/177063.jpg,True,True,230,345,RGB,JPEG,
177065,data/images/177065.jpg,True,True,460,690,RGB,JPEG,
180821,data/images/180821.jpg,True,True,230,164,RGB,JPEG,
182142,data/images/182142.jpg,True,True,230,406,RGB,JPEG,
7,data/images/7.jpg,True,True,460,716,RGB,JPEG,
17,data/images/17.jpg,True,True,460,690,RGB,JPEG,
20,data/images/20.jpg,True,True,460,649,RGB,JPEG,
48,data/images/48.jpg,True,True,460,690,RGB,JPEG,
53,data/images/53.jpg,True,True,460,690,RGB,JPEG,
59,data/images/59.jpg,True,True,460,654,RGB,JPEG,
66,data/images/66.jpg,True,True,460,690,RGB,JPEG,
71,data/images/71.jpg,True,True,460,690,RGB,JPEG,
93,data/images/93.jpg,True,True,460,686,RGB,JPEG,
107,data/images/107.jpg,True,True,460,657,RGB,JPEG,
122,data/images/122.jpg,True,True,460,676,RGB,JPEG,
128,data/images/128.jpg,True,True,225,325,RGB,JPEG,
132,data/images/132.jpg,True,True,460,691,RGB,JPEG,
137,data/images/137.jpg,True,True,460,649,RGB,JPEG,
144,data/images/144.jpg,True,True,460,611,RGB,JPEG,
153,data/images/153.jpg,True,True,460,631,RGB,JPEG,
162,data/images/162.jpg,True,True,460,690,RGB,JPEG,
165,data/images/165.jpg,True,True,460,690,RGB,JPEG,
175,data/images/175.jpg,True,True,460,650,RGB,JPEG,
179,data/images/179.jpg,True,True,200,282,RGB,JPEG,
183,data/images/183.jpg,True,True,225,350,RGB,JPEG,
190,data/images/190.jpg,True,True,460,690,RGB,JPEG,
194,data/images/194.jpg,True,True,460,706,RGB,JPEG,
195,data/images/195.jpg,True,True,460,690,RGB,JPEG,
197,data/images/197.jpg,True,True,225,292,RGB,JPEG,
200,data/images/200.jpg,True,True,460,639,RGB,JPEG,
216,data/images/216.jpg,True,True,225,315,RGB,JPEG,
231,data/images/231.jpg,True,True,460,644,RGB,JPEG,
254,data/images/254.jpg,True,True,225,321,RGB,JPEG,
256,data/images/256.jpg,True,True,460,615,RGB,JPEG,
260,data/images/260.jpg,True,True,460,649,RGB,JPEG,
274,data/images/274.jpg,True,True,460,690,RGB,JPEG,
277,data/images/277.jpg,True,True,460,690,RGB,JPEG,
296,data/images/296.jpg,True,True,225,334,RGB,JPEG,
299,data/images/299.jpg,True,True,225,315,RGB,JPEG,
306,data/images/306.jpg,True,True,230,326,RGB,JPEG,
319,data/images/319.jpg,True,True,225,268,RGB,JPEG,
327,data/images/327.jpg,True,True,460,624,RGB,JPEG,
328,data/images/328.jpg,True,True,460,690,RGB,JPEG,
337,data/images/337.jpg,True,True,225,350,RGB,JPEG,
341,data/images/341.jpg,True,True,460,614,RGB,JPEG,
353,data/images/353.jpg,True,True,460,595,RGB,JPEG,
359,data/images/359.jpg,True,True,230,345,RGB,JPEG,
378,data/images/378.jpg,True,True,230,328,RGB,JPEG,
382,data/images/382.jpg,True,True,460,651,RGB,JPEG,
387,data/images/387.jpg,True,True,460,690,RGB,JPEG,
419,data/images/419.jpg,True,True,225,318,RGB,JPEG,
425,data/images/425.jpg,True,True,460,691,RGB,JPEG,
443,data/images/443.jpg,True,True,223,350,RGB,JPEG,
446,data/images/446.jpg,True,True,460,668,RGB,JPEG,
450,data/images/450.jpg,True,True,460,690,RGB,JPEG,
461,data/images/461.jpg,True,True,460,622,RGB,JPEG,
467,data/images/467.jpg,True,True,460,668,RGB,JPEG,
492,data/images/492.jpg,True,True,460,606,RGB,JPEG,
529,data/images/529.jpg,True,True,460,690,RGB,JPEG,
597,data/images/597.jpg,True,True,460,690,RGB,JPEG,
611,data/images/611.jpg,True,True,460,679,RGB,JPEG,
615,data/images/615.jpg,True,True,225,319,RGB,JPEG,
623,data/images/623.jpg,True,True,460,690,RGB,JPEG,
647,data/images/647.jpg,True,True,225,312,RGB,JPEG,
652,data/images/652.jpg,True,True,230,292,RGB,JPEG,
653,data/images/653.jpg,True,True,225,319,RGB,JPEG,
683,data/images/683.jpg,True,True,200,200,RGB,JPEG,
687,data/images/687.jpg,True,True,460,690,RGB,JPEG,
708,data/images/708.jpg,True,True,225,311,RGB,JPEG,
721,data/images/721.jpg,True,True,460,643,RGB,JPEG,
751,data/images/751.jpg,True,True,460,690,RGB,JPEG,
821,data/images/821.jpg,True,True,225,306,RGB,JPEG,
833,data/images/833.jpg,True,True,230,345,RGB,JPEG,
835,data/images/835.jpg,True,True,460,690,RGB,JPEG,
881,data/images/881.jpg,True,True,225,350,RGB,JPEG,
887,data/images/887.jpg,True,True,225,320,RGB,JPEG,
958,data/images/958.jpg,True,True,460,690,RGB,JPEG,
972,data/images/972.jpg,True,True,210,300,RGB,JPEG,
976,data/images/976.jpg,True,True,230,334,RGB,JPEG,
980,data/images/980.jpg,True,True,225,340,RGB,JPEG,
982,data/images/982.jpg,True,True,460,650,RGB,JPEG,
1019,data/images/1019.jpg,True,True,225,321,RGB,JPEG,
1033,data/images/1033.jpg,True,True,460,656,RGB,JPEG,
1038,data/images/1038.jpg,True,True,225,318,RGB,JPEG,
1072,data/images/1072.jpg,True,True,460,613,RGB,JPEG,
1080,data/images/1080.jpg,True,True,460,595,RGB,JPEG,
1081,data/images/1081.jpg,True,True,460,656,RGB,JPEG,
1084,data/images/1084.jpg,True,True,225,262,RGB,JPEG,
1102,data/images/1102.jpg,True,True,225,320,RGB,JPEG,
1105,data/images/1105.jpg,True,True,460,690,RGB,JPEG,
1111,data/images/1111.jpg,True,True,225,321,RGB,JPEG,
1120,data/images/1120.jpg,True,True,460,648,RGB,JPEG,
1127,data/images/1127.jpg,True,True,225,328,RGB,JPEG,
1132,data/images/1132.jpg,True,True,400,558,RGB,JPEG,
1133,data/images/1133.jpg,True,True,225,317,RGB,JPEG,
1141,data/images/1141.jpg,True,True,230,333,RGB,JPEG,
1224,data/images/1224.jpg,True,True,460,643,RGB,JPEG,
1257,data/images/1257.jpg,True,True,460,640,RGB,JPEG,
1290,data/images/1290.jpg,True,True,460,690,RGB,JPEG,
1353,data/images/1353.jpg,True,True,225,305,RGB,JPEG,
1365,data/images/1365.jpg,True,True,230,315,RGB,JPEG,
1370,data/images/1370.jpg,True,True,460,635,RGB,JPEG,
1380,data/images/1380.jpg,True,True,225,297,RGB,JPEG,
1385,data/images/1385.jpg,True,True,225,319,RGB,JPEG,
1386,data/images/1386.jpg,True,True,460,652,RGB,JPEG,
1404,data/images/1404.jpg,True,True,225,350,RGB,JPEG,
1418,data/images/1418.jpg,True,True,460,659,RGB,JPEG,
1427,data/images/1427.jpg,True,True,225,301,RGB,JPEG,
1511,data/images/1511.jpg,True,True,225,318,RGB,JPEG,
1564,data/images/1564.jpg,True,True,460,690,RGB,JPEG,
1596,data/images/1596.jpg,True,True,225,318,RGB,JPEG,
1597,data/images/1597.jpg,True,True,200,282,RGB,JPEG,
1611,data/images/1611.jpg,True,True,225,319,RGB,JPEG,
1623,data/images/1623.jpg,True,True,460,690,RGB,JPEG,
1628,data/images/1628.jpg,True,True,230,330,RGB,JPEG,
1633,data/images/1633.jpg,True,True,225,316,RGB,JPEG,
1667,data/images/1667.jpg,True,True,225,316,RGB,JPEG,
1669,data/images/1669.jpg,True,True,230,307,RGB,JPEG,
1670,data/images/1670.jpg,True,True,460,690,RGB,JPEG,
1685,data/images/1685.jpg,True,True,460,690,RGB,JPEG,
1702,data/images/1702.jpg,True,True,225,282,RGB,JPEG,
1705,data/images/1705.jpg,True,True,230,338,RGB,JPEG,
1706,data/images/1706.jpg,True,True,225,325,RGB,JPEG,
1707,data/images/1707.jpg,True,True,225,350,RGB,JPEG,
1710,data/images/1710.jpg,True,True,225,350,RGB,JPEG,
1712,data/images/1712.jpg,True,True,460,690,RGB,JPEG,
1733,data/images/1733.jpg,True,True,460,676,RGB,JPEG,
1744,data/images/1744.jpg,True,True,225,315,RGB,JPEG,
1745,data/images/1745.jpg,True,True,153,200,RGB,JPEG,
1770,data/images/1770.jpg,True,True,225,350,RGB,JPEG,
1780,data/images/1780.jpg,True,True,225,322,RGB,JPEG,
1785,data/images/1785.jpg,True,True,225,325,RGB,JPEG,
1787,data/images/1787.jpg,True,True,225,350,RGB,JPEG,
1789,data/images/1789.jpg,True,True,225,274,RGB,JPEG,
1792,data/images/1792.jpg,True,True,460,640,RGB,JPEG,
1854,data/images/1854.jpg,True,True,230,322,RGB,JPEG,
1895,data/images/1895.jpg,True,True,225,302,RGB,JPEG,
1937,data/images/1937.jpg,True,True,460,689,RGB,JPEG,
1947,data/images/1947.jpg,True,True,225,350,RGB,JPEG,
1980,data/images/1980.jpg,True,True,230,345,RGB,JPEG,
1996,data/images/1996.jpg,True,True,225,320,RGB,JPEG,
1999,data/images/1999.jpg,True,True,225,282,RGB,JPEG,
2004,data/images/2004.jpg,True,True,460,676,RGB,JPEG,
2007,data/images/2007.jpg,True,True,225,334,RGB,JPEG,
2010,data/images/2010.jpg,True,True,225,319,RGB,JPEG,
2033,data/images/2033.jpg,True,True,225,318,RGB,JPEG,
2146,data/images/2146.jpg,True,True,460,654,RGB,JPEG,
2185,data/images/2185.jpg,True,True,230,328,RGB,JPEG,
2186,data/images/2186.jpg,True,True,225,319,RGB,JPEG,
2190,data/images/2190.jpg,True,True,200,280,RGB,JPEG,
2235,data/images/2235.jpg,True,True,225,308,RGB,JPEG,
2275,data/images/2275.jpg,True,True,225,332,RGB,JPEG,
2346,data/images/2346.jpg,True,True,225,325,RGB,JPEG,
2357,data/images/2357.jpg,True,True,225,306,RGB,JPEG,
2363,data/images/2363.jpg,True,True,460,649,RGB,JPEG,
2377,data/images/2377.jpg,True,True,225,325,RGB,JPEG,
2386,data/images/2386.jpg,True,True,230,358,RGB,JPEG,
2399,data/images/2399.jpg,True,True,225,225,RGB,JPEG,
2430,data/images/2430.jpg,True,True,225,319,RGB,JPEG,
2431,data/images/2431.jpg,True,True,225,309,RGB,JPEG,
2488,data/images/2488.jpg,True,True,225,299,RGB,JPEG,
2512,data/images/2512.jpg,True,True,200,200,RGB,JPEG,
2531,data/images/2531.jpg,True,True,225,350,RGB,JPEG,
2537,data/images/2537.jpg,True,True,460,651,RGB,JPEG,
2541,data/images/2541.jpg,True,True,215,301,RGB,JPEG,
2631,data/images/2631.jpg,True,True,460,690,RGB,JPEG,
2652,data/images/2652.jpg,True,True,225,201,RGB,JPEG,
2655,data/images/2655.jpg,True,True,460,651,RGB,JPEG,
2732,data/images/2732.jpg,True,True,230,304,RGB,JPEG,
2733,data/images/2733.jpg,True,True,460,655,RGB,JPEG,
2777,data/images/2777.jpg,True,True,225,324,RGB,JPEG,
2788,data/images/2788.jpg,True,True,225,350,RGB,JPEG,
2794,data/images/2794.jpg,True,True,225,311,RGB,JPEG,
2797,data/images/2797.jpg,True,True,225,315,RGB,JPEG,
2821,data/images/2821.jpg,True,True,214,314,RGB,JPEG,
2917,data/images/2917.jpg,True,True,225,321,RGB,JPEG,
2943,data/images/2943.jpg,True,True,225,331,RGB,JPEG,
3006,data/images/3006.jpg,True,True,230,328,RGB,JPEG,
3031,data/images/3031.jpg,True,True,230,327,RGB,JPEG,
3033,data/images/3033.jpg,True,True,225,324,RGB,JPEG,
3046,data/images/3046.jpg,True,True,212,305,RGB,JPEG,
3066,data/images/3066.jpg,True,True,225,318,RGB,JPEG,
3080,data/images/3080.jpg,True,True,225,329,RGB,JPEG,
3093,data/images/3093.jpg,True,True,225,303,RGB,JPEG,
3193,data/images/3193.jpg,True,True,230,344,RGB,JPEG,
3271,data/images/3271.jpg,True,True,460,650,RGB,JPEG,
3303,data/images/3303.jpg,True,True,225,334,RGB,JPEG,
3355,data/images/3355.jpg,True,True,225,167,RGB,JPEG,
3384,data/images/3384.jpg,True,True,460,624,RGB,JPEG,
3385,data/images/3385.jpg,True,True,225,319,RGB,JPEG,
3452,data/images/3452.jpg,True,True,225,315,RGB,JPEG,
3490,data/images/3490.jpg,True,True,460,690,RGB,JPEG,
3516,data/images/3516.jpg,True,True,190,270,RGB,JPEG,
3533,data/images/3533.jpg,True,True,225,280,RGB,JPEG,
3560,data/images/3560.jpg,True,True,225,326,RGB,JPEG,
3578,data/images/3578.jpg,True,True,225,328,RGB,JPEG,
3628,data/images/3628.jpg,True,True,225,319,RGB,JPEG,
3744,data/images/3744.jpg,True,True,225,322,RGB,JPEG,
3824,data/images/3824.jpg,True,True,225,323,RGB,JPEG,
3861,data/images/3861.jpg,True,True,225,350,RGB,JPEG,
3902,data/images/3902.jpg,True,True,200,286,RGB,JPEG,
3911,data/images/3911.jpg,True,True,460,650,RGB,JPEG,
3921,data/images/3921.jpg,True,True,225,350,RGB,JPEG,
3922,data/images/3922.jpg,True,True,225,350,RGB,JPEG,
3963,data/images/3963.jpg,True,True,225,318,RGB,JPEG,
3964,data/images/3964.jpg,True,True,209,350,RGB,JPEG,
3981,data/images/3981.jpg,True,True,206,310,RGB,JPEG,
4068,data/images/4068.jpg,True,True,225,283,RGB,JPEG,
4476,data/images/4476.jpg,True,True,225,318,RGB,JPEG,
4488,data/images/4488.jpg,True,True,225,314,RGB,JPEG,
4489,data/images/4489.jpg,True,True,225,310,RGB,JPEG,
4497,data/images/4497.jpg,True,True,225,350,RGB,JPEG,
4557,data/images/4557.jpg,True,True,225,307,RGB,JPEG,
4606,data/images/4606.jpg,True,True,225,311,RGB,JPEG,
4795,data/images/4795.jpg,True,True,225,319,RGB,JPEG,
4799,data/images/4799.jpg,True,True,225,328,RGB,JPEG,
4868,data/images/4868.jpg,True,True,225,326,RGB,JPEG,
4934,data/images/4934.jpg,True,True,205,350,RGB,JPEG,
5051,data/images/5051.jpg,True,True,200,200,RGB,JPEG,
5154,data/images/5154.jpg,True,True,225,318,RGB,JPEG,
5403,data/images/5403.jpg,True,True,225,305,RGB,JPEG,
5458,data/images/5458.jpg,True,True,225,342,RGB,JPEG,
5473,data/images/5473.jpg,True,True,460,690,RGB,JPEG,
5550,data/images/5550.jpg,True,True,225,307,RGB,JPEG,
5559,data/images/5559.jpg,True,True,225,314,RGB,JPEG,
5569,data/images/5569.jpg,True,True,225,319,RGB,JPEG,
5572,data/images/5572.jpg,True,True,225,318,RGB,JPEG,
5590,data/images/5590.jpg,True,True,212,300,RGB,JPEG,
5607,data/images/5607.jpg,True,True,225,321,RGB,JPEG,
5610,data/images/5610.jpg,True,True,460,651,RGB,JPEG,
5646,data/images/5646.jpg,True,True,225,309,RGB,JPEG,
5674,data/images/5674.jpg,True,True,225,327,RGB,JPEG,
5773,data/images/5773.jpg,True,True,225,350,RGB,JPEG,
6622,data/images/6622.jpg,True,True,225,320,RGB,JPEG,
6709,data/images/6709.jpg,True,True,200,150,RGB,JPEG,
7330,data/images/7330.jpg,True,True,225,322,RGB,JPEG,
7474,data/images/7474.jpg,True,True,225,322,RGB,JPEG,
7525,data/images/7525.jpg,True,True,225,307,RGB,JPEG,
8403,data/images/8403.jpg,True,True,225,322,RGB,JPEG,
8431,data/images/8431.jpg,True,True,460,690,RGB,JPEG,
8883,data/images/8883.jpg,True,True,221,350,RGB,JPEG,
8956,data/images/8956.jpg,True,True,225,212,RGB,JPEG,
9304,data/images/9304.jpg,True,True,225,325,RGB,JPEG,
10237,data/images/10237.jpg,True,True,225,320,RGB,JPEG,
10437,data/images/10437.jpg,True,True,225,323,RGB,JPEG,
11995,data/images/11995.jpg,True,True,225,319,RGB,JPEG,
12279,data/images/12279.jpg,True,True,230,323,RGB,JPEG,
12351,data/images/12351.jpg,True,True,225,350,RGB,JPEG,
12551,data/images/12551.jpg,True,True,225,304,RGB,JPEG,
12799,data/images/12799.jpg,True,True,224,350,RGB,JPEG,
13287,data/images/13287.jpg,True,True,225,332,RGB,JPEG,
17219,data/images/17219.jpg,True,True,212,350,RGB,JPEG,
17427,data/images/17427.jpg,True,True,225,318,RGB,JPEG,
17785,data/images/17785.jpg,True,True,225,171,RGB,JPEG,
18005,data/images/18005.jpg,True,True,225,168,RGB,JPEG,
18815,data/images/18815.jpg,True,True,225,313,RGB,JPEG,
19271,data/images/19271.jpg,True,True,225,319,RGB,JPEG,
19907,data/images/19907.jpg,True,True,225,263,RGB,JPEG,
20113,data/images/20113.jpg,True,True,208,350,RGB,JPEG,
20225,data/images/20225.jpg,True,True,209,350,RGB,JPEG,
20857,data/images/20857.jpg,True,True,230,334,RGB,JPEG,
117019,data/images/117019.jpg,True,True,230,358,RGB,JPEG,
121051,data/images/121051.jpg,True,True,230,288,RGB,JPEG,
139884,data/images/139884.jpg,True,True,460,657,RGB,JPEG,
140879,data/images/140879.jpg,True,True,460,657,RGB,JPEG,
145769,data/images/145769.jpg,True,True,230,282,RGB,JPEG,
145770,data/images/145770.jpg,True,True,230,282,RGB,JPEG,
145771,data/images/145771.jpg,True,True,230,282,RGB,JPEG,
148745,data/images/148745.jpg,True,True,230,345,RGB,JPEG,
169082,data/images/169082.jpg,True,True,460,690,RGB,JPEG,
170060,data/images/170060.jpg,True,True,230,130,RGB,JPEG,
177064,data/images/177064.jpg,True,True,460,690,RGB,JPEG,
177467,data/images/177467.jpg,True,True,230,325,RGB,JPEG,
181824,data/images/181824.jpg,True,True,230,329,RGB,JPEG,
200649,data/images/200649.jpg,True,True,460,281,RGB,JPEG,
26,data/images/26.jpg,True,True,460,681,RGB,JPEG,
56,data/images/56.jpg,True,True,230,338,RGB,JPEG,
60,data/images/60.jpg,True,True,460,640,RGB,JPEG,
61,data/images/61.jpg,True,True,225,315,RGB,JPEG,
62,data/images/62.jpg,True,True,460,661,RGB,JPEG,
72,data/images/72.jpg,True,True,460,690,RGB,JPEG,
97,data/images/97.jpg,True,True,460,635,RGB,JPEG,
113,data/images/113.jpg,True,True,460,653,RGB,JPEG,
114,data/images/114.jpg,True,True,460,708,RGB,JPEG,
121,data/images/121.jpg,True,True,460,690,RGB,JPEG,
130,data/images/130.jpg,True,True,460,690,RGB,JPEG,
133,data/images/133.jpg,True,True,460,633,RGB,JPEG,
134,data/images/134.jpg,True,True,460,656,RGB,JPEG,
138,data/images/138.jpg,True,True,460,640,RGB,JPEG,
147,data/images/147.jpg,True,True,460,690,RGB,JPEG,
161,data/images/161.jpg,True,True,460,690,RGB,JPEG,
167,data/images/167.jpg,True,True,230,334,RGB,JPEG,
169,data/images/169.jpg,True,True,460,646,RGB,JPEG,
176,data/images/176.jpg,True,True,225,319,RGB,JPEG,
178,data/images/178.jpg,True,True,230,326,RGB,JPEG,
193,data/images/193.jpg,True,True,225,350,RGB,JPEG,
196,data/images/196.jpg,True,True,225,316,RGB,JPEG,
202,data/images/202.jpg,True,True,460,722,RGB,JPEG,
209,data/images/209.jpg,True,True,460,643,RGB,JPEG,
230,data/images/230.jpg,True,True,460,637,RGB,JPEG,
236,data/images/236.jpg,True,True,460,649,RGB,JPEG,
250,data/images/250.jpg,True,True,230,310,RGB,JPEG,
257,data/images/257.jpg,True,True,460,646,RGB,JPEG,
258,data/images/258.jpg,True,True,225,343,RGB,JPEG,
261,data/images/261.jpg,True,True,225,305,RGB,JPEG,
264,data/images/264.jpg,True,True,460,625,RGB,JPEG,
265,data/images/265.jpg,True,True,460,621,RGB,JPEG,
266,data/images/266.jpg,True,True,460,605,RGB,JPEG,
267,data/images/267.jpg,True,True,460,690,RGB,JPEG,
271,data/images/271.jpg,True,True,225,340,RGB,JPEG,
273,data/images/273.jpg,True,True,460,677,RGB,JPEG,
279,data/images/279.jpg,True,True,460,690,RGB,JPEG,
292,data/images/292.jpg,True,True,460,676,RGB,JPEG,
294,data/images/294.jpg,True,True,460,690,RGB,JPEG,
298,data/images/298.jpg,True,True,460,649,RGB,JPEG,
301,data/images/301.jpg,True,True,460,654,RGB,JPEG,
329,data/images/329.jpg,True,True,460,646,RGB,JPEG,
335,data/images/335.jpg,True,True,460,690,RGB,JPEG,
344,data/images/344.jpg,True,True,460,657,RGB,JPEG,
348,data/images/348.jpg,True,True,225,325,RGB,JPEG,
362,data/images/362.jpg,True,True,225,300,RGB,JPEG,
385,data/images/385.jpg,True,True,460,690,RGB,JPEG,
394,data/images/394.jpg,True,True,460,660,RGB,JPEG,
407,data/images/407.jpg,True,True,460,690,RGB,JPEG,
421,data/images/421.jpg,True,True,230,298,RGB,JPEG,
427,data/images/427.jpg,True,True,460,640,RGB,JPEG,
451,data/images/451.jpg,True,True,460,690,RGB,JPEG,
454,data/images/454.jpg,True,True,225,315,RGB,JPEG,
462,data/images/462.jpg,True,True,460,649,RGB,JPEG,
486,data/images/486.jpg,True,True,460,705,RGB,JPEG,
497,data/images/497.jpg,True,True,225,315,RGB,JPEG,
521,data/images/521.jpg,True,True,460,690,RGB,JPEG,
541,data/images/541.jpg,True,True,225,328,RGB,JPEG,
545,data/images/545.jpg,True,True,225,325,RGB,JPEG,
559,data/images/559.jpg,True,True,460,691,RGB,JPEG,
579,data/images/579.jpg,True,True,225,293,RGB,JPEG,
592,data/images/592.jpg,True,True,225,330,RGB,JPEG,
594,data/images/594.jpg,True,True,225,317,RGB,JPEG,
596,data/images/596.jpg,True,True,225,350,RGB,JPEG,
610,data/images/610.jpg,True,True,460,653,RGB,JPEG,
618,data/images/618.jpg,True,True,225,322,RGB,JPEG,
620,data/images/620.jpg,True,True,225,319,RGB,JPEG,
624,data/images/624.jpg,True,True,460,690,RGB,JPEG,
625,data/images/625.jpg,True,True,460,657,RGB,JPEG,
631,data/images/631.jpg,True,True,460,690,RGB,JPEG,
654,data/images/654.jpg,True,True,225,319,RGB,JPEG,
684,data/images/684.jpg,True,True,460,565,RGB,JPEG,
704,data/images/704.jpg,True,True,460,658,RGB,JPEG,
707,data/images/707.jpg,True,True,225,317,RGB,JPEG,
709,data/images/709.jpg,True,True,460,690,RGB,JPEG,
731,data/images/731.jpg,True,True,460,679,RGB,JPEG,
748,data/images/748.jpg,True,True,220,313,RGB,JPEG,
753,data/images/753.jpg,True,True,225,320,RGB,JPEG,
758,data/images/758.jpg,True,True,460,660,RGB,JPEG,
759,data/images/759.jpg,True,True,460,644,RGB,JPEG,
761,data/images/761.jpg,True,True,225,338,RGB,JPEG,
776,data/images/776.jpg,True,True,225,320,RGB,JPEG,
788,data/images/788.jpg,True,True,225,320,RGB,JPEG,
824,data/images/824.jpg,True,True,460,644,RGB,JPEG,
838,data/images/838.jpg,True,True,460,652,RGB,JPEG,
840,data/images/840.jpg,True,True,225,329,RGB,JPEG,
920,data/images/920.jpg,True,True,460,690,RGB,JPEG,
971,data/images/971.jpg,True,True,460,613,RGB,JPEG,
1014,data/images/1014.jpg,True,True,225,297,RGB,JPEG,
1037,data/images/1037.jpg,True,True,225,317,RGB,JPEG,
1039,data/images/1039.jpg,True,True,225,315,RGB,JPEG,
1050,data/images/1050.jpg,True,True,460,634,RGB,JPEG,
1055,data/images/1055.jpg,True,True,460,636,RGB,JPEG,
1058,data/images/1058.jpg,True,True,225,328,RGB,JPEG,
1083,data/images/1083.jpg,True,True,225,318,RGB,JPEG,
1097,data/images/1097.jpg,True,True,225,317,RGB,JPEG,
1103,data/images/1103.jpg,True,True,225,340,RGB,JPEG,
1113,data/images/1113.jpg,True,True,230,288,RGB,JPEG,
1121,data/images/1121.jpg,True,True,460,648,RGB,JPEG,
1128,data/images/1128.jpg,True,True,225,317,RGB,JPEG,
1129,data/images/1129.jpg,True,True,200,150,RGB,JPEG,
1174,data/images/1174.jpg,True,True,460,690,RGB,JPEG,
1205,data/images/1205.jpg,True,True,225,318,RGB,JPEG,
1209,data/images/1209.jpg,True,True,460,690,RGB,JPEG,
1234,data/images/1234.jpg,True,True,230,345,RGB,JPEG,
1237,data/images/1237.jpg,True,True,225,321,RGB,JPEG,
1238,data/images/1238.jpg,True,True,460,613,RGB,JPEG,
1263,data/images/1263.jpg,True,True,225,350,RGB,JPEG,
1268,data/images/1268.jpg,True,True,230,307,RGB,JPEG,
1303,data/images/1303.jpg,True,True,230,326,RGB,JPEG,
1350,data/images/1350.jpg,True,True,230,345,RGB,JPEG,
1357,data/images/1357.jpg,True,True,225,318,RGB,JPEG,
1359,data/images/1359.jpg,True,True,225,298,RGB,JPEG,
1366,data/images/1366.jpg,True,True,460,572,RGB,JPEG,
1373,data/images/1373.jpg,True,True,225,261,RGB,JPEG,
1403,data/images/1403.jpg,True,True,225,350,RGB,JPEG,
1409,data/images/1409.jpg,True,True,225,126,RGB,JPEG,
1424,data/images/1424.jpg,True,True,460,634,RGB,JPEG,
1456,data/images/1456.jpg,True,True,460,657,RGB,JPEG,
1487,data/images/1487.jpg,True,True,225,320,RGB,JPEG,
1490,data/images/1490.jpg,True,True,225,319,RGB,JPEG,
1510,data/images/1510.jpg,True,True,225,350,RGB,JPEG,
1582,data/images/1582.jpg,True,True,225,311,RGB,JPEG,
1617,data/images/1617.jpg,True,True,230,358,RGB,JPEG,
1635,data/images/1635.jpg,True,True,225,316,RGB,JPEG,
1668,data/images/1668.jpg,True,True,230,342,RGB,JPEG,
1675,data/images/1675.jpg,True,True,220,337,RGB,JPEG,
1679,data/images/1679.jpg,True,True,230,322,RGB,JPEG,
1683,data/images/1683.jpg,True,True,225,321,RGB,JPEG,
1708,data/images/1708.jpg,True,True,460,642,RGB,JPEG,
1713,data/images/1713.jpg,True,True,230,333,RGB,JPEG,
1748,data/images/1748.jpg,True,True,460,655,RGB,JPEG,
1774,data/images/1774.jpg,True,True,460,648,RGB,JPEG,
1782,data/images/1782.jpg,True,True,225,350,RGB,JPEG,
1783,data/images/1783.jpg,True,True,230,335,RGB,JPEG,
1816,data/images/1816.jpg,True,True,460,653,RGB,JPEG,
1837,data/images/1837.jpg,True,True,460,687,RGB,JPEG,
1904,data/images/1904.jpg,True,True,225,281,RGB,JPEG,
1928,data/images/1928.jpg,True,True,225,316,RGB,JPEG,
1946,data/images/1946.jpg,True,True,460,664,RGB,JPEG,
1964,data/images/1964.jpg,True,True,225,315,RGB,JPEG,
1995,data/images/1995.jpg,True,True,225,320,RGB,JPEG,
2015,data/images/2015.jpg,True,True,225,300,RGB,JPEG,
2108,data/images/2108.jpg,True,True,225,315,RGB,JPEG,
2195,data/images/2195.jpg,True,True,225,325,RGB,JPEG,
2208,data/images/2208.jpg,True,True,225,324,RGB,JPEG,
2233,data/images/2233.jpg,True,True,230,326,RGB,JPEG,
2266,data/images/2266.jpg,True,True,225,318,RGB,JPEG,
2348,data/images/2348.jpg,True,True,225,318,RGB,JPEG,
2349,data/images/2349.jpg,True,True,460,787,RGB,JPEG,
2351,data/images/2351.jpg,True,True,225,320,RGB,JPEG,
2352,data/images/2352.jpg,True,True,225,310,RGB,JPEG,
2370,data/images/2370.jpg,True,True,225,319,RGB,JPEG,
2371,data/images/2371.jpg,True,True,225,320,RGB,JPEG,
2372,data/images/2372.jpg,True,True,230,324,RGB,JPEG,
2376,data/images/2376.jpg,True,True,225,313,RGB,JPEG,
2380,data/images/2380.jpg,True,True,225,317,RGB,JPEG,
2382,data/images/2382.jpg,True,True,215,311,RGB,JPEG,
2393,data/images/2393.jpg,True,True,460,583,RGB,JPEG,
2421,data/images/2421.jpg,True,True,225,275,RGB,JPEG,
2432,data/images/2432.jpg,True,True,225,319,RGB,JPEG,
2433,data/images/2433.jpg,True,True,460,651,RGB,JPEG,
2437,data/images/2437.jpg,True,True,225,319,RGB,JPEG,
2444,data/images/2444.jpg,True,True,225,321,RGB,JPEG,
2486,data/images/2486.jpg,True,True,225,297,RGB,JPEG,
2501,data/images/2501.jpg,True,True,230,329,RGB,JPEG,
2532,data/images/2532.jpg,True,True,225,318,RGB,JPEG,
2590,data/images/2590.jpg,True,True,225,321,RGB,JPEG,
2734,data/images/2734.jpg,True,True,225,319,RGB,JPEG,
2735,data/images/2735.jpg,True,True,225,225,RGB,JPEG,
2738,data/images/2738.jpg,True,True,230,323,RGB,JPEG,
2742,data/images/2742.jpg,True,True,225,203,RGB,JPEG,
2778,data/images/2778.jpg,True,True,460,690,RGB,JPEG,
2935,data/images/2935.jpg,True,True,225,319,RGB,JPEG,
2936,data/images/2936.jpg,True,True,225,350,RGB,JPEG,
2944,data/images/2944.jpg,True,True,225,320,RGB,JPEG,
2946,data/images/2946.jpg,True,True,225,342,RGB,JPEG,
2982,data/images/2982.jpg,True,True,225,317,RGB,JPEG,
2988,data/images/2988.jpg,True,True,225,323,RGB,JPEG,
3058,data/images/3058.jpg,True,True,225,350,RGB,JPEG,
3098,data/images/3098.jpg,True,True,460,652,RGB,JPEG,
3101,data/images/3101.jpg,True,True,230,332,RGB,JPEG,
3107,data/images/3107.jpg,True,True,225,327,RGB,JPEG,
3160,data/images/3160.jpg,True,True,225,297,RGB,JPEG,
3190,data/images/3190.jpg,True,True,221,297,RGB,JPEG,
3267,data/images/3267.jpg,True,True,225,327,RGB,JPEG,
3308,data/images/3308.jpg,True,True,225,350,RGB,JPEG,
3309,data/images/3309.jpg,True,True,225,350,RGB,JPEG,
3329,data/images/3329.jpg,True,True,225,315,RGB,JPEG,
3381,data/images/3381.jpg,True,True,225,315,RGB,JPEG,
3402,data/images/3402.jpg,True,True,460,747,RGB,JPEG,
3439,data/images/3439.jpg,True,True,225,350,RGB,JPEG,
3496,data/images/3496.jpg,True,True,225,318,RGB,JPEG,
3519,data/images/3519.jpg,True,True,225,225,RGB,JPEG,
3527,data/images/3527.jpg,True,True,460,650,RGB,JPEG,
3538,data/images/3538.jpg,True,True,225,350,RGB,JPEG,
3547,data/images/3547.jpg,True,True,206,300,RGB,JPEG,
3566,data/images/3566.jpg,True,True,225,316,RGB,JPEG,
3637,data/images/3637.jpg,True,True,460,690,RGB,JPEG,
3772,data/images/3772.jpg,True,True,225,338,RGB,JPEG,
3802,data/images/3802.jpg,True,True,225,350,RGB,JPEG,
4000,data/images/4000.jpg,True,True,460,649,RGB,JPEG,
4011,data/images/4011.jpg,True,True,225,318,RGB,JPEG,
4104,data/images/4104.jpg,True,True,200,138,RGB,JPEG,
4266,data/images/4266.jpg,True,True,460,655,RGB,JPEG,
4298,data/images/4298.jpg,True,True,225,309,RGB,JPEG,
4340,data/images/4340.jpg,True,True,225,325,RGB,JPEG,
4350,data/images/4350.jpg,True,True,225,350,RGB,JPEG,
4363,data/images/4363.jpg,True,True,225,314,RGB,JPEG,
4364,data/images/4364.jpg,True,True,460,769,RGB,JPEG,
4487,data/images/4487.jpg,True,True,225,309,RGB,JPEG,
4603,data/images/4603.jpg,True,True,225,315,RGB,JPEG,
4604,data/images/4604.jpg,True,True,225,294,RGB,JPEG,
4638,data/images/4638.jpg,True,True,225,326,RGB,JPEG,
4692,data/images/4692.jpg,True,True,225,321,RGB,JPEG,
4852,data/images/4852.jpg,True,True,225,328,RGB,JPEG,
5049,data/images/5049.jpg,True,True,225,253,RGB,JPEG,
5071,data/images/5071.jpg,True,True,460,620,RGB,JPEG,
5129,data/images/5129.jpg,True,True,200,274,RGB,JPEG,
5147,data/images/5147.jpg,True,True,225,350,RGB,JPEG,
5288,data/images/5288.jpg,True,True,460,588,RGB,JPEG,
5398,data/images/5398.jpg,True,True,225,323,RGB,JPEG,
5421,data/images/5421.jpg,True,True,200,285,RGB,JPEG,
5529,data/images/5529.jpg,True,True,460,649,RGB,JPEG,
5551,data/images/5551.jpg,True,True,223,350,RGB,JPEG,
5552,data/images/5552.jpg,True,True,216,350,RGB,JPEG,
5555,data/images/5555.jpg,True,True,225,315,RGB,JPEG,
5560,data/images/5560.jpg,True,True,225,323,RGB,JPEG,
5606,data/images/5606.jpg,True,True,225,248,RGB,JPEG,
5613,data/images/5613.jpg,True,True,225,350,RGB,JPEG,
5614,data/images/5614.jpg,True,True,225,315,RGB,JPEG,
5645,data/images/5645.jpg,True,True,212,300,RGB,JPEG,
5715,data/images/5715.jpg,True,True,460,690,RGB,JPEG,
5865,data/images/5865.jpg,True,True,225,320,RGB,JPEG,
6015,data/images/6015.jpg,True,True,225,316,RGB,JPEG,
6328,data/images/6328.jpg,True,True,225,317,RGB,JPEG,
6434,data/images/6434.jpg,True,True,225,169,RGB,JPEG,
6877,data/images/6877.jpg,True,True,460,336,RGB,JPEG,
7048,data/images/7048.jpg,True,True,460,716,RGB,JPEG,
7466,data/images/7466.jpg,True,True,225,127,RGB,JPEG,
7750,data/images/7750.jpg,True,True,230,322,RGB,JPEG,
7751,data/images/7751.jpg,True,True,200,200,RGB,JPEG,
7877,data/images/7877.jpg,True,True,460,649,RGB,JPEG,
8108,data/images/8108.jpg,True,True,225,320,RGB,JPEG,
8229,data/images/8229.jpg,True,True,230,317,RGB,JPEG,
8363,data/images/8363.jpg,True,True,225,313,RGB,JPEG,
8949,data/images/8949.jpg,True,True,225,322,RGB,JPEG,
9568,data/images/9568.jpg,True,True,225,311,RGB,JPEG,
9795,data/images/9795.jpg,True,True,230,327,RGB,JPEG,
10112,data/images/10112.jpg,True,True,230,395,RGB,JPEG,
10239,data/images/10239.jpg,True,True,225,317,RGB,JPEG,
11791,data/images/11791.jpg,True,True,460,646,RGB,JPEG,
12069,data/images/12069.jpg,True,True,230,325,RGB,JPEG,
12225,data/images/12225.jpg,True,True,225,320,RGB,JPEG,
12359,data/images/12359.jpg,True,True,225,161,RGB,JPEG,
12497,data/images/12497.jpg,True,True,225,225,RGB,JPEG,
12725,data/images/12725.jpg,True,True,460,652,RGB,JPEG,
12809,data/images/12809.jpg,True,True,180,180,RGB,JPEG,
14685,data/images/14685.jpg,True,True,225,225,RGB,JPEG,
17959,data/images/17959.jpg,True,True,230,177,RGB,JPEG,
18447,data/images/18447.jpg,True,True,225,308,RGB,JPEG,
18637,data/images/18637.jpg,True,True,230,304,RGB,JPEG,
19497,data/images/19497.jpg,True,True,215,307,RGB,JPEG,
20123,data/images/20123.jpg,True,True,147,200,RGB,JPEG,
20185,data/images/20185.jpg,True,True,225,319,RGB,JPEG,
20189,data/images/20189.jpg,True,True,460,690,RGB,JPEG,
20235,data/images/20235.jpg,True,True,230,327,RGB,JPEG,
99713,data/images/99713.jpg,True,True,230,173,RGB,JPEG,
107627,data/images/107627.jpg,True,True,230,324,RGB,JPEG,
119134,data/images/119134.jpg,True,True,230,323,RGB,JPEG,
129608,data/images/129608.jpg,True,True,460,652,RGB,JPEG,
143390,data/images/143390.jpg,True,True,230,327,RGB,JPEG,
145277,data/images/145277.jpg,True,True,230,169,RGB,JPEG,
145503,data/images/145503.jpg,True,True,230,339,RGB,JPEG,
145772,data/images/145772.jpg,True,True,230,282,RGB,JPEG,
145773,data/images/145773.jpg,True,True,230,282,RGB,JPEG,
145774,data/images/145774.jpg,True,True,230,282,RGB,JPEG,
170426,data/images/170426.jpg,True,True,230,326,RGB,JPEG,
171929,data/images/171929.jpg,True,True,230,325,RGB,JPEG,
186750,data/images/186750.jpg,True,True,230,317,RGB,JPEG,
208054,data/images/208054.jpg,True,True,230,323,RGB,JPEG,
8,data/images/8.jpg,True,True,230,331,RGB,JPEG,
18,data/images/18.jpg,True,True,230,333,RGB,JPEG,
19,data/images/19.jpg,True,True,460,668,RGB,JPEG,
23,data/images/23.jpg,True,True,460,649,RGB,JPEG,
24,data/images/24.jpg,True,True,460,645,RGB,JPEG,
25,data/images/25.jpg,True,True,460,642,RGB,JPEG,
28,data/images/28.jpg,True,True,460,633,RGB,JPEG,
29,data/images/29.jpg,True,True,460,657,RGB,JPEG,
54,data/images/54.jpg,True,True,460,643,RGB,JPEG,
57,data/images/57.jpg,True,True,460,676,RGB,JPEG,
63,data/images/63.jpg,True,True,460,699,RGB,JPEG,
64,data/images/64.jpg,True,True,460,651,RGB,JPEG,
74,data/images/74.jpg,True,True,230,317,RGB,JPEG,
75,data/images/75.jpg,True,True,460,634,RGB,JPEG,
76,data/images/76.jpg,True,True,460,656,RGB,JPEG,
94,data/images/94.jpg,True,True,460,672,RGB,JPEG,
98,data/images/98.jpg,True,True,460,646,RGB,JPEG,
102,data/images/102.jpg,True,True,460,677,RGB,JPEG,
108,data/images/108.jpg,True,True,225,316,RGB,JPEG,
109,data/images/109.jpg,True,True,460,690,RGB,JPEG,
112,data/images/112.jpg,True,True,225,311,RGB,JPEG,
119,data/images/119.jpg,True,True,460,645,RGB,JPEG,
125,data/images/125.jpg,True,True,225,315,RGB,JPEG,
131,data/images/131.jpg,True,True,220,300,RGB,JPEG,
139,data/images/139.jpg,True,True,460,652,RGB,JPEG,
143,data/images/143.jpg,True,True,460,604,RGB,JPEG,
146,data/images/146.jpg,True,True,460,613,RGB,JPEG,
148,data/images/148.jpg,True,True,460,655,RGB,JPEG,
151,data/images/151.jpg,True,True,460,629,RGB,JPEG,
158,data/images/158.jpg,True,True,460,690,RGB,JPEG,
159,data/images/159.jpg,True,True,225,312,RGB,JPEG,
166,data/images/166.jpg,True,True,460,652,RGB,JPEG,
173,data/images/173.jpg,True,True,225,317,RGB,JPEG,
174,data/images/174.jpg,True,True,460,618,RGB,JPEG,
204,data/images/204.jpg,True,True,225,320,RGB,JPEG,
205,data/images/205.jpg,True,True,460,646,RGB,JPEG,
222,data/images/222.jpg,True,True,460,690,RGB,JPEG,
226,data/images/226.jpg,True,True,460,690,RGB,JPEG,
229,data/images/229.jpg,True,True,460,690,RGB,JPEG,
234,data/images/234.jpg,True,True,220,284,RGB,JPEG,
239,data/images/239.jpg,True,True,460,640,RGB,JPEG,
240,data/images/240.jpg,True,True,460,618,RGB,JPEG,
241,data/images/241.jpg,True,True,460,691,RGB,JPEG,
242,data/images/242.jpg,True,True,230,327,RGB,JPEG,
244,data/images/244.jpg,True,True,460,607,RGB,JPEG,
247,data/images/247.jpg,True,True,460,631,RGB,JPEG,
251,data/images/251.jpg,True,True,460,690,RGB,JPEG,
252,data/images/252.jpg,True,True,460,690,RGB,JPEG,
255,data/images/255.jpg,True,True,225,312,RGB,JPEG,
262,data/images/262.jpg,True,True,225,322,RGB,JPEG,
269,data/images/269.jpg,True,True,460,690,RGB,JPEG,
275,data/images/275.jpg,True,True,225,325,RGB,JPEG,
278,data/images/278.jpg,True,True,225,318,RGB,JPEG,
281,data/images/281.jpg,True,True,225,314,RGB,JPEG,
284,data/images/284.jpg,True,True,225,325,RGB,JPEG,
295,data/images/295.jpg,True,True,225,320,RGB,JPEG,
297,data/images/297.jpg,True,True,460,613,RGB,JPEG,
323,data/images/323.jpg,True,True,460,659,RGB,JPEG,
330,data/images/330.jpg,True,True,460,690,RGB,JPEG,
336,data/images/336.jpg,True,True,460,640,RGB,JPEG,
340,data/images/340.jpg,True,True,460,641,RGB,JPEG,
343,data/images/343.jpg,True,True,460,643,RGB,JPEG,
346,data/images/346.jpg,True,True,225,324,RGB,JPEG,
363,data/images/363.jpg,True,True,225,328,RGB,JPEG,
384,data/images/384.jpg,True,True,460,649,RGB,JPEG,
391,data/images/391.jpg,True,True,225,330,RGB,JPEG,
395,data/images/395.jpg,True,True,460,690,RGB,JPEG,
417,data/images/417.jpg,True,True,225,315,RGB,JPEG,
422,data/images/422.jpg,True,True,211,350,RGB,JPEG,
428,data/images/428.jpg,True,True,460,690,RGB,JPEG,
431,data/images/431.jpg,True,True,460,667,RGB,JPEG,
433,data/images/433.jpg,True,True,460,630,RGB,JPEG,
438,data/images/438.jpg,True,True,225,321,RGB,JPEG,
442,data/images/442.jpg,True,True,460,690,RGB,JPEG,
444,data/images/444.jpg,True,True,460,690,RGB,JPEG,
449,data/images/449.jpg,True,True,460,647,RGB,JPEG,
455,data/images/455.jpg,True,True,460,629,RGB,JPEG,
463,data/images/463.jpg,True,True,460,613,RGB,JPEG,
468,data/images/468.jpg,True,True,460,690,RGB,JPEG,
482,data/images/482.jpg,True,True,230,345,RGB,JPEG,
483,data/images/483.jpg,True,True,460,690,RGB,JPEG,
510,data/images/510.jpg,True,True,460,690,RGB,JPEG,
514,data/images/514.jpg,True,True,460,717,RGB,JPEG,
516,data/images/516.jpg,True,True,460,604,RGB,JPEG,
524,data/images/524.jpg,True,True,225,154,RGB,JPEG,
525,data/images/525.jpg,True,True,460,644,RGB,JPEG,
533,data/images/533.jpg,True,True,230,325,RGB,JPEG,
546,data/images/546.jpg,True,True,225,314,RGB,JPEG,
547,data/images/547.jpg,True,True,180,254,RGB,JPEG,
562,data/images/562.jpg,True,True,225,350,RGB,JPEG,
565,data/images/565.jpg,True,True,460,690,RGB,JPEG,
603,data/images/603.jpg,True,True,460,649,RGB,JPEG,
613,data/images/613.jpg,True,True,460,603,RGB,JPEG,
622,data/images/622.jpg,True,True,225,350,RGB,JPEG,
627,data/images/627.jpg,True,True,460,690,RGB,JPEG,
634,data/images/634.jpg,True,True,460,690,RGB,JPEG,
636,data/images/636.jpg,True,True,460,684,RGB,JPEG,
642,data/images/642.jpg,True,True,225,320,RGB,JPEG,
645,data/images/645.jpg,True,True,460,655,RGB,JPEG,
648,data/images/648.jpg,True,True,230,333,RGB,JPEG,
649,data/images/649.jpg,True,True,225,320,RGB,JPEG,
651,data/images/651.jpg,True,True,225,313,RGB,JPEG,
655,data/images/655.jpg,True,True,230,325,RGB,JPEG,
669,data/images/669.jpg,True,True,225,297,RGB,JPEG,
681,data/images/681.jpg,True,True,215,300,RGB,JPEG,
685,data/images/685.jpg,True,True,460,660,RGB,JPEG,
688,data/images/688.jpg,True,True,460,654,RGB,JPEG,
693,data/images/693.jpg,True,True,460,657,RGB,JPEG,
705,data/images/705.jpg,True,True,225,285,RGB,JPEG,
724,data/images/724.jpg,True,True,225,297,RGB,JPEG,
741,data/images/741.jpg,True,True,460,650,RGB,JPEG,
749,data/images/749.jpg,True,True,225,127,RGB,JPEG,
765,data/images/765.jpg,True,True,225,285,RGB,JPEG,
766,data/images/766.jpg,True,True,225,319,RGB,JPEG,
786,data/images/786.jpg,True,True,230,318,RGB,JPEG,
801,data/images/801.jpg,True,True,460,640,RGB,JPEG,
827,data/images/827.jpg,True,True,225,350,RGB,JPEG,
830,data/images/830.jpg,True,True,225,350,RGB,JPEG,
844,data/images/844.jpg,True,True,225,322,RGB,JPEG,
864,data/images/864.jpg,True,True,460,690,RGB,JPEG,
872,data/images/872.jpg,True,True,230,322,RGB,JPEG,
875,data/images/875.jpg,True,True,460,662,RGB,JPEG,
884,data/images/884.jpg,True,True,225,350,RGB,JPEG,
921,data/images/921.jpg,True,True,225,320,RGB,JPEG,
927,data/images/927.jpg,True,True,460,690,RGB,JPEG,
932,data/images/932.jpg,True,True,225,350,RGB,JPEG,
964,data/images/964.jpg,True,True,225,332,RGB,JPEG,
974,data/images/974.jpg,True,True,460,643,RGB,JPEG,
983,data/images/983.jpg,True,True,225,225,RGB,JPEG,
1002,data/images/1002.jpg,True,True,460,690,RGB,JPEG,
1020,data/images/1020.jpg,True,True,225,321,RGB,JPEG,
1023,data/images/1023.jpg,True,True,225,300,RGB,JPEG,
1053,data/images/1053.jpg,True,True,225,320,RGB,JPEG,
1075,data/images/1075.jpg,True,True,225,325,RGB,JPEG,
1082,data/images/1082.jpg,True,True,460,690,RGB,JPEG,
1085,data/images/1085.jpg,True,True,230,323,RGB,JPEG,
1086,data/images/1086.jpg,True,True,460,652,RGB,JPEG,
1099,data/images/1099.jpg,True,True,225,319,RGB,JPEG,
1104,data/images/1104.jpg,True,True,225,317,RGB,JPEG,
1110,data/images/1110.jpg,True,True,460,651,RGB,JPEG,
1122,data/images/1122.jpg,True,True,460,690,RGB,JPEG,
1149,data/images/1149.jpg,True,True,460,690,RGB,JPEG,
1167,data/images/1167.jpg,True,True,225,318,RGB,JPEG,
1192,data/images/1192.jpg,True,True,460,644,RGB,JPEG,
1203,data/images/1203.jpg,True,True,225,314,RGB,JPEG,
1246,data/images/1246.jpg,True,True,460,690,RGB,JPEG,
1259,data/images/1259.jpg,True,True,460,690,RGB,JPEG,
1360,data/images/1360.jpg,True,True,225,350,RGB,JPEG,
1367,data/images/1367.jpg,True,True,460,571,RGB,JPEG,
1371,data/images/1371.jpg,True,True,225,310,RGB,JPEG,
1376,data/images/1376.jpg,True,True,460,650,RGB,JPEG,
1377,data/images/1377.jpg,True,True,230,330,RGB,JPEG,
1388,data/images/1388.jpg,True,True,225,350,RGB,JPEG,
1401,data/images/1401.jpg,True,True,225,321,RGB,JPEG,
1429,data/images/1429.jpg,True,True,460,593,RGB,JPEG,
1500,data/images/1500.jpg,True,True,460,638,RGB,JPEG,
1524,data/images/1524.jpg,True,True,460,647,RGB,JPEG,
1574,data/images/1574.jpg,True,True,225,317,RGB,JPEG,
1586,data/images/1586.jpg,True,True,225,317,RGB,JPEG,
1590,data/images/1590.jpg,True,True,230,352,RGB,JPEG,
1636,data/images/1636.jpg,True,True,225,350,RGB,JPEG,
1656,data/images/1656.jpg,True,True,200,200,RGB,JPEG,
1711,data/images/1711.jpg,True,True,225,328,RGB,JPEG,
1741,data/images/1741.jpg,True,True,200,200,RGB,JPEG,
1746,data/images/1746.jpg,True,True,225,318,RGB,JPEG,
1788,data/images/1788.jpg,True,True,225,294,RGB,JPEG,
1798,data/images/1798.jpg,True,True,225,300,RGB,JPEG,
1839,data/images/1839.jpg,True,True,225,198,RGB,JPEG,
1874,data/images/1874.jpg,True,True,225,169,RGB,JPEG,
1883,data/images/1883.jpg,True,True,225,293,RGB,JPEG,
1894,data/images/1894.jpg,True,True,230,326,RGB,JPEG,
1896,data/images/1896.jpg,True,True,400,574,RGB,JPEG,
1898,data/images/1898.jpg,True,True,460,690,RGB,JPEG,
1917,data/images/1917.jpg,True,True,225,318,RGB,JPEG,
1955,data/images/1955.jpg,True,True,200,282,RGB,JPEG,
1977,data/images/1977.jpg,True,True,225,311,RGB,JPEG,
2021,data/images/2021.jpg,True,True,230,379,RGB,JPEG,
2027,data/images/2027.jpg,True,True,225,317,RGB,JPEG,
2109,data/images/2109.jpg,True,True,225,350,RGB,JPEG,
2134,data/images/2134.jpg,True,True,225,350,RGB,JPEG,
2138,data/images/2138.jpg,True,True,225,301,RGB,JPEG,
2140,data/images/2140.jpg,True,True,210,317,RGB,JPEG,
2145,data/images/2145.jpg,True,True,225,350,RGB,JPEG,
2194,data/images/2194.jpg,True,True,225,350,RGB,JPEG,
2213,data/images/2213.jpg,True,True,460,645,RGB,JPEG,
2234,data/images/2234.jpg,True,True,225,318,RGB,JPEG,
2248,data/images/2248.jpg,True,True,225,317,RGB,JPEG,
2269,data/images/2269.jpg,True,True,230,345,RGB,JPEG,
2276,data/images/2276.jpg,True,True,230,327,RGB,JPEG,
2298,data/images/2298.jpg,True,True,230,347,RGB,JPEG,
2307,data/images/2307.jpg,True,True,225,276,RGB,JPEG,
2309,data/images/2309.jpg,True,True,214,278,RGB,JPEG,
2325,data/images/2325.jpg,True,True,225,321,RGB,JPEG,
2337,data/images/2337.jpg,True,True,230,322,RGB,JPEG,
2378,data/images/2378.jpg,True,True,225,350,RGB,JPEG,
2391,data/images/2391.jpg,True,True,225,350,RGB,JPEG,
2434,data/images/2434.jpg,True,True,225,315,RGB,JPEG,
2435,data/images/2435.jpg,True,True,225,316,RGB,JPEG,
2436,data/images/2436.jpg,True,True,225,303,RGB,JPEG,
2445,data/images/2445.jpg,True,True,225,318,RGB,JPEG,
2490,data/images/2490.jpg,True,True,230,358,RGB,JPEG,
2514,data/images/2514.jpg,True,True,208,350,RGB,JPEG,
2534,data/images/2534.jpg,True,True,460,644,RGB,JPEG,
2588,data/images/2588.jpg,True,True,225,350,RGB,JPEG,
2656,data/images/2656.jpg,True,True,225,320,RGB,JPEG,
2727,data/images/2727.jpg,True,True,225,276,RGB,JPEG,
2740,data/images/2740.jpg,True,True,225,322,RGB,JPEG,
2741,data/images/2741.jpg,True,True,200,200,RGB,JPEG,
2789,data/images/2789.jpg,True,True,230,324,RGB,JPEG,
2791,data/images/2791.jpg,True,True,460,649,RGB,JPEG,
2858,data/images/2858.jpg,True,True,225,332,RGB,JPEG,
2861,data/images/2861.jpg,True,True,225,350,RGB,JPEG,
2862,data/images/2862.jpg,True,True,225,319,RGB,JPEG,
2871,data/images/2871.jpg,True,True,460,690,RGB,JPEG,
2955,data/images/2955.jpg,True,True,225,350,RGB,JPEG,
2956,data/images/2956.jpg,True,True,225,320,RGB,JPEG,
2958,data/images/2958.jpg,True,True,225,350,RGB,JPEG,
2978,data/images/2978.jpg,True,True,460,630,RGB,JPEG,
3048,data/images/3048.jpg,True,True,230,329,RGB,JPEG,
3050,data/images/3050.jpg,True,True,225,350,RGB,JPEG,
3105,data/images/3105.jpg,True,True,225,321,RGB,JPEG,
3108,data/images/3108.jpg,True,True,225,350,RGB,JPEG,
3182,data/images/3182.jpg,True,True,230,340,RGB,JPEG,
3287,data/images/3287.jpg,True,True,230,329,RGB,JPEG,
3324,data/images/3324.jpg,True,True,230,325,RGB,JPEG,
3350,data/images/3350.jpg,True,True,225,318,RGB,JPEG,
3379,data/images/3379.jpg,True,True,225,313,RGB,JPEG,
3468,data/images/3468.jpg,True,True,460,690,RGB,JPEG,
3469,data/images/3469.jpg,True,True,460,690,RGB,JPEG,
3485,data/images/3485.jpg,True,True,200,200,RGB,JPEG,
3497,data/images/3497.jpg,True,True,225,221,RGB,JPEG,
3531,data/images/3531.jpg,True,True,209,350,RGB,JPEG,
3532,data/images/3532.jpg,True,True,200,293,RGB,JPEG,
3556,data/images/3556.jpg,True,True,225,318,RGB,JPEG,
3582,data/images/3582.jpg,True,True,225,350,RGB,JPEG,
3638,data/images/3638.jpg,True,True,230,305,RGB,JPEG,
3920,data/images/3920.jpg,True,True,225,318,RGB,JPEG,
4091,data/images/4091.jpg,True,True,225,116,RGB,JPEG,
4443,data/images/4443.jpg,True,True,460,644,RGB,JPEG,
4558,data/images/4558.jpg,True,True,225,309,RGB,JPEG,
4562,data/images/4562.jpg,True,True,225,308,RGB,JPEG,
4803,data/images/4803.jpg,True,True,225,313,RGB,JPEG,
5208,data/images/5208.jpg,True,True,225,317,RGB,JPEG,
5343,data/images/5343.jpg,True,True,460,622,RGB,JPEG,
5393,data/images/5393.jpg,True,True,225,294,RGB,JPEG,
5399,data/images/5399.jpg,True,True,460,651,RGB,JPEG,
5408,data/images/5408.jpg,True,True,225,350,RGB,JPEG,
5411,data/images/5411.jpg,True,True,230,329,RGB,JPEG,
5608,data/images/5608.jpg,True,True,225,316,RGB,JPEG,
5691,data/images/5691.jpg,True,True,225,336,RGB,JPEG,
5845,data/images/5845.jpg,True,True,225,318,RGB,JPEG,
5967,data/images/5967.jpg,True,True,230,330,RGB,JPEG,
6068,data/images/6068.jpg,True,True,460,653,RGB,JPEG,
7122,data/images/7122.jpg,True,True,225,292,RGB,JPEG,
7571,data/images/7571.jpg,True,True,230,316,RGB,JPEG,
7862,data/images/7862.jpg,True,True,460,330,RGB,JPEG,
7955,data/images/7955.jpg,True,True,187,200,RGB,JPEG,
8109,data/images/8109.jpg,True,True,225,317,RGB,JPEG,
8364,data/images/8364.jpg,True,True,225,321,RGB,JPEG,
8965,data/images/8965.jpg,True,True,225,319,RGB,JPEG,
8966,data/images/8966.jpg,True,True,225,300,RGB,JPEG,
9170,data/images/9170.jpg,True,True,225,201,RGB,JPEG,
9270,data/images/9270.jpg,True,True,225,301,RGB,JPEG,
9486,data/images/9486.jpg,True,True,225,301,RGB,JPEG,
9528,data/images/9528.jpg,True,True,225,153,RGB,JPEG,
9818,data/images/9818.jpg,True,True,225,325,RGB,JPEG,
10242,data/images/10242.jpg,True,True,225,155,RGB,JPEG,
10949,data/images/10949.jpg,True,True,225,321,RGB,JPEG,
10953,data/images/10953.jpg,True,True,225,163,RGB,JPEG,
10987,data/images/10987.jpg,True,True,225,236,RGB,JPEG,
11497,data/images/11497.jpg,True,True,225,313,RGB,JPEG,
11883,data/images/11883.jpg,True,True,160,120,RGB,JPEG,
11897,data/images/11897.jpg,True,True,160,120,RGB,JPEG,
12613,data/images/12613.jpg,True,True,225,323,RGB,JPEG,
12881,data/images/12881.jpg,True,True,225,306,RGB,JPEG,
12981,data/images/12981.jpg,True,True,225,323,RGB,JPEG,
16988,data/images/16988.jpg,True,True,225,321,RGB,JPEG,
17963,data/images/17963.jpg,True,True,225,169,RGB,JPEG,
107302,data/images/107302.jpg,True,True,230,390,RGB,JPEG,
107916,data/images/107916.jpg,True,True,460,332,RGB,JPEG,
108744,data/images/108744.jpg,True,True,230,324,RGB,JPEG,
116032,data/images/116032.jpg,True,True,230,330,RGB,JPEG,
132325,data/images/132325.jpg,True,True,230,326,RGB,JPEG,
145406,data/images/145406.jpg,True,True,230,327,RGB,JPEG,
145775,data/images/145775.jpg,True,True,230,282,RGB,JPEG,
145776,data/images/145776.jpg,True,True,230,282,RGB,JPEG,
154037,data/images/154037.jpg,True,True,230,330,RGB,JPEG,
162693,data/images/162693.jpg,True,True,230,324,RGB,JPEG,
170427,data/images/170427.jpg,True,True,460,690,RGB,JPEG,
171928,data/images/171928.jpg,True,True,230,329,RGB,JPEG,
174124,data/images/174124.jpg,True,True,460,613,RGB,JPEG,
180824,data/images/180824.jpg,True,True,230,323,RGB,JPEG,
181825,data/images/181825.jpg,True,True,230,326,RGB,JPEG,
15,data/images/15.jpg,True,True,460,649,RGB,JPEG,
16,data/images/16.jpg,True,True,460,690,RGB,JPEG,
27,data/images/27.jpg,True,True,460,690,RGB,JPEG,
50,data/images/50.jpg,True,True,460,690,RGB,JPEG,
65,data/images/65.jpg,True,True,460,670,RGB,JPEG,
67,data/images/67.jpg,True,True,460,651,RGB,JPEG,
68,data/images/68.jpg,True,True,460,664,RGB,JPEG,
69,data/images/69.jpg,True,True,460,690,RGB,JPEG,
73,data/images/73.jpg,True,True,460,659,RGB,JPEG,
77,data/images/77.jpg,True,True,460,664,RGB,JPEG,
79,data/images/79.jpg,True,True,460,713,RGB,JPEG,
99,data/images/99.jpg,True,True,460,627,RGB,JPEG,
101,data/images/101.jpg,True,True,460,690,RGB,JPEG,
126,data/images/126.jpg,True,True,225,321,RGB,JPEG,
141,data/images/141.jpg,True,True,225,350,RGB,JPEG,
149,data/images/149.jpg,True,True,460,690,RGB,JPEG,
150,data/images/150.jpg,True,True,460,690,RGB,JPEG,
152,data/images/152.jpg,True,True,460,633,RGB,JPEG,
157,data/images/157.jpg,True,True,460,690,RGB,JPEG,
177,data/images/177.jpg,True,True,460,690,RGB,JPEG,
184,data/images/184.jpg,True,True,230,327,RGB,JPEG,
198,data/images/198.jpg,True,True,460,690,RGB,JPEG,
228,data/images/228.jpg,True,True,460,690,RGB,JPEG,
237,data/images/237.jpg,True,True,460,656,RGB,JPEG,
248,data/images/248.jpg,True,True,225,311,RGB,JPEG,
280,data/images/280.jpg,True,True,225,310,RGB,JPEG,
282,data/images/282.jpg,True,True,225,294,RGB,JPEG,
291,data/images/291.jpg,True,True,460,649,RGB,JPEG,
308,data/images/308.jpg,True,True,460,650,RGB,JPEG,
317,data/images/317.jpg,True,True,230,322,RGB,JPEG,
322,data/images/322.jpg,True,True,460,658,RGB,JPEG,
325,data/images/325.jpg,True,True,460,690,RGB,JPEG,
342,data/images/342.jpg,True,True,225,344,RGB,JPEG,
345,data/images/345.jpg,True,True,460,636,RGB,JPEG,
349,data/images/349.jpg,True,True,225,319,RGB,JPEG,
354,data/images/354.jpg,True,True,460,633,RGB,JPEG,
355,data/images/355.jpg,True,True,460,690,RGB,JPEG,
357,data/images/357.jpg,True,True,460,690,RGB,JPEG,
358,data/images/358.jpg,True,True,225,315,RGB,JPEG,
364,data/images/364.jpg,True,True,460,690,RGB,JPEG,
376,data/images/376.jpg,True,True,230,328,RGB,JPEG,
388,data/images/388.jpg,True,True,460,660,RGB,JPEG,
389,data/images/389.jpg,True,True,225,321,RGB,JPEG,
390,data/images/390.jpg,True,True,460,690,RGB,JPEG,
398,data/images/398.jpg,True,True,460,690,RGB,JPEG,
402,data/images/402.jpg,True,True,460,691,RGB,JPEG,
406,data/images/406.jpg,True,True,460,690,RGB,JPEG,
408,data/images/408.jpg,True,True,460,640,RGB,JPEG,
411,data/images/411.jpg,True,True,460,651,RGB,JPEG,
412,data/images/412.jpg,True,True,460,635,RGB,JPEG,
413,data/images/413.jpg,True,True,460,659,RGB,JPEG,
423,data/images/423.jpg,True,True,225,311,RGB,JPEG,
429,data/images/429.jpg,True,True,460,690,RGB,JPEG,
430,data/images/430.jpg,True,True,400,563,RGB,JPEG,
448,data/images/448.jpg,True,True,460,639,RGB,JPEG,
456,data/images/456.jpg,True,True,225,340,RGB,JPEG,
457,data/images/457.jpg,True,True,460,652,RGB,JPEG,
464,data/images/464.jpg,True,True,460,680,RGB,JPEG,
469,data/images/469.jpg,True,True,460,654,RGB,JPEG,
470,data/images/470.jpg,True,True,230,301,RGB,JPEG,
471,data/images/471.jpg,True,True,460,655,RGB,JPEG,
473,data/images/473.jpg,True,True,460,634,RGB,JPEG,
475,data/images/475.jpg,True,True,200,284,RGB,JPEG,
476,data/images/476.jpg,True,True,225,318,RGB,JPEG,
477,data/images/477.jpg,True,True,460,690,RGB,JPEG,
478,data/images/478.jpg,True,True,460,638,RGB,JPEG,
479,data/images/479.jpg,True,True,460,690,RGB,JPEG,
485,data/images/485.jpg,True,True,460,684,RGB,JPEG,
487,data/images/487.jpg,True,True,460,691,RGB,JPEG,
488,data/images/488.jpg,True,True,460,633,RGB,JPEG,
489,data/images/489.jpg,True,True,460,689,RGB,JPEG,
490,data/images/490.jpg,True,True,230,319,RGB,JPEG,
491,data/images/491.jpg,True,True,225,320,RGB,JPEG,
503,data/images/503.jpg,True,True,225,321,RGB,JPEG,
505,data/images/505.jpg,True,True,460,690,RGB,JPEG,
511,data/images/511.jpg,True,True,460,690,RGB,JPEG,
517,data/images/517.jpg,True,True,230,360,RGB,JPEG,
519,data/images/519.jpg,True,True,460,690,RGB,JPEG,
560,data/images/560.jpg,True,True,460,690,RGB,JPEG,
574,data/images/574.jpg,True,True,460,690,RGB,JPEG,
584,data/images/584.jpg,True,True,460,690,RGB,JPEG,
588,data/images/588.jpg,True,True,225,318,RGB,JPEG,
591,data/images/591.jpg,True,True,460,648,RGB,JPEG,
600,data/images/600.jpg,True,True,225,350,RGB,JPEG,
609,data/images/609.jpg,True,True,230,345,RGB,JPEG,
612,data/images/612.jpg,True,True,460,690,RGB,JPEG,
614,data/images/614.jpg,True,True,460,647,RGB,JPEG,
641,data/images/641.jpg,True,True,225,333,RGB,JPEG,
644,data/images/644.jpg,True,True,460,696,RGB,JPEG,
656,data/images/656.jpg,True,True,225,317,RGB,JPEG,
658,data/images/658.jpg,True,True,460,690,RGB,JPEG,
664,data/images/664.jpg,True,True,225,313,RGB,JPEG,
668,data/images/668.jpg,True,True,225,282,RGB,JPEG,
670,data/images/670.jpg,True,True,460,656,RGB,JPEG,
673,data/images/673.jpg,True,True,225,297,RGB,JPEG,
689,data/images/689.jpg,True,True,225,330,RGB,JPEG,
694,data/images/694.jpg,True,True,225,308,RGB,JPEG,
706,data/images/706.jpg,True,True,225,317,RGB,JPEG,
712,data/images/712.jpg,True,True,225,315,RGB,JPEG,
713,data/images/713.jpg,True,True,460,650,RGB,JPEG,
738,data/images/738.jpg,True,True,460,613,RGB,JPEG,
746,data/images/746.jpg,True,True,225,341,RGB,JPEG,
747,data/images/747.jpg,True,True,225,319,RGB,JPEG,
754,data/images/754.jpg,True,True,460,690,RGB,JPEG,
756,data/images/756.jpg,True,True,460,690,RGB,JPEG,
760,data/images/760.jpg,True,True,225,306,RGB,JPEG,
770,data/images/770.jpg,True,True,225,315,RGB,JPEG,
793,data/images/793.jpg,True,True,460,678,RGB,JPEG,
807,data/images/807.jpg,True,True,225,312,RGB,JPEG,
811,data/images/811.jpg,True,True,225,332,RGB,JPEG,
814,data/images/814.jpg,True,True,225,305,RGB,JPEG,
815,data/images/815.jpg,True,True,460,646,RGB,JPEG,
819,data/images/819.jpg,True,True,225,321,RGB,JPEG,
825,data/images/825.jpg,True,True,230,325,RGB,JPEG,
858,data/images/858.jpg,True,True,230,323,RGB,JPEG,
911,data/images/911.jpg,True,True,230,315,RGB,JPEG,
913,data/images/913.jpg,True,True,225,323,RGB,JPEG,
915,data/images/915.jpg,True,True,230,322,RGB,JPEG,
928,data/images/928.jpg,True,True,460,690,RGB,JPEG,
936,data/images/936.jpg,True,True,460,652,RGB,JPEG,
950,data/images/950.jpg,True,True,460,613,RGB,JPEG,
960,data/images/960.jpg,True,True,225,269,RGB,JPEG,
981,data/images/981.jpg,True,True,225,319,RGB,JPEG,
988,data/images/988.jpg,True,True,230,336,RGB,JPEG,
1003,data/images/1003.jpg,True,True,225,282,RGB,JPEG,
1035,data/images/1035.jpg,True,True,225,332,RGB,JPEG,
1123,data/images/1123.jpg,True,True,225,318,RGB,JPEG,
1135,data/images/1135.jpg,True,True,225,315,RGB,JPEG,
1147,data/images/1147.jpg,True,True,225,296,RGB,JPEG,
1193,data/images/1193.jpg,True,True,225,318,RGB,JPEG,
1196,data/images/1196.jpg,True,True,225,298,RGB,JPEG,
1223,data/images/1223.jpg,True,True,225,255,RGB,JPEG,
1235,data/images/1235.jpg,True,True,225,321,RGB,JPEG,
1241,data/images/1241.jpg,True,True,225,306,RGB,JPEG,
1250,data/images/1250.jpg,True,True,460,690,RGB,JPEG,
1253,data/images/1253.jpg,True,True,230,319,RGB,JPEG,
1316,data/images/1316.jpg,True,True,460,650,RGB,JPEG,
1374,data/images/1374.jpg,True,True,460,622,RGB,JPEG,
1379,data/images/1379.jpg,True,True,460,664,RGB,JPEG,
1389,data/images/1389.jpg,True,True,200,283,RGB,JPEG,
1414,data/images/1414.jpg,True,True,225,307,RGB,JPEG,
1505,data/images/1505.jpg,True,True,460,651,RGB,JPEG,
1514,data/images/1514.jpg,True,True,225,316,RGB,JPEG,
1515,data/images/1515.jpg,True,True,460,582,RGB,JPEG,
1526,data/images/1526.jpg,True,True,230,300,RGB,JPEG,
1532,data/images/1532.jpg,True,True,225,336,RGB,JPEG,
1544,data/images/1544.jpg,True,True,225,350,RGB,JPEG,
1632,data/images/1632.jpg,True,True,230,327,RGB,JPEG,
1642,data/images/1642.jpg,True,True,460,676,RGB,JPEG,
1749,data/images/1749.jpg,True,True,198,284,RGB,JPEG,
1779,data/images/1779.jpg,True,True,225,321,RGB,JPEG,
1817,data/images/1817.jpg,True,True,225,225,RGB,JPEG,
1845,data/images/1845.jpg,True,True,460,690,RGB,JPEG,
1905,data/images/1905.jpg,True,True,225,320,RGB,JPEG,
1907,data/images/1907.jpg,True,True,230,330,RGB,JPEG,
1929,data/images/1929.jpg,True,True,460,645,RGB,JPEG,
1930,data/images/1930.jpg,True,True,460,699,RGB,JPEG,
1931,data/images/1931.jpg,True,True,460,640,RGB,JPEG,
1933,data/images/1933.jpg,True,True,460,690,RGB,JPEG,
1961,data/images/1961.jpg,True,True,230,319,RGB,JPEG,
1967,data/images/1967.jpg,True,True,460,651,RGB,JPEG,
1968,data/images/1968.jpg,True,True,230,323,RGB,JPEG,
1974,data/images/1974.jpg,True,True,460,690,RGB,JPEG,
1983,data/images/1983.jpg,True,True,225,312,RGB,JPEG,
2020,data/images/2020.jpg,True,True,225,316,RGB,JPEG,
2110,data/images/2110.jpg,True,True,460,689,RGB,JPEG,
2111,data/images/2111.jpg,True,True,225,316,RGB,JPEG,
2123,data/images/2123.jpg,True,True,230,345,RGB,JPEG,
2136,data/images/2136.jpg,True,True,460,652,RGB,JPEG,
2137,data/images/2137.jpg,True,True,225,319,RGB,JPEG,
2187,data/images/2187.jpg,True,True,225,350,RGB,JPEG,
2188,data/images/2188.jpg,True,True,225,350,RGB,JPEG,
2260,data/images/2260.jpg,True,True,225,307,RGB,JPEG,
2285,data/images/2285.jpg,True,True,200,282,RGB,JPEG,
2308,data/images/2308.jpg,True,True,225,280,RGB,JPEG,
2396,data/images/2396.jpg,True,True,225,317,RGB,JPEG,
2411,data/images/2411.jpg,True,True,225,350,RGB,JPEG,
2413,data/images/2413.jpg,True,True,230,328,RGB,JPEG,
2438,data/images/2438.jpg,True,True,225,350,RGB,JPEG,
2446,data/images/2446.jpg,True,True,230,322,RGB,JPEG,
2447,data/images/2447.jpg,True,True,225,338,RGB,JPEG,
2449,data/images/2449.jpg,True,True,460,690,RGB,JPEG,
2455,data/images/2455.jpg,True,True,460,654,RGB,JPEG,
2457,data/images/2457.jpg,True,True,230,301,RGB,JPEG,
2489,data/images/2489.jpg,True,True,230,326,RGB,JPEG,
2507,data/images/2507.jpg,True,True,225,323,RGB,JPEG,
2523,data/images/2523.jpg,True,True,225,319,RGB,JPEG,
2539,data/images/2539.jpg,True,True,225,350,RGB,JPEG,
2707,data/images/2707.jpg,True,True,460,534,RGB,JPEG,
2808,data/images/2808.jpg,True,True,225,341,RGB,JPEG,
2840,data/images/2840.jpg,True,True,200,133,RGB,JPEG,
2841,data/images/2841.jpg,True,True,225,350,RGB,JPEG,
2869,data/images/2869.jpg,True,True,230,338,RGB,JPEG,
2873,data/images/2873.jpg,True,True,225,320,RGB,JPEG,
2896,data/images/2896.jpg,True,True,225,320,RGB,JPEG,
2945,data/images/2945.jpg,True,True,225,318,RGB,JPEG,
2951,data/images/2951.jpg,True,True,460,636,RGB,JPEG,
3004,data/images/3004.jpg,True,True,225,311,RGB,JPEG,
3062,data/images/3062.jpg,True,True,225,350,RGB,JPEG,
3070,data/images/3070.jpg,True,True,225,319,RGB,JPEG,
3157,data/images/3157.jpg,True,True,460,644,RGB,JPEG,
3171,data/images/3171.jpg,True,True,225,310,RGB,JPEG,
3250,data/images/3250.jpg,True,True,225,321,RGB,JPEG,
3270,data/images/3270.jpg,True,True,230,332,RGB,JPEG,
3307,data/images/3307.jpg,True,True,225,334,RGB,JPEG,
3336,data/images/3336.jpg,True,True,225,316,RGB,JPEG,
3403,data/images/3403.jpg,True,True,460,653,RGB,JPEG,
3449,data/images/3449.jpg,True,True,460,690,RGB,JPEG,
3465,data/images/3465.jpg,True,True,460,687,RGB,JPEG,
3466,data/images/3466.jpg,True,True,460,690,RGB,JPEG,
3557,data/images/3557.jpg,True,True,225,335,RGB,JPEG,
3581,data/images/3581.jpg,True,True,225,350,RGB,JPEG,
3646,data/images/3646.jpg,True,True,460,690,RGB,JPEG,
3669,data/images/3669.jpg,True,True,225,321,RGB,JPEG,
3681,data/images/3681.jpg,True,True,225,324,RGB,JPEG,
3695,data/images/3695.jpg,True,True,225,319,RGB,JPEG,
3728,data/images/3728.jpg,True,True,225,323,RGB,JPEG,
3729,data/images/3729.jpg,True,True,230,322,RGB,JPEG,
3768,data/images/3768.jpg,True,True,460,604,RGB,JPEG,
3771,data/images/3771.jpg,True,True,225,350,RGB,JPEG,
3832,data/images/3832.jpg,True,True,225,318,RGB,JPEG,
3863,data/images/3863.jpg,True,True,200,150,RGB,JPEG,
3896,data/images/3896.jpg,True,True,230,338,RGB,JPEG,
3976,data/images/3976.jpg,True,True,460,617,RGB,JPEG,
4049,data/images/4049.jpg,True,True,225,169,RGB,JPEG,
4050,data/images/4050.jpg,True,True,230,340,RGB,JPEG,
4070,data/images/4070.jpg,True,True,230,358,RGB,JPEG,
4156,data/images/4156.jpg,True,True,225,322,RGB,JPEG,
4158,data/images/4158.jpg,True,True,225,307,RGB,JPEG,
4314,data/images/4314.jpg,True,True,225,238,RGB,JPEG,
4369,data/images/4369.jpg,True,True,225,317,RGB,JPEG,
4378,data/images/4378.jpg,True,True,225,350,RGB,JPEG,
4416,data/images/4416.jpg,True,True,460,652,RGB,JPEG,
4450,data/images/4450.jpg,True,True,225,169,RGB,JPEG,
4475,data/images/4475.jpg,True,True,211,300,RGB,JPEG,
4508,data/images/4508.jpg,True,True,225,315,RGB,JPEG,
4667,data/images/4667.jpg,True,True,230,324,RGB,JPEG,
5209,data/images/5209.jpg,True,True,225,316,RGB,JPEG,
5324,data/images/5324.jpg,True,True,225,334,RGB,JPEG,
5347,data/images/5347.jpg,True,True,225,320,RGB,JPEG,
5501,data/images/5501.jpg,True,True,225,122,RGB,JPEG,
5568,data/images/5568.jpg,True,True,225,315,RGB,JPEG,
5776,data/images/5776.jpg,True,True,225,169,RGB,JPEG,
5842,data/images/5842.jpg,True,True,225,135,RGB,JPEG,
5844,data/images/5844.jpg,True,True,225,315,RGB,JPEG,
5889,data/images/5889.jpg,True,True,460,631,RGB,JPEG,
5890,data/images/5890.jpg,True,True,230,338,RGB,JPEG,
6107,data/images/6107.jpg,True,True,225,143,RGB,JPEG,
6235,data/images/6235.jpg,True,True,225,350,RGB,JPEG,
6291,data/images/6291.jpg,True,True,460,690,RGB,JPEG,
7510,data/images/7510.jpg,True,True,230,326,RGB,JPEG,
7511,data/images/7511.jpg,True,True,225,254,RGB,JPEG,
7809,data/images/7809.jpg,True,True,225,320,RGB,JPEG,
8189,data/images/8189.jpg,True,True,460,653,RGB,JPEG,
8365,data/images/8365.jpg,True,True,225,322,RGB,JPEG,
8595,data/images/8595.jpg,True,True,225,291,RGB,JPEG,
8687,data/images/8687.jpg,True,True,230,324,RGB,JPEG,
9070,data/images/9070.jpg,True,True,230,324,RGB,JPEG,
9785,data/images/9785.jpg,True,True,225,324,RGB,JPEG,
10947,data/images/10947.jpg,True,True,225,309,RGB,JPEG,
11019,data/images/11019.jpg,True,True,225,319,RGB,JPEG,
13513,data/images/13513.jpg,True,True,230,360,RGB,JPEG,
13793,data/images/13793.jpg,True,True,225,127,RGB,JPEG,
15159,data/images/15159.jpg,True,True,225,350,RGB,JPEG,
15937,data/images/15937.jpg,True,True,225,349,RGB,JPEG,
16776,data/images/16776.jpg,True,True,225,284,RGB,JPEG,
17215,data/images/17215.jpg,True,True,225,318,RGB,JPEG,
17469,data/images/17469.jpg,True,True,230,324,RGB,JPEG,
17493,data/images/17493.jpg,True,True,225,325,RGB,JPEG,
18475,data/images/18475.jpg,True,True,225,318,RGB,JPEG,
18773,data/images/18773.jpg,True,True,225,319,RGB,JPEG,
19479,data/images/19479.jpg,True,True,460,595,RGB,JPEG,
20207,data/images/20207.jpg,True,True,225,320,RGB,JPEG,
108745,data/images/108745.jpg,True,True,230,324,RGB,JPEG,
129157,data/images/129157.jpg,True,True,230,323,RGB,JPEG,
129610,data/images/129610.jpg,True,True,460,653,RGB,JPEG,
129817,data/images/129817.jpg,True,True,460,650,RGB,JPEG,
140307,data/images/140307.jpg,True,True,230,329,RGB,JPEG,
145777,data/images/145777.jpg,True,True,230,282,RGB,JPEG,
145778,data/images/145778.jpg,True,True,230,282,RGB,JPEG,
145795,data/images/145795.jpg,True,True,230,280,RGB,JPEG,
154121,data/images/154121.jpg,True,True,230,329,RGB,JPEG,
170428,data/images/170428.jpg,True,True,230,324,RGB,JPEG,
180823,data/images/180823.jpg,True,True,230,291,RGB,JPEG,
181865,data/images/181865.jpg,True,True,230,229,RGB,JPEG,
187216,data/images/187216.jpg,True,True,230,228,RGB,JPEG,
200376,data/images/200376.jpg,True,True,230,325,RGB,JPEG,
356,data/images/356.jpg,True,True,460,640,RGB,JPEG,
465,data/images/465.jpg,True,True,460,649,RGB,JPEG,
558,data/images/558.jpg,True,True,460,690,RGB,JPEG,
576,data/images/576.jpg,True,True,460,647,RGB,JPEG,
577,data/images/577.jpg,True,True,460,644,RGB,JPEG,
586,data/images/586.jpg,True,True,460,690,RGB,JPEG,
587,data/images/587.jpg,True,True,460,690,RGB,JPEG,
590,data/images/590.jpg,True,True,225,291,RGB,JPEG,
607,data/images/607.jpg,True,True,460,653,RGB,JPEG,
667,data/images/667.jpg,True,True,225,321,RGB,JPEG,
671,data/images/671.jpg,True,True,460,690,RGB,JPEG,
686,data/images/686.jpg,True,True,225,336,RGB,JPEG,
710,data/images/710.jpg,True,True,460,690,RGB,JPEG,
750,data/images/750.jpg,True,True,225,350,RGB,JPEG,
771,data/images/771.jpg,True,True,460,648,RGB,JPEG,
777,data/images/777.jpg,True,True,460,652,RGB,JPEG,
789,data/images/789.jpg,True,True,460,650,RGB,JPEG,
790,data/images/790.jpg,True,True,460,690,RGB,JPEG,
798,data/images/798.jpg,True,True,230,345,RGB,JPEG,
817,data/images/817.jpg,True,True,225,290,RGB,JPEG,
834,data/images/834.jpg,True,True,460,659,RGB,JPEG,
837,data/images/837.jpg,True,True,225,350,RGB,JPEG,
845,data/images/845.jpg,True,True,225,350,RGB,JPEG,
846,data/images/846.jpg,True,True,230,324,RGB,JPEG,
848,data/images/848.jpg,True,True,225,258,RGB,JPEG,
849,data/images/849.jpg,True,True,460,640,RGB,JPEG,
850,data/images/850.jpg,True,True,460,690,RGB,JPEG,
853,data/images/853.jpg,True,True,460,690,RGB,JPEG,
854,data/images/854.jpg,True,True,460,617,RGB,JPEG,
855,data/images/855.jpg,True,True,460,690,RGB,JPEG,
856,data/images/856.jpg,True,True,460,652,RGB,JPEG,
857,data/images/857.jpg,True,True,230,337,RGB,JPEG,
859,data/images/859.jpg,True,True,230,316,RGB,JPEG,
860,data/images/860.jpg,True,True,460,654,RGB,JPEG,
861,data/images/861.jpg,True,True,460,690,RGB,JPEG,
863,data/images/863.jpg,True,True,225,333,RGB,JPEG,
873,data/images/873.jpg,True,True,460,645,RGB,JPEG,
877,data/images/877.jpg,True,True,460,626,RGB,JPEG,
878,data/images/878.jpg,True,True,460,684,RGB,JPEG,
879,data/images/879.jpg,True,True,460,692,RGB,JPEG,
880,data/images/880.jpg,True,True,460,690,RGB,JPEG,
886,data/images/886.jpg,True,True,225,258,RGB,JPEG,
889,data/images/889.jpg,True,True,460,665,RGB,JPEG,
907,data/images/907.jpg,True,True,460,690,RGB,JPEG,
908,data/images/908.jpg,True,True,225,319,RGB,JPEG,
910,data/images/910.jpg,True,True,230,319,RGB,JPEG,
916,data/images/916.jpg,True,True,225,317,RGB,JPEG,
918,data/images/918.jpg,True,True,460,649,RGB,JPEG,
919,data/images/919.jpg,True,True,460,650,RGB,JPEG,
933,data/images/933.jpg,True,True,460,690,RGB,JPEG,
934,data/images/934.jpg,True,True,460,652,RGB,JPEG,
935,data/images/935.jpg,True,True,460,690,RGB,JPEG,
940,data/images/940.jpg,True,True,460,671,RGB,JPEG,
941,data/images/941.jpg,True,True,460,690,RGB,JPEG,
942,data/images/942.jpg,True,True,460,629,RGB,JPEG,
943,data/images/943.jpg,True,True,460,645,RGB,JPEG,
944,data/images/944.jpg,True,True,230,315,RGB,JPEG,
953,data/images/953.jpg,True,True,460,655,RGB,JPEG,
957,data/images/957.jpg,True,True,460,652,RGB,JPEG,
962,data/images/962.jpg,True,True,460,690,RGB,JPEG,
965,data/images/965.jpg,True,True,460,690,RGB,JPEG,
968,data/images/968.jpg,True,True,225,318,RGB,JPEG,
969,data/images/969.jpg,True,True,460,645,RGB,JPEG,
990,data/images/990.jpg,True,True,460,667,RGB,JPEG,
994,data/images/994.jpg,True,True,225,294,RGB,JPEG,
995,data/images/995.jpg,True,True,460,690,RGB,JPEG,
1001,data/images/1001.jpg,True,True,230,328,RGB,JPEG,
1015,data/images/1015.jpg,True,True,460,690,RGB,JPEG,
1031,data/images/1031.jpg,True,True,225,319,RGB,JPEG,
1066,data/images/1066.jpg,True,True,200,200,RGB,JPEG,
1067,data/images/1067.jpg,True,True,460,690,RGB,JPEG,
1070,data/images/1070.jpg,True,True,224,350,RGB,JPEG,
1071,data/images/1071.jpg,True,True,225,306,RGB,JPEG,
1074,data/images/1074.jpg,True,True,225,296,RGB,JPEG,
1140,data/images/1140.jpg,True,True,460,690,RGB,JPEG,
1142,data/images/1142.jpg,True,True,230,325,RGB,JPEG,
1194,data/images/1194.jpg,True,True,460,611,RGB,JPEG,
1195,data/images/1195.jpg,True,True,460,690,RGB,JPEG,
1198,data/images/1198.jpg,True,True,225,313,RGB,JPEG,
1200,data/images/1200.jpg,True,True,460,656,RGB,JPEG,
1202,data/images/1202.jpg,True,True,225,320,RGB,JPEG,
1210,data/images/1210.jpg,True,True,460,650,RGB,JPEG,
1212,data/images/1212.jpg,True,True,460,690,RGB,JPEG,
1214,data/images/1214.jpg,True,True,230,330,RGB,JPEG,
1215,data/images/1215.jpg,True,True,460,599,RGB,JPEG,
1218,data/images/1218.jpg,True,True,230,345,RGB,JPEG,
1219,data/images/1219.jpg,True,True,460,689,RGB,JPEG,
1220,data/images/1220.jpg,True,True,460,690,RGB,JPEG,
1221,data/images/1221.jpg,True,True,460,632,RGB,JPEG,
1222,data/images/1222.jpg,True,True,460,662,RGB,JPEG,
1230,data/images/1230.jpg,True,True,460,615,RGB,JPEG,
1243,data/images/1243.jpg,True,True,230,316,RGB,JPEG,
1247,data/images/1247.jpg,True,True,225,337,RGB,JPEG,
1299,data/images/1299.jpg,True,True,460,690,RGB,JPEG,
1368,data/images/1368.jpg,True,True,225,322,RGB,JPEG,
1410,data/images/1410.jpg,True,True,460,668,RGB,JPEG,
1454,data/images/1454.jpg,True,True,460,690,RGB,JPEG,
1480,data/images/1480.jpg,True,True,225,288,RGB,JPEG,
1482,data/images/1482.jpg,True,True,460,599,RGB,JPEG,
1489,data/images/1489.jpg,True,True,230,345,RGB,JPEG,
1498,data/images/1498.jpg,True,True,460,637,RGB,JPEG,
1501,data/images/1501.jpg,True,True,225,320,RGB,JPEG,
1506,data/images/1506.jpg,True,True,230,326,RGB,JPEG,
1509,data/images/1509.jpg,True,True,460,645,RGB,JPEG,
1516,data/images/1516.jpg,True,True,460,647,RGB,JPEG,
1519,data/images/1519.jpg,True,True,460,690,RGB,JPEG,
1527,data/images/1527.jpg,True,True,460,690,RGB,JPEG,
1530,data/images/1530.jpg,True,True,460,651,RGB,JPEG,
1531,data/images/1531.jpg,True,True,225,326,RGB,JPEG,
1534,data/images/1534.jpg,True,True,460,690,RGB,JPEG,
1535,data/images/1535.jpg,True,True,460,651,RGB,JPEG,
1536,data/images/1536.jpg,True,True,460,690,RGB,JPEG,
1538,data/images/1538.jpg,True,True,460,658,RGB,JPEG,
1541,data/images/1541.jpg,True,True,225,321,RGB,JPEG,
1543,data/images/1543.jpg,True,True,460,650,RGB,JPEG,
1546,data/images/1546.jpg,True,True,460,714,RGB,JPEG,
1554,data/images/1554.jpg,True,True,460,628,RGB,JPEG,
1555,data/images/1555.jpg,True,True,225,291,RGB,JPEG,
1556,data/images/1556.jpg,True,True,460,690,RGB,JPEG,
1557,data/images/1557.jpg,True,True,460,650,RGB,JPEG,
1559,data/images/1559.jpg,True,True,460,630,RGB,JPEG,
1561,data/images/1561.jpg,True,True,225,319,RGB,JPEG,
1562,data/images/1562.jpg,True,True,460,650,RGB,JPEG,
1565,data/images/1565.jpg,True,True,460,690,RGB,JPEG,
1566,data/images/1566.jpg,True,True,460,640,RGB,JPEG,
1568,data/images/1568.jpg,True,True,225,320,RGB,JPEG,
1569,data/images/1569.jpg,True,True,460,625,RGB,JPEG,
1570,data/images/1570.jpg,True,True,225,304,RGB,JPEG,
1571,data/images/1571.jpg,True,True,460,636,RGB,JPEG,
1575,data/images/1575.jpg,True,True,460,654,RGB,JPEG,
1576,data/images/1576.jpg,True,True,225,314,RGB,JPEG,
1578,data/images/1578.jpg,True,True,460,651,RGB,JPEG,
1579,data/images/1579.jpg,True,True,460,690,RGB,JPEG,
1581,data/images/1581.jpg,True,True,460,634,RGB,JPEG,
1583,data/images/1583.jpg,True,True,460,665,RGB,JPEG,
1584,data/images/1584.jpg,True,True,225,317,RGB,JPEG,
1587,data/images/1587.jpg,True,True,460,690,RGB,JPEG,
1588,data/images/1588.jpg,True,True,225,302,RGB,JPEG,
1589,data/images/1589.jpg,True,True,460,690,RGB,JPEG,
1591,data/images/1591.jpg,True,True,460,690,RGB,JPEG,
1592,data/images/1592.jpg,True,True,460,690,RGB,JPEG,
1594,data/images/1594.jpg,True,True,230,341,RGB,JPEG,
1600,data/images/1600.jpg,True,True,225,350,RGB,JPEG,
1601,data/images/1601.jpg,True,True,400,560,RGB,JPEG,
1602,data/images/1602.jpg,True,True,225,313,RGB,JPEG,
1603,data/images/1603.jpg,True,True,225,311,RGB,JPEG,
1604,data/images/1604.jpg,True,True,460,679,RGB,JPEG,
1606,data/images/1606.jpg,True,True,460,690,RGB,JPEG,
1609,data/images/1609.jpg,True,True,460,640,RGB,JPEG,
1619,data/images/1619.jpg,True,True,225,303,RGB,JPEG,
1621,data/images/1621.jpg,True,True,225,294,RGB,JPEG,
1639,data/images/1639.jpg,True,True,225,349,RGB,JPEG,
1648,data/images/1648.jpg,True,True,225,289,RGB,JPEG,
1654,data/images/1654.jpg,True,True,225,313,RGB,JPEG,
1655,data/images/1655.jpg,True,True,225,319,RGB,JPEG,
1659,data/images/1659.jpg,True,True,225,322,RGB,JPEG,
1681,data/images/1681.jpg,True,True,230,329,RGB,JPEG,
1682,data/images/1682.jpg,True,True,460,690,RGB,JPEG,
1686,data/images/1686.jpg,True,True,460,651,RGB,JPEG,
1692,data/images/1692.jpg,True,True,225,338,RGB,JPEG,
1703,data/images/1703.jpg,True,True,225,317,RGB,JPEG,
1718,data/images/1718.jpg,True,True,460,690,RGB,JPEG,
1719,data/images/1719.jpg,True,True,460,649,RGB,JPEG,
1729,data/images/1729.jpg,True,True,460,690,RGB,JPEG,
1732,data/images/1732.jpg,True,True,225,319,RGB,JPEG,
1738,data/images/1738.jpg,True,True,460,667,RGB,JPEG,
1739,data/images/1739.jpg,True,True,225,229,RGB,JPEG,
1740,data/images/1740.jpg,True,True,230,329,RGB,JPEG,
1747,data/images/1747.jpg,True,True,460,690,RGB,JPEG,
1750,data/images/1750.jpg,True,True,198,284,RGB,JPEG,
1771,data/images/1771.jpg,True,True,460,644,RGB,JPEG,
1773,data/images/1773.jpg,True,True,460,647,RGB,JPEG,
1790,data/images/1790.jpg,True,True,225,225,RGB,JPEG,
1812,data/images/1812.jpg,True,True,460,690,RGB,JPEG,
1813,data/images/1813.jpg,True,True,225,319,RGB,JPEG,
1828,data/images/1828.jpg,True,True,225,294,RGB,JPEG,
1829,data/images/1829.jpg,True,True,460,651,RGB,JPEG,
1830,data/images/1830.jpg,True,True,225,225,RGB,JPEG,
1835,data/images/1835.jpg,True,True,460,690,RGB,JPEG,
1838,data/images/1838.jpg,True,True,225,318,RGB,JPEG,
1841,data/images/1841.jpg,True,True,225,315,RGB,JPEG,
1843,data/images/1843.jpg,True,True,225,308,RGB,JPEG,
1847,data/images/1847.jpg,True,True,230,361,RGB,JPEG,
1856,data/images/1856.jpg,True,True,225,317,RGB,JPEG,
1857,data/images/1857.jpg,True,True,225,288,RGB,JPEG,
1863,data/images/1863.jpg,True,True,200,286,RGB,JPEG,
1868,data/images/1868.jpg,True,True,230,319,RGB,JPEG,
1872,data/images/1872.jpg,True,True,225,157,RGB,JPEG,
1881,data/images/1881.jpg,True,True,225,301,RGB,JPEG,
1882,data/images/1882.jpg,True,True,225,319,RGB,JPEG,
1884,data/images/1884.jpg,True,True,460,631,RGB,JPEG,
1886,data/images/1886.jpg,True,True,460,660,RGB,JPEG,
1903,data/images/1903.jpg,True,True,225,317,RGB,JPEG,
1906,data/images/1906.jpg,True,True,225,350,RGB,JPEG,
1911,data/images/1911.jpg,True,True,460,593,RGB,JPEG,
1912,data/images/1912.jpg,True,True,225,320,RGB,JPEG,
1916,data/images/1916.jpg,True,True,225,318,RGB,JPEG,
1943,data/images/1943.jpg,True,True,230,340,RGB,JPEG,
1969,data/images/1969.jpg,True,True,460,648,RGB,JPEG,
2024,data/images/2024.jpg,True,True,225,317,RGB,JPEG,
2135,data/images/2135.jpg,True,True,225,281,RGB,JPEG,
2139,data/images/2139.jpg,True,True,460,690,RGB,JPEG,
2144,data/images/2144.jpg,True,True,460,656,RGB,JPEG,
2154,data/images/2154.jpg,True,True,460,666,RGB,JPEG,
2181,data/images/2181.jpg,True,True,225,320,RGB,JPEG,
2201,data/images/2201.jpg,True,True,460,643,RGB,JPEG,
2214,data/images/2214.jpg,True,True,460,604,RGB,JPEG,
2232,data/images/2232.jpg,True,True,225,259,RGB,JPEG,
2236,data/images/2236.jpg,True,True,460,680,RGB,JPEG,
2244,data/images/2244.jpg,True,True,225,318,RGB,JPEG,
2294,data/images/2294.jpg,True,True,230,345,RGB,JPEG,
2319,data/images/2319.jpg,True,True,225,297,RGB,JPEG,
2329,data/images/2329.jpg,True,True,225,318,RGB,JPEG,
2388,data/images/2388.jpg,True,True,225,317,RGB,JPEG,
2392,data/images/2392.jpg,True,True,460,650,RGB,JPEG,
2394,data/images/2394.jpg,True,True,225,317,RGB,JPEG,
2395,data/images/2395.jpg,True,True,225,350,RGB,JPEG,
2407,data/images/2407.jpg,True,True,460,644,RGB,JPEG,
2448,data/images/2448.jpg,True,True,460,653,RGB,JPEG,
2464,data/images/2464.jpg,True,True,230,331,RGB,JPEG,
2505,data/images/2505.jpg,True,True,225,320,RGB,JPEG,
2506,data/images/2506.jpg,True,True,225,325,RGB,JPEG,
2518,data/images/2518.jpg,True,True,225,319,RGB,JPEG,
2580,data/images/2580.jpg,True,True,225,307,RGB,JPEG,
2589,data/images/2589.jpg,True,True,230,327,RGB,JPEG,
2606,data/images/2606.jpg,True,True,230,328,RGB,JPEG,
2619,data/images/2619.jpg,True,True,230,322,RGB,JPEG,
2713,data/images/2713.jpg,True,True,225,318,RGB,JPEG,
2717,data/images/2717.jpg,True,True,460,654,RGB,JPEG,
2767,data/images/2767.jpg,True,True,460,676,RGB,JPEG,
2786,data/images/2786.jpg,True,True,225,308,RGB,JPEG,
2842,data/images/2842.jpg,True,True,460,621,RGB,JPEG,
2859,data/images/2859.jpg,True,True,225,315,RGB,JPEG,
2866,data/images/2866.jpg,True,True,225,338,RGB,JPEG,
2867,data/images/2867.jpg,True,True,225,350,RGB,JPEG,
2868,data/images/2868.jpg,True,True,225,320,RGB,JPEG,
2870,data/images/2870.jpg,True,True,225,318,RGB,JPEG,
2875,data/images/2875.jpg,True,True,225,350,RGB,JPEG,
2910,data/images/2910.jpg,True,True,200,253,RGB,JPEG,
2950,data/images/2950.jpg,True,True,460,648,RGB,JPEG,
2954,data/images/2954.jpg,True,True,460,690,RGB,JPEG,
2957,data/images/2957.jpg,True,True,225,350,RGB,JPEG,
2960,data/images/2960.jpg,True,True,225,324,RGB,JPEG,
3028,data/images/3028.jpg,True,True,230,332,RGB,JPEG,
3034,data/images/3034.jpg,True,True,225,323,RGB,JPEG,
3112,data/images/3112.jpg,True,True,225,289,RGB,JPEG,
3113,data/images/3113.jpg,True,True,225,318,RGB,JPEG,
3138,data/images/3138.jpg,True,True,225,350,RGB,JPEG,
3286,data/images/3286.jpg,True,True,225,314,RGB,JPEG,
3372,data/images/3372.jpg,True,True,225,214,RGB,JPEG,
3414,data/images/3414.jpg,True,True,225,155,RGB,JPEG,
3422,data/images/3422.jpg,True,True,225,350,RGB,JPEG,
3478,data/images/3478.jpg,True,True,225,325,RGB,JPEG,
3517,data/images/3517.jpg,True,True,225,320,RGB,JPEG,
3535,data/images/3535.jpg,True,True,460,651,RGB,JPEG,
3537,data/images/3537.jpg,True,True,225,350,RGB,JPEG,
3559,data/images/3559.jpg,True,True,400,566,RGB,JPEG,
3570,data/images/3570.jpg,True,True,225,149,RGB,JPEG,
3580,data/images/3580.jpg,True,True,225,321,RGB,JPEG,
3659,data/images/3659.jpg,True,True,460,648,RGB,JPEG,
3706,data/images/3706.jpg,True,True,225,328,RGB,JPEG,
3747,data/images/3747.jpg,True,True,460,632,RGB,JPEG,
3769,data/images/3769.jpg,True,True,460,634,RGB,JPEG,
3793,data/images/3793.jpg,True,True,225,323,RGB,JPEG,
3795,data/images/3795.jpg,True,True,225,319,RGB,JPEG,
3854,data/images/3854.jpg,True,True,460,690,RGB,JPEG,
3888,data/images/3888.jpg,True,True,225,321,RGB,JPEG,
3992,data/images/3992.jpg,True,True,460,657,RGB,JPEG,
3998,data/images/3998.jpg,True,True,460,657,RGB,JPEG,
4004,data/images/4004.jpg,True,True,225,315,RGB,JPEG,
4101,data/images/4101.jpg,True,True,225,280,RGB,JPEG,
4114,data/images/4114.jpg,True,True,230,354,RGB,JPEG,
4124,data/images/4124.jpg,True,True,225,315,RGB,JPEG,
4306,data/images/4306.jpg,True,True,225,145,RGB,JPEG,
4316,data/images/4316.jpg,True,True,198,250,RGB,JPEG,
4353,data/images/4353.jpg,True,True,225,126,RGB,JPEG,
4365,data/images/4365.jpg,True,True,230,321,RGB,JPEG,
4399,data/images/4399.jpg,True,True,225,320,RGB,JPEG,
4563,data/images/4563.jpg,True,True,225,317,RGB,JPEG,
4698,data/images/4698.jpg,True,True,225,320,RGB,JPEG,
4737,data/images/4737.jpg,True,True,230,325,RGB,JPEG,
4823,data/images/4823.jpg,True,True,460,656,RGB,JPEG,
4851,data/images/4851.jpg,True,True,225,317,RGB,JPEG,
4910,data/images/4910.jpg,True,True,225,317,RGB,JPEG,
5108,data/images/5108.jpg,True,True,225,296,RGB,JPEG,
5167,data/images/5167.jpg,True,True,225,310,RGB,JPEG,
5244,data/images/5244.jpg,True,True,460,653,RGB,JPEG,
5321,data/images/5321.jpg,True,True,225,350,RGB,JPEG,
5374,data/images/5374.jpg,True,True,225,321,RGB,JPEG,
5401,data/images/5401.jpg,True,True,225,296,RGB,JPEG,
5576,data/images/5576.jpg,True,True,225,321,RGB,JPEG,
5644,data/images/5644.jpg,True,True,225,282,RGB,JPEG,
5783,data/images/5783.jpg,True,True,225,127,RGB,JPEG,
5785,data/images/5785.jpg,True,True,225,305,RGB,JPEG,
5821,data/images/5821.jpg,True,True,460,652,RGB,JPEG,
5968,data/images/5968.jpg,True,True,460,524,RGB,JPEG,
6077,data/images/6077.jpg,True,True,225,270,RGB,JPEG,
6181,data/images/6181.jpg,True,True,225,308,RGB,JPEG,
6182,data/images/6182.jpg,True,True,225,305,RGB,JPEG,
6183,data/images/6183.jpg,True,True,225,305,RGB,JPEG,
6266,data/images/6266.jpg,True,True,225,305,RGB,JPEG,
6270,data/images/6270.jpg,True,True,225,305,RGB,JPEG,
6271,data/images/6271.jpg,True,True,225,305,RGB,JPEG,
6273,data/images/6273.jpg,True,True,225,304,RGB,JPEG,
6330,data/images/6330.jpg,True,True,225,169,RGB,JPEG,
6463,data/images/6463.jpg,True,True,230,173,RGB,JPEG,
6657,data/images/6657.jpg,True,True,225,264,RGB,JPEG,
6721,data/images/6721.jpg,True,True,225,322,RGB,JPEG,
6741,data/images/6741.jpg,True,True,225,321,RGB,JPEG,
6939,data/images/6939.jpg,True,True,225,275,RGB,JPEG,
7547,data/images/7547.jpg,True,True,230,328,RGB,JPEG,
7982,data/images/7982.jpg,True,True,225,337,RGB,JPEG,
8205,data/images/8205.jpg,True,True,215,305,RGB,JPEG,
8278,data/images/8278.jpg,True,True,460,637,RGB,JPEG,
8345,data/images/8345.jpg,True,True,225,305,RGB,JPEG,
8366,data/images/8366.jpg,True,True,460,653,RGB,JPEG,
8491,data/images/8491.jpg,True,True,225,318,RGB,JPEG,
8533,data/images/8533.jpg,True,True,230,360,RGB,JPEG,
8900,data/images/8900.jpg,True,True,225,158,RGB,JPEG,
9426,data/images/9426.jpg,True,True,225,298,RGB,JPEG,
9445,data/images/9445.jpg,True,True,225,310,RGB,JPEG,
9786,data/images/9786.jpg,True,True,225,321,RGB,JPEG,
9821,data/images/9821.jpg,True,True,225,239,RGB,JPEG,
10207,data/images/10207.jpg,True,True,223,311,RGB,JPEG,
10525,data/images/10525.jpg,True,True,200,143,RGB,JPEG,
10627,data/images/10627.jpg,True,True,225,158,RGB,JPEG,
10948,data/images/10948.jpg,True,True,225,309,RGB,JPEG,
11009,data/images/11009.jpg,True,True,460,658,RGB,JPEG,
11521,data/images/11521.jpg,True,True,225,317,RGB,JPEG,
11869,data/images/11869.jpg,True,True,225,319,RGB,JPEG,
13503,data/images/13503.jpg,True,True,185,236,RGB,JPEG,
13643,data/images/13643.jpg,True,True,225,350,RGB,JPEG,
13679,data/images/13679.jpg,True,True,225,169,RGB,JPEG,
15815,data/images/15815.jpg,True,True,225,320,RGB,JPEG,
15913,data/images/15913.jpg,True,True,225,317,RGB,JPEG,
17006,data/images/17006.jpg,True,True,225,316,RGB,JPEG,
17291,data/images/17291.jpg,True,True,225,303,RGB,JPEG,
18591,data/images/18591.jpg,True,True,225,319,RGB,JPEG,
20461,data/images/20461.jpg,True,True,460,667,RGB,JPEG,
20562,data/images/20562.jpg,True,True,225,318,RGB,JPEG,
20568,data/images/20568.jpg,True,True,225,321,RGB,JPEG,
103468,data/images/103468.jpg,True,True,460,656,RGB,JPEG,
104436,data/images/104436.jpg,True,True,230,307,RGB,JPEG,
107295,data/images/107295.jpg,True,True,230,362,RGB,JPEG,
110453,data/images/110453.jpg,True,True,230,280,RGB,JPEG,
119771,data/images/119771.jpg,True,True,230,325,RGB,JPEG,
123074,data/images/123074.jpg,True,True,460,690,RGB,JPEG,
126318,data/images/126318.jpg,True,True,230,327,RGB,JPEG,
129867,data/images/129867.jpg,True,True,460,649,RGB,JPEG,
131957,data/images/131957.jpg,True,True,460,690,RGB,JPEG,
145779,data/images/145779.jpg,True,True,230,282,RGB,JPEG,
145780,data/images/145780.jpg,True,True,230,282,RGB,JPEG,
147928,data/images/147928.jpg,True,True,230,329,RGB,JPEG,
158541,data/images/158541.jpg,True,True,230,330,RGB,JPEG,
171760,data/images/171760.jpg,True,True,230,328,RGB,JPEG,
173824,data/images/173824.jpg,True,True,460,600,RGB,JPEG,
179757,data/images/179757.jpg,True,True,230,330,RGB,JPEG,
181826,data/images/181826.jpg,True,True,230,331,RGB,JPEG,
1292,data/images/1292.jpg,True,True,460,690,RGB,JPEG,
1607,data/images/1607.jpg,True,True,230,319,RGB,JPEG,
1688,data/images/1688.jpg,True,True,460,651,RGB,JPEG,
1689,data/images/1689.jpg,True,True,460,690,RGB,JPEG,
1690,data/images/1690.jpg,True,True,460,668,RGB,JPEG,
1691,data/images/1691.jpg,True,True,460,649,RGB,JPEG,
1693,data/images/1693.jpg,True,True,460,675,RGB,JPEG,
1694,data/images/1694.jpg,True,True,460,690,RGB,JPEG,
1695,data/images/1695.jpg,True,True,460,649,RGB,JPEG,
1696,data/images/1696.jpg,True,True,460,690,RGB,JPEG,
1698,data/images/1698.jpg,True,True,460,690,RGB,JPEG,
1699,data/images/1699.jpg,True,True,460,658,RGB,JPEG,
1720,data/images/1720.jpg,True,True,460,657,RGB,JPEG,
1721,data/images/1721.jpg,True,True,225,317,RGB,JPEG,
1722,data/images/1722.jpg,True,True,460,649,RGB,JPEG,
1723,data/images/1723.jpg,True,True,460,640,RGB,JPEG,
1724,data/images/1724.jpg,True,True,460,651,RGB,JPEG,
1725,data/images/1725.jpg,True,True,225,317,RGB,JPEG,
1726,data/images/1726.jpg,True,True,460,652,RGB,JPEG,
1727,data/images/1727.jpg,True,True,460,652,RGB,JPEG,
1731,data/images/1731.jpg,True,True,460,636,RGB,JPEG,
1735,data/images/1735.jpg,True,True,460,650,RGB,JPEG,
1807,data/images/1807.jpg,True,True,225,315,RGB,JPEG,
1808,data/images/1808.jpg,True,True,460,690,RGB,JPEG,
1810,data/images/1810.jpg,True,True,225,316,RGB,JPEG,
1815,data/images/1815.jpg,True,True,230,345,RGB,JPEG,
1818,data/images/1818.jpg,True,True,460,667,RGB,JPEG,
1826,data/images/1826.jpg,True,True,225,350,RGB,JPEG,
1827,data/images/1827.jpg,True,True,460,634,RGB,JPEG,
1836,data/images/1836.jpg,True,True,225,350,RGB,JPEG,
1840,data/images/1840.jpg,True,True,460,621,RGB,JPEG,
1842,data/images/1842.jpg,True,True,460,690,RGB,JPEG,
1852,data/images/1852.jpg,True,True,460,652,RGB,JPEG,
1858,data/images/1858.jpg,True,True,460,690,RGB,JPEG,
1860,data/images/1860.jpg,True,True,460,659,RGB,JPEG,
1862,data/images/1862.jpg,True,True,225,320,RGB,JPEG,
1864,data/images/1864.jpg,True,True,460,651,RGB,JPEG,
1865,data/images/1865.jpg,True,True,225,346,RGB,JPEG,
1878,data/images/1878.jpg,True,True,460,690,RGB,JPEG,
1885,data/images/1885.jpg,True,True,225,324,RGB,JPEG,
1887,data/images/1887.jpg,True,True,460,690,RGB,JPEG,
1888,data/images/1888.jpg,True,True,460,662,RGB,JPEG,
1889,data/images/1889.jpg,True,True,460,656,RGB,JPEG,
1902,data/images/1902.jpg,True,True,225,219,RGB,JPEG,
1914,data/images/1914.jpg,True,True,460,656,RGB,JPEG,
1915,data/images/1915.jpg,True,True,460,636,RGB,JPEG,
1932,data/images/1932.jpg,True,True,460,613,RGB,JPEG,
1941,data/images/1941.jpg,True,True,460,650,RGB,JPEG,
1942,data/images/1942.jpg,True,True,211,300,RGB,JPEG,
1953,data/images/1953.jpg,True,True,225,324,RGB,JPEG,
1956,data/images/1956.jpg,True,True,460,652,RGB,JPEG,
1965,data/images/1965.jpg,True,True,460,590,RGB,JPEG,
1988,data/images/1988.jpg,True,True,225,308,RGB,JPEG,
1991,data/images/1991.jpg,True,True,225,319,RGB,JPEG,
2001,data/images/2001.jpg,True,True,460,656,RGB,JPEG,
2002,data/images/2002.jpg,True,True,460,690,RGB,JPEG,
2025,data/images/2025.jpg,True,True,230,340,RGB,JPEG,
2026,data/images/2026.jpg,True,True,460,655,RGB,JPEG,
2030,data/images/2030.jpg,True,True,460,690,RGB,JPEG,
2031,data/images/2031.jpg,True,True,460,676,RGB,JPEG,
2032,data/images/2032.jpg,True,True,225,318,RGB,JPEG,
2034,data/images/2034.jpg,True,True,460,690,RGB,JPEG,
2035,data/images/2035.jpg,True,True,460,664,RGB,JPEG,
2104,data/images/2104.jpg,True,True,460,669,RGB,JPEG,
2105,data/images/2105.jpg,True,True,225,320,RGB,JPEG,
2106,data/images/2106.jpg,True,True,225,318,RGB,JPEG,
2107,data/images/2107.jpg,True,True,460,650,RGB,JPEG,
2112,data/images/2112.jpg,True,True,460,690,RGB,JPEG,
2130,data/images/2130.jpg,True,True,225,310,RGB,JPEG,
2131,data/images/2131.jpg,True,True,460,690,RGB,JPEG,
2132,data/images/2132.jpg,True,True,460,639,RGB,JPEG,
2142,data/images/2142.jpg,True,True,225,321,RGB,JPEG,
2143,data/images/2143.jpg,True,True,460,656,RGB,JPEG,
2148,data/images/2148.jpg,True,True,217,350,RGB,JPEG,
2152,data/images/2152.jpg,True,True,460,690,RGB,JPEG,
2153,data/images/2153.jpg,True,True,460,642,RGB,JPEG,
2155,data/images/2155.jpg,True,True,225,328,RGB,JPEG,
2156,data/images/2156.jpg,True,True,460,690,RGB,JPEG,
2157,data/images/2157.jpg,True,True,460,676,RGB,JPEG,
2158,data/images/2158.jpg,True,True,460,636,RGB,JPEG,
2159,data/images/2159.jpg,True,True,460,695,RGB,JPEG,
2161,data/images/2161.jpg,True,True,230,345,RGB,JPEG,
2162,data/images/2162.jpg,True,True,225,350,RGB,JPEG,
2163,data/images/2163.jpg,True,True,460,690,RGB,JPEG,
2164,data/images/2164.jpg,True,True,460,681,RGB,JPEG,
2165,data/images/2165.jpg,True,True,225,320,RGB,JPEG,
2166,data/images/2166.jpg,True,True,460,584,RGB,JPEG,
2167,data/images/2167.jpg,True,True,460,647,RGB,JPEG,
2168,data/images/2168.jpg,True,True,225,318,RGB,JPEG,
2169,data/images/2169.jpg,True,True,225,314,RGB,JPEG,
2170,data/images/2170.jpg,True,True,225,310,RGB,JPEG,
2171,data/images/2171.jpg,True,True,460,613,RGB,JPEG,
2172,data/images/2172.jpg,True,True,225,304,RGB,JPEG,
2173,data/images/2173.jpg,True,True,230,327,RGB,JPEG,
2174,data/images/2174.jpg,True,True,230,309,RGB,JPEG,
2175,data/images/2175.jpg,True,True,460,642,RGB,JPEG,
2176,data/images/2176.jpg,True,True,460,690,RGB,JPEG,
2178,data/images/2178.jpg,True,True,225,320,RGB,JPEG,
2198,data/images/2198.jpg,True,True,460,690,RGB,JPEG,
2205,data/images/2205.jpg,True,True,460,645,RGB,JPEG,
2212,data/images/2212.jpg,True,True,230,345,RGB,JPEG,
2215,data/images/2215.jpg,True,True,460,618,RGB,JPEG,
2216,data/images/2216.jpg,True,True,460,651,RGB,JPEG,
2238,data/images/2238.jpg,True,True,225,297,RGB,JPEG,
2246,data/images/2246.jpg,True,True,460,649,RGB,JPEG,
2251,data/images/2251.jpg,True,True,460,639,RGB,JPEG,
2267,data/images/2267.jpg,True,True,225,350,RGB,JPEG,
2367,data/images/2367.jpg,True,True,460,571,RGB,JPEG,
2369,data/images/2369.jpg,True,True,460,690,RGB,JPEG,
2403,data/images/2403.jpg,True,True,460,673,RGB,JPEG,
2404,data/images/2404.jpg,True,True,225,321,RGB,JPEG,
2408,data/images/2408.jpg,True,True,460,626,RGB,JPEG,
2417,data/images/2417.jpg,True,True,225,319,RGB,JPEG,
2418,data/images/2418.jpg,True,True,460,690,RGB,JPEG,
2472,data/images/2472.jpg,True,True,460,650,RGB,JPEG,
2476,data/images/2476.jpg,True,True,460,690,RGB,JPEG,
2494,data/images/2494.jpg,True,True,460,601,RGB,JPEG,
2508,data/images/2508.jpg,True,True,460,640,RGB,JPEG,
2552,data/images/2552.jpg,True,True,213,290,RGB,JPEG,
2562,data/images/2562.jpg,True,True,225,319,RGB,JPEG,
2563,data/images/2563.jpg,True,True,460,690,RGB,JPEG,
2564,data/images/2564.jpg,True,True,460,654,RGB,JPEG,
2581,data/images/2581.jpg,True,True,460,603,RGB,JPEG,
2593,data/images/2593.jpg,True,True,460,651,RGB,JPEG,
2594,data/images/2594.jpg,True,True,225,317,RGB,JPEG,
2595,data/images/2595.jpg,True,True,460,657,RGB,JPEG,
2596,data/images/2596.jpg,True,True,460,656,RGB,JPEG,
2597,data/images/2597.jpg,True,True,225,326,RGB,JPEG,
2602,data/images/2602.jpg,True,True,400,565,RGB,JPEG,
2603,data/images/2603.jpg,True,True,225,350,RGB,JPEG,
2604,data/images/2604.jpg,True,True,225,320,RGB,JPEG,
2605,data/images/2605.jpg,True,True,460,690,RGB,JPEG,
2608,data/images/2608.jpg,True,True,460,561,RGB,JPEG,
2615,data/images/2615.jpg,True,True,225,350,RGB,JPEG,
2620,data/images/2620.jpg,True,True,460,644,RGB,JPEG,
2673,data/images/2673.jpg,True,True,460,650,RGB,JPEG,
2683,data/images/2683.jpg,True,True,460,626,RGB,JPEG,
2684,data/images/2684.jpg,True,True,230,327,RGB,JPEG,
2685,data/images/2685.jpg,True,True,460,640,RGB,JPEG,
2719,data/images/2719.jpg,True,True,225,301,RGB,JPEG,
2743,data/images/2743.jpg,True,True,225,319,RGB,JPEG,
2744,data/images/2744.jpg,True,True,460,651,RGB,JPEG,
2746,data/images/2746.jpg,True,True,460,653,RGB,JPEG,
2751,data/images/2751.jpg,True,True,460,690,RGB,JPEG,
2752,data/images/2752.jpg,True,True,230,322,RGB,JPEG,
2759,data/images/2759.jpg,True,True,460,679,RGB,JPEG,
2768,data/images/2768.jpg,True,True,225,293,RGB,JPEG,
2772,data/images/2772.jpg,True,True,225,350,RGB,JPEG,
2784,data/images/2784.jpg,True,True,225,320,RGB,JPEG,
2787,data/images/2787.jpg,True,True,460,690,RGB,JPEG,
2795,data/images/2795.jpg,True,True,225,350,RGB,JPEG,
2798,data/images/2798.jpg,True,True,225,350,RGB,JPEG,
2832,data/images/2832.jpg,True,True,230,345,RGB,JPEG,
2847,data/images/2847.jpg,True,True,460,648,RGB,JPEG,
2848,data/images/2848.jpg,True,True,460,663,RGB,JPEG,
2852,data/images/2852.jpg,True,True,400,573,RGB,JPEG,
2883,data/images/2883.jpg,True,True,460,675,RGB,JPEG,
2889,data/images/2889.jpg,True,True,460,648,RGB,JPEG,
2891,data/images/2891.jpg,True,True,460,690,RGB,JPEG,
2899,data/images/2899.jpg,True,True,230,327,RGB,JPEG,
2905,data/images/2905.jpg,True,True,460,648,RGB,JPEG,
2911,data/images/2911.jpg,True,True,225,314,RGB,JPEG,
2923,data/images/2923.jpg,True,True,460,606,RGB,JPEG,
2924,data/images/2924.jpg,True,True,460,672,RGB,JPEG,
2926,data/images/2926.jpg,True,True,460,609,RGB,JPEG,
2927,data/images/2927.jpg,True,True,460,613,RGB,JPEG,
2928,data/images/2928.jpg,True,True,230,322,RGB,JPEG,
2929,data/images/2929.jpg,True,True,230,327,RGB,JPEG,
2930,data/images/2930.jpg,True,True,225,189,RGB,JPEG,
2931,data/images/2931.jpg,True,True,225,350,RGB,JPEG,
2942,data/images/2942.jpg,True,True,460,651,RGB,JPEG,
2963,data/images/2963.jpg,True,True,460,690,RGB,JPEG,
2964,data/images/2964.jpg,True,True,225,338,RGB,JPEG,
2965,data/images/2965.jpg,True,True,460,690,RGB,JPEG,
2967,data/images/2967.jpg,True,True,225,281,RGB,JPEG,
2969,data/images/2969.jpg,True,True,460,690,RGB,JPEG,
2970,data/images/2970.jpg,True,True,230,326,RGB,JPEG,
2971,data/images/2971.jpg,True,True,460,637,RGB,JPEG,
2985,data/images/2985.jpg,True,True,230,314,RGB,JPEG,
2986,data/images/2986.jpg,True,True,460,664,RGB,JPEG,
2989,data/images/2989.jpg,True,True,225,350,RGB,JPEG,
2994,data/images/2994.jpg,True,True,230,345,RGB,JPEG,
3000,data/images/3000.jpg,True,True,225,311,RGB,JPEG,
3001,data/images/3001.jpg,True,True,460,626,RGB,JPEG,
3002,data/images/3002.jpg,True,True,460,668,RGB,JPEG,
3003,data/images/3003.jpg,True,True,460,652,RGB,JPEG,
3019,data/images/3019.jpg,True,True,460,615,RGB,JPEG,
3027,data/images/3027.jpg,True,True,460,671,RGB,JPEG,
3051,data/images/3051.jpg,True,True,230,320,RGB,JPEG,
3073,data/images/3073.jpg,True,True,225,312,RGB,JPEG,
3085,data/images/3085.jpg,True,True,225,309,RGB,JPEG,
3086,data/images/3086.jpg,True,True,460,677,RGB,JPEG,
3088,data/images/3088.jpg,True,True,460,690,RGB,JPEG,
3090,data/images/3090.jpg,True,True,460,690,RGB,JPEG,
3102,data/images/3102.jpg,True,True,225,318,RGB,JPEG,
3111,data/images/3111.jpg,True,True,225,317,RGB,JPEG,
3121,data/images/3121.jpg,True,True,225,278,RGB,JPEG,
3146,data/images/3146.jpg,True,True,230,325,RGB,JPEG,
3164,data/images/3164.jpg,True,True,230,326,RGB,JPEG,
3165,data/images/3165.jpg,True,True,460,655,RGB,JPEG,
3166,data/images/3166.jpg,True,True,225,318,RGB,JPEG,
3174,data/images/3174.jpg,True,True,225,318,RGB,JPEG,
3210,data/images/3210.jpg,True,True,225,295,RGB,JPEG,
3219,data/images/3219.jpg,True,True,225,297,RGB,JPEG,
3221,data/images/3221.jpg,True,True,225,350,RGB,JPEG,
3222,data/images/3222.jpg,True,True,460,690,RGB,JPEG,
3223,data/images/3223.jpg,True,True,460,690,RGB,JPEG,
3227,data/images/3227.jpg,True,True,225,309,RGB,JPEG,
3234,data/images/3234.jpg,True,True,225,337,RGB,JPEG,
3243,data/images/3243.jpg,True,True,225,318,RGB,JPEG,
3245,data/images/3245.jpg,True,True,225,323,RGB,JPEG,
3248,data/images/3248.jpg,True,True,225,330,RGB,JPEG,
3251,data/images/3251.jpg,True,True,225,350,RGB,JPEG,
3256,data/images/3256.jpg,True,True,225,319,RGB,JPEG,
3292,data/images/3292.jpg,True,True,225,319,RGB,JPEG,
3302,data/images/3302.jpg,True,True,230,329,RGB,JPEG,
3318,data/images/3318.jpg,True,True,225,336,RGB,JPEG,
3326,data/images/3326.jpg,True,True,230,326,RGB,JPEG,
3334,data/images/3334.jpg,True,True,225,316,RGB,JPEG,
3362,data/images/3362.jpg,True,True,460,652,RGB,JPEG,
3367,data/images/3367.jpg,True,True,460,656,RGB,JPEG,
3392,data/images/3392.jpg,True,True,225,316,RGB,JPEG,
3406,data/images/3406.jpg,True,True,230,344,RGB,JPEG,
3410,data/images/3410.jpg,True,True,225,250,RGB,JPEG,
3419,data/images/3419.jpg,True,True,225,321,RGB,JPEG,
3447,data/images/3447.jpg,True,True,225,150,RGB,JPEG,
3456,data/images/3456.jpg,True,True,225,350,RGB,JPEG,
3479,data/images/3479.jpg,True,True,460,627,RGB,JPEG,
3493,data/images/3493.jpg,True,True,225,309,RGB,JPEG,
3508,data/images/3508.jpg,True,True,460,651,RGB,JPEG,
3576,data/images/3576.jpg,True,True,460,654,RGB,JPEG,
3603,data/images/3603.jpg,True,True,460,642,RGB,JPEG,
3618,data/images/3618.jpg,True,True,225,350,RGB,JPEG,
3622,data/images/3622.jpg,True,True,225,350,RGB,JPEG,
3636,data/images/3636.jpg,True,True,225,300,RGB,JPEG,
3686,data/images/3686.jpg,True,True,225,226,RGB,JPEG,
3707,data/images/3707.jpg,True,True,230,338,RGB,JPEG,
3738,data/images/3738.jpg,True,True,225,319,RGB,JPEG,
3791,data/images/3791.jpg,True,True,225,283,RGB,JPEG,
3833,data/images/3833.jpg,True,True,225,326,RGB,JPEG,
3864,data/images/3864.jpg,True,True,168,240,RGB,JPEG,
3885,data/images/3885.jpg,True,True,225,324,RGB,JPEG,
3906,data/images/3906.jpg,True,True,222,300,RGB,JPEG,
3916,data/images/3916.jpg,True,True,225,309,RGB,JPEG,
3917,data/images/3917.jpg,True,True,225,321,RGB,JPEG,
3918,data/images/3918.jpg,True,True,225,300,RGB,JPEG,
3919,data/images/3919.jpg,True,True,225,350,RGB,JPEG,
3931,data/images/3931.jpg,True,True,225,311,RGB,JPEG,
3940,data/images/3940.jpg,True,True,225,309,RGB,JPEG,
3941,data/images/3941.jpg,True,True,225,319,RGB,JPEG,
3944,data/images/3944.jpg,True,True,225,315,RGB,JPEG,
3945,data/images/3945.jpg,True,True,230,327,RGB,JPEG,
3954,data/images/3954.jpg,True,True,225,350,RGB,JPEG,
3970,data/images/3970.jpg,True,True,230,326,RGB,JPEG,
3991,data/images/3991.jpg,True,True,460,690,RGB,JPEG,
3995,data/images/3995.jpg,True,True,225,311,RGB,JPEG,
3999,data/images/3999.jpg,True,True,225,350,RGB,JPEG,
4017,data/images/4017.jpg,True,True,225,323,RGB,JPEG,
4027,data/images/4027.jpg,True,True,225,350,RGB,JPEG,
4075,data/images/4075.jpg,True,True,225,350,RGB,JPEG,
4130,data/images/4130.jpg,True,True,230,326,RGB,JPEG,
4355,data/images/4355.jpg,True,True,225,321,RGB,JPEG,
4421,data/images/4421.jpg,True,True,460,651,RGB,JPEG,
4444,data/images/4444.jpg,True,True,225,237,RGB,JPEG,
4454,data/images/4454.jpg,True,True,220,330,RGB,JPEG,
4471,data/images/4471.jpg,True,True,225,321,RGB,JPEG,
4491,data/images/4491.jpg,True,True,225,318,RGB,JPEG,
4492,data/images/4492.jpg,True,True,225,289,RGB,JPEG,
4494,data/images/4494.jpg,True,True,225,319,RGB,JPEG,
4555,data/images/4555.jpg,True,True,225,350,RGB,JPEG,
4566,data/images/4566.jpg,True,True,225,132,RGB,JPEG,
4590,data/images/4590.jpg,True,True,225,350,RGB,JPEG,
4600,data/images/4600.jpg,True,True,230,326,RGB,JPEG,
4607,data/images/4607.jpg,True,True,225,338,RGB,JPEG,
4653,data/images/4653.jpg,True,True,225,308,RGB,JPEG,
4699,data/images/4699.jpg,True,True,225,350,RGB,JPEG,
4701,data/images/4701.jpg,True,True,225,323,RGB,JPEG,
4712,data/images/4712.jpg,True,True,225,169,RGB,JPEG,
4730,data/images/4730.jpg,True,True,225,318,RGB,JPEG,
4732,data/images/4732.jpg,True,True,225,350,RGB,JPEG,
4761,data/images/4761.jpg,True,True,225,315,RGB,JPEG,
4816,data/images/4816.jpg,True,True,225,314,RGB,JPEG,
5168,data/images/5168.jpg,True,True,225,127,RGB,JPEG,
5173,data/images/5173.jpg,True,True,225,322,RGB,JPEG,
5207,data/images/5207.jpg,True,True,225,318,RGB,JPEG,
5210,data/images/5210.jpg,True,True,225,319,RGB,JPEG,
5256,data/images/5256.jpg,True,True,460,450,RGB,JPEG,
5276,data/images/5276.jpg,True,True,460,453,RGB,JPEG,
5391,data/images/5391.jpg,True,True,225,325,RGB,JPEG,
5439,data/images/5439.jpg,True,True,225,317,RGB,JPEG,
5449,data/images/5449.jpg,True,True,200,200,RGB,JPEG,
5468,data/images/5468.jpg,True,True,225,205,RGB,JPEG,
5520,data/images/5520.jpg,True,True,225,316,RGB,JPEG,
5589,data/images/5589.jpg,True,True,225,324,RGB,JPEG,
5799,data/images/5799.jpg,True,True,225,281,RGB,JPEG,
5819,data/images/5819.jpg,True,True,230,345,RGB,JPEG,
5848,data/images/5848.jpg,True,True,225,315,RGB,JPEG,
6032,data/images/6032.jpg,True,True,460,661,RGB,JPEG,
6064,data/images/6064.jpg,True,True,230,314,RGB,JPEG,
6227,data/images/6227.jpg,True,True,180,200,RGB,JPEG,
6267,data/images/6267.jpg,True,True,230,345,RGB,JPEG,
6268,data/images/6268.jpg,True,True,225,302,RGB,JPEG,
6361,data/images/6361.jpg,True,True,225,350,RGB,JPEG,
6518,data/images/6518.jpg,True,True,225,320,RGB,JPEG,
6546,data/images/6546.jpg,True,True,211,300,RGB,JPEG,
7333,data/images/7333.jpg,True,True,225,149,RGB,JPEG,
7427,data/images/7427.jpg,True,True,225,313,RGB,JPEG,
7522,data/images/7522.jpg,True,True,225,315,RGB,JPEG,
7550,data/images/7550.jpg,True,True,230,326,RGB,JPEG,
7775,data/images/7775.jpg,True,True,225,319,RGB,JPEG,
8180,data/images/8180.jpg,True,True,225,135,RGB,JPEG,
8191,data/images/8191.jpg,True,True,225,169,RGB,JPEG,
8333,data/images/8333.jpg,True,True,225,253,RGB,JPEG,
8346,data/images/8346.jpg,True,True,225,302,RGB,JPEG,
8355,data/images/8355.jpg,True,True,225,318,RGB,JPEG,
8551,data/images/8551.jpg,True,True,230,322,RGB,JPEG,
8644,data/images/8644.jpg,True,True,230,325,RGB,JPEG,
9257,data/images/9257.jpg,True,True,225,318,RGB,JPEG,
9365,data/images/9365.jpg,True,True,225,324,RGB,JPEG,
9533,data/images/9533.jpg,True,True,225,320,RGB,JPEG,
9789,data/images/9789.jpg,True,True,460,654,RGB,JPEG,
10005,data/images/10005.jpg,True,True,460,640,RGB,JPEG,
10526,data/images/10526.jpg,True,True,230,304,RGB,JPEG,
10622,data/images/10622.jpg,True,True,225,265,RGB,JPEG,
10870,data/images/10870.jpg,True,True,225,153,RGB,JPEG,
11679,data/images/11679.jpg,True,True,225,318,RGB,JPEG,
11681,data/images/11681.jpg,True,True,225,299,RGB,JPEG,
11689,data/images/11689.jpg,True,True,225,319,RGB,JPEG,
12163,data/images/12163.jpg,True,True,225,316,RGB,JPEG,
12185,data/images/12185.jpg,True,True,460,655,RGB,JPEG,
13507,data/images/13507.jpg,True,True,225,163,RGB,JPEG,
13709,data/images/13709.jpg,True,True,460,690,RGB,JPEG,
16482,data/images/16482.jpg,True,True,225,350,RGB,JPEG,
17933,data/images/17933.jpg,True,True,225,318,RGB,JPEG,
18729,data/images/18729.jpg,True,True,225,320,RGB,JPEG,
19467,data/images/19467.jpg,True,True,225,319,RGB,JPEG,
19905,data/images/19905.jpg,True,True,225,299,RGB,JPEG,
20173,data/images/20173.jpg,True,True,225,316,RGB,JPEG,
20391,data/images/20391.jpg,True,True,225,173,RGB,JPEG,
20563,data/images/20563.jpg,True,True,225,320,RGB,JPEG,
119810,data/images/119810.jpg,True,True,230,338,RGB,JPEG,
121069,data/images/121069.jpg,True,True,230,358,RGB,JPEG,
121071,data/images/121071.jpg,True,True,230,325,RGB,JPEG,
121077,data/images/121077.jpg,True,True,230,328,RGB,JPEG,
121826,data/images/121826.jpg,True,True,460,660,RGB,JPEG,
124434,data/images/124434.jpg,True,True,230,326,RGB,JPEG,
124435,data/images/124435.jpg,True,True,230,327,RGB,JPEG,
126871,data/images/126871.jpg,True,True,230,154,RGB,JPEG,
126882,data/images/126882.jpg,True,True,230,325,RGB,JPEG,
141080,data/images/141080.jpg,True,True,230,301,RGB,JPEG,
145781,data/images/145781.jpg,True,True,230,282,RGB,JPEG,
145782,data/images/145782.jpg,True,True,230,282,RGB,JPEG,
148664,data/images/148664.jpg,True,True,230,326,RGB,JPEG,
171762,data/images/171762.jpg,True,True,230,324,RGB,JPEG,
2129,data/images/2129.jpg,True,True,460,690,RGB,JPEG,
2890,data/images/2890.jpg,True,True,460,656,RGB,JPEG,
2904,data/images/2904.jpg,True,True,460,648,RGB,JPEG,
2966,data/images/2966.jpg,True,True,460,652,RGB,JPEG,
2993,data/images/2993.jpg,True,True,225,350,RGB,JPEG,
3011,data/images/3011.jpg,True,True,225,304,RGB,JPEG,
3089,data/images/3089.jpg,True,True,460,669,RGB,JPEG,
3091,data/images/3091.jpg,True,True,460,661,RGB,JPEG,
3092,data/images/3092.jpg,True,True,460,649,RGB,JPEG,
3167,data/images/3167.jpg,True,True,460,651,RGB,JPEG,
3225,data/images/3225.jpg,True,True,230,326,RGB,JPEG,
3226,data/images/3226.jpg,True,True,460,690,RGB,JPEG,
3228,data/images/3228.jpg,True,True,460,652,RGB,JPEG,
3229,data/images/3229.jpg,True,True,460,690,RGB,JPEG,
3230,data/images/3230.jpg,True,True,460,690,RGB,JPEG,
3231,data/images/3231.jpg,True,True,230,357,RGB,JPEG,
3268,data/images/3268.jpg,True,True,225,350,RGB,JPEG,
3269,data/images/3269.jpg,True,True,460,647,RGB,JPEG,
3295,data/images/3295.jpg,True,True,460,690,RGB,JPEG,
3297,data/images/3297.jpg,True,True,460,690,RGB,JPEG,
3298,data/images/3298.jpg,True,True,225,300,RGB,JPEG,
3299,data/images/3299.jpg,True,True,460,690,RGB,JPEG,
3322,data/images/3322.jpg,True,True,460,636,RGB,JPEG,
3323,data/images/3323.jpg,True,True,460,690,RGB,JPEG,
3328,data/images/3328.jpg,True,True,460,651,RGB,JPEG,
3342,data/images/3342.jpg,True,True,460,690,RGB,JPEG,
3354,data/images/3354.jpg,True,True,225,318,RGB,JPEG,
3358,data/images/3358.jpg,True,True,230,325,RGB,JPEG,
3359,data/images/3359.jpg,True,True,460,649,RGB,JPEG,
3363,data/images/3363.jpg,True,True,460,659,RGB,JPEG,
3366,data/images/3366.jpg,True,True,225,316,RGB,JPEG,
3375,data/images/3375.jpg,True,True,225,317,RGB,JPEG,
3389,data/images/3389.jpg,True,True,225,349,RGB,JPEG,
3390,data/images/3390.jpg,True,True,225,314,RGB,JPEG,
3407,data/images/3407.jpg,True,True,460,651,RGB,JPEG,
3417,data/images/3417.jpg,True,True,225,350,RGB,JPEG,
3420,data/images/3420.jpg,True,True,460,690,RGB,JPEG,
3424,data/images/3424.jpg,True,True,225,312,RGB,JPEG,
3446,data/images/3446.jpg,True,True,460,673,RGB,JPEG,
3455,data/images/3455.jpg,True,True,460,652,RGB,JPEG,
3457,data/images/3457.jpg,True,True,460,688,RGB,JPEG,
3464,data/images/3464.jpg,True,True,225,341,RGB,JPEG,
3467,data/images/3467.jpg,True,True,460,646,RGB,JPEG,
3470,data/images/3470.jpg,True,True,460,652,RGB,JPEG,
3500,data/images/3500.jpg,True,True,225,329,RGB,JPEG,
3501,data/images/3501.jpg,True,True,225,310,RGB,JPEG,
3503,data/images/3503.jpg,True,True,225,300,RGB,JPEG,
3514,data/images/3514.jpg,True,True,225,195,RGB,JPEG,
3515,data/images/3515.jpg,True,True,460,640,RGB,JPEG,
3549,data/images/3549.jpg,True,True,460,679,RGB,JPEG,
3572,data/images/3572.jpg,True,True,460,690,RGB,JPEG,
3573,data/images/3573.jpg,True,True,230,321,RGB,JPEG,
3574,data/images/3574.jpg,True,True,460,653,RGB,JPEG,
3575,data/images/3575.jpg,True,True,154,200,RGB,JPEG,
3577,data/images/3577.jpg,True,True,460,661,RGB,JPEG,
3588,data/images/3588.jpg,True,True,460,690,RGB,JPEG,
3604,data/images/3604.jpg,True,True,460,650,RGB,JPEG,
3613,data/images/3613.jpg,True,True,230,329,RGB,JPEG,
3614,data/images/3614.jpg,True,True,460,625,RGB,JPEG,
3615,data/images/3615.jpg,True,True,225,316,RGB,JPEG,
3616,data/images/3616.jpg,True,True,460,658,RGB,JPEG,
3627,data/images/3627.jpg,True,True,460,640,RGB,JPEG,
3641,data/images/3641.jpg,True,True,225,320,RGB,JPEG,
3653,data/images/3653.jpg,True,True,460,674,RGB,JPEG,
3654,data/images/3654.jpg,True,True,225,290,RGB,JPEG,
3655,data/images/3655.jpg,True,True,460,662,RGB,JPEG,
3656,data/images/3656.jpg,True,True,230,327,RGB,JPEG,
3667,data/images/3667.jpg,True,True,460,650,RGB,JPEG,
3668,data/images/3668.jpg,True,True,225,319,RGB,JPEG,
3673,data/images/3673.jpg,True,True,460,690,RGB,JPEG,
3674,data/images/3674.jpg,True,True,230,360,RGB,JPEG,
3679,data/images/3679.jpg,True,True,225,306,RGB,JPEG,
3680,data/images/3680.jpg,True,True,225,311,RGB,JPEG,
3692,data/images/3692.jpg,True,True,460,615,RGB,JPEG,
3701,data/images/3701.jpg,True,True,460,690,RGB,JPEG,
3702,data/images/3702.jpg,True,True,460,627,RGB,JPEG,
3704,data/images/3704.jpg,True,True,225,319,RGB,JPEG,
3710,data/images/3710.jpg,True,True,460,625,RGB,JPEG,
3712,data/images/3712.jpg,True,True,460,657,RGB,JPEG,
3713,data/images/3713.jpg,True,True,225,321,RGB,JPEG,
3731,data/images/3731.jpg,True,True,460,651,RGB,JPEG,
3759,data/images/3759.jpg,True,True,225,283,RGB,JPEG,
3782,data/images/3782.jpg,True,True,460,667,RGB,JPEG,
3783,data/images/3783.jpg,True,True,460,690,RGB,JPEG,
3805,data/images/3805.jpg,True,True,225,334,RGB,JPEG,
3840,data/images/3840.jpg,True,True,225,327,RGB,JPEG,
3841,data/images/3841.jpg,True,True,460,690,RGB,JPEG,
3848,data/images/3848.jpg,True,True,460,690,RGB,JPEG,
3859,data/images/3859.jpg,True,True,230,316,RGB,JPEG,
3887,data/images/3887.jpg,True,True,460,690,RGB,JPEG,
3901,data/images/3901.jpg,True,True,460,690,RGB,JPEG,
3923,data/images/3923.jpg,True,True,225,140,RGB,JPEG,
3927,data/images/3927.jpg,True,True,460,690,RGB,JPEG,
3939,data/images/3939.jpg,True,True,225,323,RGB,JPEG,
3956,data/images/3956.jpg,True,True,225,320,RGB,JPEG,
3958,data/images/3958.jpg,True,True,460,646,RGB,JPEG,
3962,data/images/3962.jpg,True,True,218,350,RGB,JPEG,
3965,data/images/3965.jpg,True,True,225,319,RGB,JPEG,
3972,data/images/3972.jpg,True,True,460,654,RGB,JPEG,
3973,data/images/3973.jpg,True,True,225,319,RGB,JPEG,
3974,data/images/3974.jpg,True,True,460,685,RGB,JPEG,
3975,data/images/3975.jpg,True,True,230,325,RGB,JPEG,
4010,data/images/4010.jpg,True,True,230,340,RGB,JPEG,
4015,data/images/4015.jpg,True,True,230,322,RGB,JPEG,
4021,data/images/4021.jpg,True,True,460,651,RGB,JPEG,
4026,data/images/4026.jpg,True,True,460,654,RGB,JPEG,
4028,data/images/4028.jpg,True,True,460,690,RGB,JPEG,
4033,data/images/4033.jpg,True,True,225,281,RGB,JPEG,
4038,data/images/4038.jpg,True,True,460,634,RGB,JPEG,
4039,data/images/4039.jpg,True,True,460,647,RGB,JPEG,
4051,data/images/4051.jpg,True,True,225,321,RGB,JPEG,
4053,data/images/4053.jpg,True,True,460,690,RGB,JPEG,
4056,data/images/4056.jpg,True,True,225,169,RGB,JPEG,
4057,data/images/4057.jpg,True,True,225,320,RGB,JPEG,
4059,data/images/4059.jpg,True,True,230,328,RGB,JPEG,
4063,data/images/4063.jpg,True,True,460,593,RGB,JPEG,
4066,data/images/4066.jpg,True,True,460,660,RGB,JPEG,
4078,data/images/4078.jpg,True,True,225,350,RGB,JPEG,
4080,data/images/4080.jpg,True,True,460,674,RGB,JPEG,
4081,data/images/4081.jpg,True,True,460,661,RGB,JPEG,
4082,data/images/4082.jpg,True,True,225,310,RGB,JPEG,
4087,data/images/4087.jpg,True,True,460,690,RGB,JPEG,
4094,data/images/4094.jpg,True,True,460,690,RGB,JPEG,
4107,data/images/4107.jpg,True,True,460,655,RGB,JPEG,
4127,data/images/4127.jpg,True,True,225,330,RGB,JPEG,
4134,data/images/4134.jpg,True,True,225,334,RGB,JPEG,
4136,data/images/4136.jpg,True,True,230,319,RGB,JPEG,
4151,data/images/4151.jpg,True,True,460,690,RGB,JPEG,
4163,data/images/4163.jpg,True,True,225,350,RGB,JPEG,
4166,data/images/4166.jpg,True,True,460,646,RGB,JPEG,
4173,data/images/4173.jpg,True,True,225,320,RGB,JPEG,
4177,data/images/4177.jpg,True,True,460,712,RGB,JPEG,
4181,data/images/4181.jpg,True,True,460,690,RGB,JPEG,
4182,data/images/4182.jpg,True,True,460,690,RGB,JPEG,
4187,data/images/4187.jpg,True,True,225,310,RGB,JPEG,
4188,data/images/4188.jpg,True,True,460,644,RGB,JPEG,
4196,data/images/4196.jpg,True,True,460,652,RGB,JPEG,
4197,data/images/4197.jpg,True,True,225,317,RGB,JPEG,
4202,data/images/4202.jpg,True,True,225,300,RGB,JPEG,
4205,data/images/4205.jpg,True,True,225,350,RGB,JPEG,
4209,data/images/4209.jpg,True,True,225,338,RGB,JPEG,
4213,data/images/4213.jpg,True,True,225,323,RGB,JPEG,
4214,data/images/4214.jpg,True,True,225,350,RGB,JPEG,
4224,data/images/4224.jpg,True,True,460,645,RGB,JPEG,
4232,data/images/4232.jpg,True,True,225,321,RGB,JPEG,
4262,data/images/4262.jpg,True,True,460,621,RGB,JPEG,
4264,data/images/4264.jpg,True,True,460,623,RGB,JPEG,
4278,data/images/4278.jpg,True,True,225,302,RGB,JPEG,
4280,data/images/4280.jpg,True,True,460,640,RGB,JPEG,
4282,data/images/4282.jpg,True,True,460,638,RGB,JPEG,
4312,data/images/4312.jpg,True,True,460,642,RGB,JPEG,
4320,data/images/4320.jpg,True,True,460,603,RGB,JPEG,
4331,data/images/4331.jpg,True,True,225,148,RGB,JPEG,
4342,data/images/4342.jpg,True,True,225,319,RGB,JPEG,
4358,data/images/4358.jpg,True,True,230,358,RGB,JPEG,
4360,data/images/4360.jpg,True,True,223,350,RGB,JPEG,
4362,data/images/4362.jpg,True,True,460,676,RGB,JPEG,
4383,data/images/4383.jpg,True,True,225,241,RGB,JPEG,
4415,data/images/4415.jpg,True,True,460,728,RGB,JPEG,
4417,data/images/4417.jpg,True,True,200,200,RGB,JPEG,
4437,data/images/4437.jpg,True,True,460,649,RGB,JPEG,
4447,data/images/4447.jpg,True,True,460,649,RGB,JPEG,
4469,data/images/4469.jpg,True,True,225,126,RGB,JPEG,
4472,data/images/4472.jpg,True,True,460,660,RGB,JPEG,
4473,data/images/4473.jpg,True,True,225,326,RGB,JPEG,
4477,data/images/4477.jpg,True,True,460,690,RGB,JPEG,
4479,data/images/4479.jpg,True,True,225,325,RGB,JPEG,
4480,data/images/4480.jpg,True,True,225,321,RGB,JPEG,
4483,data/images/4483.jpg,True,True,460,644,RGB,JPEG,
4502,data/images/4502.jpg,True,True,400,567,RGB,JPEG,
4535,data/images/4535.jpg,True,True,460,690,RGB,JPEG,
4547,data/images/4547.jpg,True,True,225,315,RGB,JPEG,
4548,data/images/4548.jpg,True,True,230,328,RGB,JPEG,
4549,data/images/4549.jpg,True,True,460,659,RGB,JPEG,
4550,data/images/4550.jpg,True,True,225,318,RGB,JPEG,
4551,data/images/4551.jpg,True,True,460,646,RGB,JPEG,
4581,data/images/4581.jpg,True,True,460,650,RGB,JPEG,
4646,data/images/4646.jpg,True,True,225,319,RGB,JPEG,
4650,data/images/4650.jpg,True,True,225,321,RGB,JPEG,
4654,data/images/4654.jpg,True,True,460,640,RGB,JPEG,
4662,data/images/4662.jpg,True,True,225,323,RGB,JPEG,
4672,data/images/4672.jpg,True,True,460,690,RGB,JPEG,
4684,data/images/4684.jpg,True,True,230,328,RGB,JPEG,
4685,data/images/4685.jpg,True,True,230,326,RGB,JPEG,
4703,data/images/4703.jpg,True,True,460,626,RGB,JPEG,
4715,data/images/4715.jpg,True,True,225,323,RGB,JPEG,
4722,data/images/4722.jpg,True,True,460,690,RGB,JPEG,
4725,data/images/4725.jpg,True,True,460,585,RGB,JPEG,
4744,data/images/4744.jpg,True,True,460,657,RGB,JPEG,
4752,data/images/4752.jpg,True,True,460,671,RGB,JPEG,
4760,data/images/4760.jpg,True,True,225,314,RGB,JPEG,
4763,data/images/4763.jpg,True,True,400,564,RGB,JPEG,
4765,data/images/4765.jpg,True,True,460,688,RGB,JPEG,
4772,data/images/4772.jpg,True,True,460,690,RGB,JPEG,
4789,data/images/4789.jpg,True,True,460,690,RGB,JPEG,
4814,data/images/4814.jpg,True,True,460,641,RGB,JPEG,
4835,data/images/4835.jpg,True,True,460,651,RGB,JPEG,
4866,data/images/4866.jpg,True,True,225,322,RGB,JPEG,
4872,data/images/4872.jpg,True,True,460,690,RGB,JPEG,
4879,data/images/4879.jpg,True,True,460,650,RGB,JPEG,
4884,data/images/4884.jpg,True,True,460,637,RGB,JPEG,
4886,data/images/4886.jpg,True,True,460,652,RGB,JPEG,
4898,data/images/4898.jpg,True,True,460,692,RGB,JPEG,
4903,data/images/4903.jpg,True,True,460,646,RGB,JPEG,
4905,data/images/4905.jpg,True,True,225,101,RGB,JPEG,
4908,data/images/4908.jpg,True,True,460,690,RGB,JPEG,
4939,data/images/4939.jpg,True,True,225,100,RGB,JPEG,
4961,data/images/4961.jpg,True,True,230,328,RGB,JPEG,
4975,data/images/4975.jpg,True,True,460,639,RGB,JPEG,
4981,data/images/4981.jpg,True,True,460,655,RGB,JPEG,
4983,data/images/4983.jpg,True,True,460,661,RGB,JPEG,
5005,data/images/5005.jpg,True,True,225,321,RGB,JPEG,
5019,data/images/5019.jpg,True,True,460,623,RGB,JPEG,
5020,data/images/5020.jpg,True,True,460,676,RGB,JPEG,
5027,data/images/5027.jpg,True,True,225,316,RGB,JPEG,
5029,data/images/5029.jpg,True,True,460,690,RGB,JPEG,
5039,data/images/5039.jpg,True,True,460,664,RGB,JPEG,
5040,data/images/5040.jpg,True,True,460,690,RGB,JPEG,
5045,data/images/5045.jpg,True,True,225,336,RGB,JPEG,
5054,data/images/5054.jpg,True,True,230,330,RGB,JPEG,
5056,data/images/5056.jpg,True,True,460,673,RGB,JPEG,
5072,data/images/5072.jpg,True,True,225,320,RGB,JPEG,
5080,data/images/5080.jpg,True,True,225,316,RGB,JPEG,
5082,data/images/5082.jpg,True,True,460,690,RGB,JPEG,
5089,data/images/5089.jpg,True,True,225,318,RGB,JPEG,
5096,data/images/5096.jpg,True,True,460,661,RGB,JPEG,
5097,data/images/5097.jpg,True,True,225,314,RGB,JPEG,
5109,data/images/5109.jpg,True,True,225,308,RGB,JPEG,
5116,data/images/5116.jpg,True,True,225,350,RGB,JPEG,
5152,data/images/5152.jpg,True,True,230,327,RGB,JPEG,
5163,data/images/5163.jpg,True,True,225,263,RGB,JPEG,
5164,data/images/5164.jpg,True,True,225,126,RGB,JPEG,
5165,data/images/5165.jpg,True,True,225,169,RGB,JPEG,
5172,data/images/5172.jpg,True,True,225,306,RGB,JPEG,
5184,data/images/5184.jpg,True,True,225,327,RGB,JPEG,
5194,data/images/5194.jpg,True,True,225,349,RGB,JPEG,
5196,data/images/5196.jpg,True,True,460,674,RGB,JPEG,
5199,data/images/5199.jpg,True,True,225,331,RGB,JPEG,
5211,data/images/5211.jpg,True,True,225,323,RGB,JPEG,
5212,data/images/5212.jpg,True,True,225,319,RGB,JPEG,
5213,data/images/5213.jpg,True,True,225,317,RGB,JPEG,
5214,data/images/5214.jpg,True,True,225,313,RGB,JPEG,
5228,data/images/5228.jpg,True,True,225,293,RGB,JPEG,
5231,data/images/5231.jpg,True,True,460,647,RGB,JPEG,
5234,data/images/5234.jpg,True,True,230,327,RGB,JPEG,
5235,data/images/5235.jpg,True,True,225,320,RGB,JPEG,
5252,data/images/5252.jpg,True,True,225,319,RGB,JPEG,
5262,data/images/5262.jpg,True,True,460,641,RGB,JPEG,
5281,data/images/5281.jpg,True,True,225,350,RGB,JPEG,
5290,data/images/5290.jpg,True,True,460,642,RGB,JPEG,
5291,data/images/5291.jpg,True,True,225,294,RGB,JPEG,
5304,data/images/5304.jpg,True,True,200,281,RGB,JPEG,
5315,data/images/5315.jpg,True,True,225,350,RGB,JPEG,
5316,data/images/5316.jpg,True,True,460,650,RGB,JPEG,
5322,data/images/5322.jpg,True,True,225,168,RGB,JPEG,
5332,data/images/5332.jpg,True,True,230,345,RGB,JPEG,
5333,data/images/5333.jpg,True,True,460,648,RGB,JPEG,
5348,data/images/5348.jpg,True,True,230,323,RGB,JPEG,
5351,data/images/5351.jpg,True,True,225,231,RGB,JPEG,
5365,data/images/5365.jpg,True,True,460,642,RGB,JPEG,
5397,data/images/5397.jpg,True,True,211,300,RGB,JPEG,
5424,data/images/5424.jpg,True,True,225,319,RGB,JPEG,
5427,data/images/5427.jpg,True,True,225,300,RGB,JPEG,
5455,data/images/5455.jpg,True,True,225,320,RGB,JPEG,
5464,data/images/5464.jpg,True,True,225,322,RGB,JPEG,
5484,data/images/5484.jpg,True,True,225,188,RGB,JPEG,
5493,data/images/5493.jpg,True,True,460,690,RGB,JPEG,
5522,data/images/5522.jpg,True,True,225,325,RGB,JPEG,
5538,data/images/5538.jpg,True,True,225,306,RGB,JPEG,
5539,data/images/5539.jpg,True,True,225,322,RGB,JPEG,
5583,data/images/5583.jpg,True,True,460,690,RGB,JPEG,
5603,data/images/5603.jpg,True,True,225,350,RGB,JPEG,
5643,data/images/5643.jpg,True,True,225,323,RGB,JPEG,
5656,data/images/5656.jpg,True,True,225,127,RGB,JPEG,
5686,data/images/5686.jpg,True,True,225,308,RGB,JPEG,
5725,data/images/5725.jpg,True,True,460,653,RGB,JPEG,
5743,data/images/5743.jpg,True,True,230,325,RGB,JPEG,
5764,data/images/5764.jpg,True,True,225,336,RGB,JPEG,
5854,data/images/5854.jpg,True,True,225,180,RGB,JPEG,
6000,data/images/6000.jpg,True,True,202,286,RGB,JPEG,
6041,data/images/6041.jpg,True,True,225,319,RGB,JPEG,
6297,data/images/6297.jpg,True,True,225,192,RGB,JPEG,
6312,data/images/6312.jpg,True,True,225,313,RGB,JPEG,
6355,data/images/6355.jpg,True,True,225,228,RGB,JPEG,
6401,data/images/6401.jpg,True,True,225,307,RGB,JPEG,
6482,data/images/6482.jpg,True,True,225,319,RGB,JPEG,
6489,data/images/6489.jpg,True,True,225,320,RGB,JPEG,
6566,data/images/6566.jpg,True,True,460,613,RGB,JPEG,
6567,data/images/6567.jpg,True,True,225,350,RGB,JPEG,
6783,data/images/6783.jpg,True,True,225,336,RGB,JPEG,
6795,data/images/6795.jpg,True,True,460,651,RGB,JPEG,
6809,data/images/6809.jpg,True,True,225,319,RGB,JPEG,
6878,data/images/6878.jpg,True,True,225,169,RGB,JPEG,
7041,data/images/7041.jpg,True,True,225,319,RGB,JPEG,
7803,data/images/7803.jpg,True,True,225,169,RGB,JPEG,
7882,data/images/7882.jpg,True,True,225,345,RGB,JPEG,
8145,data/images/8145.jpg,True,True,225,321,RGB,JPEG,
8317,data/images/8317.jpg,True,True,230,360,RGB,JPEG,
8356,data/images/8356.jpg,True,True,225,322,RGB,JPEG,
8367,data/images/8367.jpg,True,True,225,323,RGB,JPEG,
8422,data/images/8422.jpg,True,True,225,350,RGB,JPEG,
8709,data/images/8709.jpg,True,True,225,317,RGB,JPEG,
8908,data/images/8908.jpg,True,True,225,127,RGB,JPEG,
8921,data/images/8921.jpg,True,True,225,143,RGB,JPEG,
8936,data/images/8936.jpg,True,True,225,350,RGB,JPEG,
8968,data/images/8968.jpg,True,True,225,318,RGB,JPEG,
9053,data/images/9053.jpg,True,True,225,350,RGB,JPEG,
9591,data/images/9591.jpg,True,True,225,350,RGB,JPEG,
10048,data/images/10048.jpg,True,True,213,300,RGB,JPEG,
10527,data/images/10527.jpg,True,True,460,690,RGB,JPEG,
10549,data/images/10549.jpg,True,True,460,638,RGB,JPEG,
11281,data/images/11281.jpg,True,True,225,126,RGB,JPEG,
11687,data/images/11687.jpg,True,True,230,326,RGB,JPEG,
11729,data/images/11729.jpg,True,True,225,137,RGB,JPEG,
12689,data/images/12689.jpg,True,True,225,318,RGB,JPEG,
13177,data/images/13177.jpg,True,True,225,319,RGB,JPEG,
13223,data/images/13223.jpg,True,True,230,330,RGB,JPEG,
13509,data/images/13509.jpg,True,True,185,155,RGB,JPEG,
14957,data/images/14957.jpg,True,True,225,169,RGB,JPEG,
16415,data/images/16415.jpg,True,True,225,221,RGB,JPEG,
17004,data/images/17004.jpg,True,True,215,306,RGB,JPEG,
18937,data/images/18937.jpg,True,True,225,212,RGB,JPEG,
20528,data/images/20528.jpg,True,True,225,197,RGB,JPEG,
21590,data/images/21590.jpg,True,True,460,636,RGB,JPEG,
21687,data/images/21687.jpg,True,True,225,350,RGB,JPEG,
100719,data/images/100719.jpg,True,True,460,640,RGB,JPEG,
108057,data/images/108057.jpg,True,True,230,307,RGB,JPEG,
116039,data/images/116039.jpg,True,True,460,690,RGB,JPEG,
119772,data/images/119772.jpg,True,True,230,326,RGB,JPEG,
119835,data/images/119835.jpg,True,True,460,645,RGB,JPEG,
121072,data/images/121072.jpg,True,True,230,325,RGB,JPEG,
121074,data/images/121074.jpg,True,True,460,690,RGB,JPEG,
121840,data/images/121840.jpg,True,True,230,325,RGB,JPEG,
124437,data/images/124437.jpg,True,True,230,325,RGB,JPEG,
124438,data/images/124438.jpg,True,True,460,667,RGB,JPEG,
129045,data/images/129045.jpg,True,True,230,322,RGB,JPEG,
129868,data/images/129868.jpg,True,True,460,657,RGB,JPEG,
130247,data/images/130247.jpg,True,True,230,172,RGB,JPEG,
145783,data/images/145783.jpg,True,True,230,282,RGB,JPEG,
145784,data/images/145784.jpg,True,True,230,282,RGB,JPEG,
169828,data/images/169828.jpg,True,True,230,334,RGB,JPEG,
169887,data/images/169887.jpg,True,True,230,325,RGB,JPEG,
185887,data/images/185887.jpg,True,True,460,582,RGB,JPEG,
2952,data/images/2952.jpg,True,True,460,640,RGB,JPEG,
3087,data/images/3087.jpg,True,True,460,652,RGB,JPEG,
3349,data/images/3349.jpg,True,True,460,690,RGB,JPEG,
3593,data/images/3593.jpg,True,True,460,653,RGB,JPEG,
3594,data/images/3594.jpg,True,True,460,656,RGB,JPEG,
3652,data/images/3652.jpg,True,True,460,649,RGB,JPEG,
3750,data/images/3750.jpg,True,True,460,690,RGB,JPEG,
3784,data/images/3784.jpg,True,True,460,648,RGB,JPEG,
4155,data/images/4155.jpg,True,True,460,675,RGB,JPEG,
4186,data/images/4186.jpg,True,True,230,345,RGB,JPEG,
4189,data/images/4189.jpg,True,True,460,690,RGB,JPEG,
4192,data/images/4192.jpg,True,True,230,352,RGB,JPEG,
4195,data/images/4195.jpg,True,True,225,313,RGB,JPEG,
4246,data/images/4246.jpg,True,True,460,645,RGB,JPEG,
4382,data/images/4382.jpg,True,True,460,607,RGB,JPEG,
4565,data/images/4565.jpg,True,True,460,690,RGB,JPEG,
4618,data/images/4618.jpg,True,True,230,345,RGB,JPEG,
4657,data/images/4657.jpg,True,True,460,653,RGB,JPEG,
4719,data/images/4719.jpg,True,True,460,699,RGB,JPEG,
4720,data/images/4720.jpg,True,True,460,651,RGB,JPEG,
4726,data/images/4726.jpg,True,True,460,690,RGB,JPEG,
4804,data/images/4804.jpg,True,True,460,658,RGB,JPEG,
4811,data/images/4811.jpg,True,True,460,659,RGB,JPEG,
4896,data/images/4896.jpg,True,True,460,656,RGB,JPEG,
4918,data/images/4918.jpg,True,True,230,322,RGB,JPEG,
4938,data/images/4938.jpg,True,True,225,350,RGB,JPEG,
4970,data/images/4970.jpg,True,True,460,649,RGB,JPEG,
4999,data/images/4999.jpg,True,True,225,315,RGB,JPEG,
5028,data/images/5028.jpg,True,True,460,690,RGB,JPEG,
5030,data/images/5030.jpg,True,True,460,690,RGB,JPEG,
5031,data/images/5031.jpg,True,True,216,350,RGB,JPEG,
5034,data/images/5034.jpg,True,True,460,690,RGB,JPEG,
5041,data/images/5041.jpg,True,True,225,316,RGB,JPEG,
5042,data/images/5042.jpg,True,True,460,649,RGB,JPEG,
5060,data/images/5060.jpg,True,True,230,346,RGB,JPEG,
5074,data/images/5074.jpg,True,True,460,671,RGB,JPEG,
5079,data/images/5079.jpg,True,True,460,649,RGB,JPEG,
5081,data/images/5081.jpg,True,True,460,628,RGB,JPEG,
5084,data/images/5084.jpg,True,True,460,642,RGB,JPEG,
5112,data/images/5112.jpg,True,True,460,634,RGB,JPEG,
5114,data/images/5114.jpg,True,True,460,647,RGB,JPEG,
5118,data/images/5118.jpg,True,True,460,674,RGB,JPEG,
5141,data/images/5141.jpg,True,True,460,690,RGB,JPEG,
5150,data/images/5150.jpg,True,True,225,345,RGB,JPEG,
5155,data/images/5155.jpg,True,True,460,640,RGB,JPEG,
5162,data/images/5162.jpg,True,True,460,716,RGB,JPEG,
5177,data/images/5177.jpg,True,True,460,690,RGB,JPEG,
5178,data/images/5178.jpg,True,True,225,320,RGB,JPEG,
5204,data/images/5204.jpg,True,True,460,640,RGB,JPEG,
5205,data/images/5205.jpg,True,True,460,690,RGB,JPEG,
5216,data/images/5216.jpg,True,True,225,321,RGB,JPEG,
5220,data/images/5220.jpg,True,True,460,652,RGB,JPEG,
5226,data/images/5226.jpg,True,True,225,319,RGB,JPEG,
5233,data/images/5233.jpg,True,True,460,690,RGB,JPEG,
5238,data/images/5238.jpg,True,True,225,314,RGB,JPEG,
5240,data/images/5240.jpg,True,True,225,310,RGB,JPEG,
5258,data/images/5258.jpg,True,True,460,635,RGB,JPEG,
5300,data/images/5300.jpg,True,True,460,651,RGB,JPEG,
5305,data/images/5305.jpg,True,True,225,322,RGB,JPEG,
5307,data/images/5307.jpg,True,True,460,644,RGB,JPEG,
5310,data/images/5310.jpg,True,True,460,658,RGB,JPEG,
5337,data/images/5337.jpg,True,True,460,613,RGB,JPEG,
5341,data/images/5341.jpg,True,True,460,658,RGB,JPEG,
5342,data/images/5342.jpg,True,True,460,650,RGB,JPEG,
5355,data/images/5355.jpg,True,True,460,654,RGB,JPEG,
5356,data/images/5356.jpg,True,True,460,690,RGB,JPEG,
5369,data/images/5369.jpg,True,True,225,319,RGB,JPEG,
5386,data/images/5386.jpg,True,True,225,312,RGB,JPEG,
5419,data/images/5419.jpg,True,True,222,300,RGB,JPEG,
5420,data/images/5420.jpg,True,True,460,657,RGB,JPEG,
5454,data/images/5454.jpg,True,True,460,690,RGB,JPEG,
5460,data/images/5460.jpg,True,True,460,653,RGB,JPEG,
5485,data/images/5485.jpg,True,True,460,664,RGB,JPEG,
5494,data/images/5494.jpg,True,True,460,690,RGB,JPEG,
5504,data/images/5504.jpg,True,True,460,645,RGB,JPEG,
5505,data/images/5505.jpg,True,True,460,649,RGB,JPEG,
5507,data/images/5507.jpg,True,True,460,650,RGB,JPEG,
5521,data/images/5521.jpg,True,True,225,350,RGB,JPEG,
5525,data/images/5525.jpg,True,True,225,322,RGB,JPEG,
5530,data/images/5530.jpg,True,True,460,653,RGB,JPEG,
5593,data/images/5593.jpg,True,True,460,657,RGB,JPEG,
5597,data/images/5597.jpg,True,True,225,350,RGB,JPEG,
5630,data/images/5630.jpg,True,True,460,690,RGB,JPEG,
5651,data/images/5651.jpg,True,True,225,316,RGB,JPEG,
5653,data/images/5653.jpg,True,True,225,323,RGB,JPEG,
5667,data/images/5667.jpg,True,True,230,327,RGB,JPEG,
5670,data/images/5670.jpg,True,True,460,690,RGB,JPEG,
5671,data/images/5671.jpg,True,True,460,690,RGB,JPEG,
5675,data/images/5675.jpg,True,True,460,651,RGB,JPEG,
5678,data/images/5678.jpg,True,True,460,675,RGB,JPEG,
5680,data/images/5680.jpg,True,True,460,690,RGB,JPEG,
5681,data/images/5681.jpg,True,True,460,656,RGB,JPEG,
5682,data/images/5682.jpg,True,True,460,690,RGB,JPEG,
5684,data/images/5684.jpg,True,True,460,690,RGB,JPEG,
5702,data/images/5702.jpg,True,True,230,313,RGB,JPEG,
5710,data/images/5710.jpg,True,True,460,634,RGB,JPEG,
5713,data/images/5713.jpg,True,True,225,350,RGB,JPEG,
5717,data/images/5717.jpg,True,True,460,690,RGB,JPEG,
5734,data/images/5734.jpg,True,True,460,664,RGB,JPEG,
5751,data/images/5751.jpg,True,True,460,648,RGB,JPEG,
5753,data/images/5753.jpg,True,True,460,651,RGB,JPEG,
5762,data/images/5762.jpg,True,True,225,350,RGB,JPEG,
5772,data/images/5772.jpg,True,True,460,652,RGB,JPEG,
5774,data/images/5774.jpg,True,True,225,323,RGB,JPEG,
5781,data/images/5781.jpg,True,True,460,623,RGB,JPEG,
5810,data/images/5810.jpg,True,True,225,327,RGB,JPEG,
5835,data/images/5835.jpg,True,True,460,690,RGB,JPEG,
5841,data/images/5841.jpg,True,True,225,275,RGB,JPEG,
5877,data/images/5877.jpg,True,True,230,326,RGB,JPEG,
5883,data/images/5883.jpg,True,True,230,332,RGB,JPEG,
5902,data/images/5902.jpg,True,True,225,303,RGB,JPEG,
5909,data/images/5909.jpg,True,True,460,690,RGB,JPEG,
5914,data/images/5914.jpg,True,True,460,629,RGB,JPEG,
5940,data/images/5940.jpg,True,True,220,320,RGB,JPEG,
5941,data/images/5941.jpg,True,True,460,698,RGB,JPEG,
5945,data/images/5945.jpg,True,True,230,306,RGB,JPEG,
5947,data/images/5947.jpg,True,True,225,350,RGB,JPEG,
5955,data/images/5955.jpg,True,True,225,350,RGB,JPEG,
5957,data/images/5957.jpg,True,True,225,320,RGB,JPEG,
5958,data/images/5958.jpg,True,True,460,665,RGB,JPEG,
5959,data/images/5959.jpg,True,True,225,350,RGB,JPEG,
5962,data/images/5962.jpg,True,True,230,325,RGB,JPEG,
5973,data/images/5973.jpg,True,True,460,690,RGB,JPEG,
5978,data/images/5978.jpg,True,True,460,690,RGB,JPEG,
5983,data/images/5983.jpg,True,True,230,358,RGB,JPEG,
5984,data/images/5984.jpg,True,True,460,653,RGB,JPEG,
5993,data/images/5993.jpg,True,True,225,350,RGB,JPEG,
5998,data/images/5998.jpg,True,True,460,690,RGB,JPEG,
6007,data/images/6007.jpg,True,True,460,690,RGB,JPEG,
6008,data/images/6008.jpg,True,True,460,575,RGB,JPEG,
6023,data/images/6023.jpg,True,True,460,640,RGB,JPEG,
6024,data/images/6024.jpg,True,True,460,663,RGB,JPEG,
6030,data/images/6030.jpg,True,True,225,350,RGB,JPEG,
6033,data/images/6033.jpg,True,True,460,612,RGB,JPEG,
6045,data/images/6045.jpg,True,True,460,678,RGB,JPEG,
6046,data/images/6046.jpg,True,True,460,690,RGB,JPEG,
6050,data/images/6050.jpg,True,True,460,657,RGB,JPEG,
6062,data/images/6062.jpg,True,True,230,326,RGB,JPEG,
6063,data/images/6063.jpg,True,True,225,322,RGB,JPEG,
6098,data/images/6098.jpg,True,True,460,652,RGB,JPEG,
6112,data/images/6112.jpg,True,True,460,690,RGB,JPEG,
6115,data/images/6115.jpg,True,True,225,350,RGB,JPEG,
6116,data/images/6116.jpg,True,True,225,259,RGB,JPEG,
6117,data/images/6117.jpg,True,True,225,302,RGB,JPEG,
6119,data/images/6119.jpg,True,True,225,315,RGB,JPEG,
6120,data/images/6120.jpg,True,True,225,318,RGB,JPEG,
6122,data/images/6122.jpg,True,True,230,329,RGB,JPEG,
6127,data/images/6127.jpg,True,True,230,361,RGB,JPEG,
6129,data/images/6129.jpg,True,True,460,650,RGB,JPEG,
6130,data/images/6130.jpg,True,True,460,689,RGB,JPEG,
6131,data/images/6131.jpg,True,True,225,305,RGB,JPEG,
6148,data/images/6148.jpg,True,True,230,329,RGB,JPEG,
6151,data/images/6151.jpg,True,True,225,313,RGB,JPEG,
6162,data/images/6162.jpg,True,True,460,642,RGB,JPEG,
6164,data/images/6164.jpg,True,True,460,690,RGB,JPEG,
6165,data/images/6165.jpg,True,True,225,319,RGB,JPEG,
6169,data/images/6169.jpg,True,True,225,350,RGB,JPEG,
6171,data/images/6171.jpg,True,True,230,329,RGB,JPEG,
6172,data/images/6172.jpg,True,True,460,672,RGB,JPEG,
6178,data/images/6178.jpg,True,True,230,318,RGB,JPEG,
6187,data/images/6187.jpg,True,True,212,300,RGB,JPEG,
6189,data/images/6189.jpg,True,True,225,321,RGB,JPEG,
6194,data/images/6194.jpg,True,True,230,327,RGB,JPEG,
6201,data/images/6201.jpg,True,True,460,676,RGB,JPEG,
6203,data/images/6203.jpg,True,True,460,690,RGB,JPEG,
6205,data/images/6205.jpg,True,True,460,632,RGB,JPEG,
6206,data/images/6206.jpg,True,True,170,106,RGB,JPEG,
6211,data/images/6211.jpg,True,True,460,647,RGB,JPEG,
6213,data/images/6213.jpg,True,True,460,651,RGB,JPEG,
6220,data/images/6220.jpg,True,True,225,350,RGB,JPEG,
6231,data/images/6231.jpg,True,True,225,313,RGB,JPEG,
6275,data/images/6275.jpg,True,True,460,447,RGB,JPEG,
6281,data/images/6281.jpg,True,True,460,626,RGB,JPEG,
6286,data/images/6286.jpg,True,True,225,322,RGB,JPEG,
6287,data/images/6287.jpg,True,True,225,295,RGB,JPEG,
6299,data/images/6299.jpg,True,True,460,690,RGB,JPEG,
6318,data/images/6318.jpg,True,True,460,640,RGB,JPEG,
6325,data/images/6325.jpg,True,True,460,649,RGB,JPEG,
6327,data/images/6327.jpg,True,True,225,318,RGB,JPEG,
6337,data/images/6337.jpg,True,True,230,325,RGB,JPEG,
6344,data/images/6344.jpg,True,True,225,233,RGB,JPEG,
6351,data/images/6351.jpg,True,True,225,350,RGB,JPEG,
6372,data/images/6372.jpg,True,True,460,690,RGB,JPEG,
6377,data/images/6377.jpg,True,True,460,647,RGB,JPEG,
6379,data/images/6379.jpg,True,True,225,252,RGB,JPEG,
6380,data/images/6380.jpg,True,True,460,628,RGB,JPEG,
6392,data/images/6392.jpg,True,True,225,320,RGB,JPEG,
6402,data/images/6402.jpg,True,True,225,323,RGB,JPEG,
6421,data/images/6421.jpg,True,True,225,306,RGB,JPEG,
6422,data/images/6422.jpg,True,True,225,323,RGB,JPEG,
6425,data/images/6425.jpg,True,True,225,316,RGB,JPEG,
6437,data/images/6437.jpg,True,True,225,350,RGB,JPEG,
6438,data/images/6438.jpg,True,True,225,325,RGB,JPEG,
6443,data/images/6443.jpg,True,True,460,690,RGB,JPEG,
6444,data/images/6444.jpg,True,True,230,325,RGB,JPEG,
6465,data/images/6465.jpg,True,True,460,610,RGB,JPEG,
6479,data/images/6479.jpg,True,True,225,286,RGB,JPEG,
6481,data/images/6481.jpg,True,True,225,319,RGB,JPEG,
6491,data/images/6491.jpg,True,True,225,350,RGB,JPEG,
6512,data/images/6512.jpg,True,True,225,319,RGB,JPEG,
6513,data/images/6513.jpg,True,True,225,226,RGB,JPEG,
6525,data/images/6525.jpg,True,True,225,317,RGB,JPEG,
6527,data/images/6527.jpg,True,True,460,649,RGB,JPEG,
6528,data/images/6528.jpg,True,True,460,650,RGB,JPEG,
6531,data/images/6531.jpg,True,True,225,323,RGB,JPEG,
6554,data/images/6554.jpg,True,True,225,318,RGB,JPEG,
6555,data/images/6555.jpg,True,True,460,655,RGB,JPEG,
6558,data/images/6558.jpg,True,True,225,350,RGB,JPEG,
6572,data/images/6572.jpg,True,True,460,690,RGB,JPEG,
6573,data/images/6573.jpg,True,True,460,680,RGB,JPEG,
6582,data/images/6582.jpg,True,True,225,321,RGB,JPEG,
6586,data/images/6586.jpg,True,True,225,307,RGB,JPEG,
6590,data/images/6590.jpg,True,True,460,657,RGB,JPEG,
6604,data/images/6604.jpg,True,True,225,349,RGB,JPEG,
6607,data/images/6607.jpg,True,True,225,350,RGB,JPEG,
6610,data/images/6610.jpg,True,True,225,350,RGB,JPEG,
6616,data/images/6616.jpg,True,True,225,317,RGB,JPEG,
6624,data/images/6624.jpg,True,True,460,690,RGB,JPEG,
6633,data/images/6633.jpg,True,True,225,317,RGB,JPEG,
6635,data/images/6635.jpg,True,True,225,350,RGB,JPEG,
6641,data/images/6641.jpg,True,True,460,655,RGB,JPEG,
6658,data/images/6658.jpg,True,True,230,333,RGB,JPEG,
6670,data/images/6670.jpg,True,True,230,324,RGB,JPEG,
6675,data/images/6675.jpg,True,True,460,690,RGB,JPEG,
6676,data/images/6676.jpg,True,True,460,654,RGB,JPEG,
6682,data/images/6682.jpg,True,True,460,642,RGB,JPEG,
6684,data/images/6684.jpg,True,True,200,200,RGB,JPEG,
6685,data/images/6685.jpg,True,True,225,311,RGB,JPEG,
6686,data/images/6686.jpg,True,True,225,323,RGB,JPEG,
6687,data/images/6687.jpg,True,True,225,316,RGB,JPEG,
6688,data/images/6688.jpg,True,True,225,314,RGB,JPEG,
6689,data/images/6689.jpg,True,True,225,338,RGB,JPEG,
6690,data/images/6690.jpg,True,True,225,323,RGB,JPEG,
6691,data/images/6691.jpg,True,True,225,350,RGB,JPEG,
6692,data/images/6692.jpg,True,True,225,318,RGB,JPEG,
6693,data/images/6693.jpg,True,True,460,652,RGB,JPEG,
6694,data/images/6694.jpg,True,True,225,323,RGB,JPEG,
6702,data/images/6702.jpg,True,True,230,345,RGB,JPEG,
6704,data/images/6704.jpg,True,True,225,350,RGB,JPEG,
6705,data/images/6705.jpg,True,True,225,329,RGB,JPEG,
6712,data/images/6712.jpg,True,True,460,648,RGB,JPEG,
6736,data/images/6736.jpg,True,True,225,313,RGB,JPEG,
6743,data/images/6743.jpg,True,True,225,350,RGB,JPEG,
6748,data/images/6748.jpg,True,True,225,184,RGB,JPEG,
6758,data/images/6758.jpg,True,True,460,651,RGB,JPEG,
6774,data/images/6774.jpg,True,True,460,680,RGB,JPEG,
6791,data/images/6791.jpg,True,True,225,344,RGB,JPEG,
6793,data/images/6793.jpg,True,True,460,690,RGB,JPEG,
6794,data/images/6794.jpg,True,True,225,350,RGB,JPEG,
6811,data/images/6811.jpg,True,True,460,679,RGB,JPEG,
6822,data/images/6822.jpg,True,True,225,304,RGB,JPEG,
6867,data/images/6867.jpg,True,True,460,650,RGB,JPEG,
6882,data/images/6882.jpg,True,True,225,260,RGB,JPEG,
6884,data/images/6884.jpg,True,True,225,300,RGB,JPEG,
6885,data/images/6885.jpg,True,True,225,320,RGB,JPEG,
6890,data/images/6890.jpg,True,True,225,324,RGB,JPEG,
6891,data/images/6891.jpg,True,True,225,350,RGB,JPEG,
6892,data/images/6892.jpg,True,True,225,315,RGB,JPEG,
6893,data/images/6893.jpg,True,True,460,644,RGB,JPEG,
6896,data/images/6896.jpg,True,True,460,648,RGB,JPEG,
6899,data/images/6899.jpg,True,True,225,302,RGB,JPEG,
6900,data/images/6900.jpg,True,True,230,324,RGB,JPEG,
6901,data/images/6901.jpg,True,True,460,651,RGB,JPEG,
6909,data/images/6909.jpg,True,True,225,320,RGB,JPEG,
6927,data/images/6927.jpg,True,True,460,644,RGB,JPEG,
6930,data/images/6930.jpg,True,True,460,596,RGB,JPEG,
6932,data/images/6932.jpg,True,True,225,315,RGB,JPEG,
6941,data/images/6941.jpg,True,True,225,293,RGB,JPEG,
6945,data/images/6945.jpg,True,True,225,340,RGB,JPEG,
6947,data/images/6947.jpg,True,True,230,316,RGB,JPEG,
6958,data/images/6958.jpg,True,True,225,305,RGB,JPEG,
6964,data/images/6964.jpg,True,True,225,181,RGB,JPEG,
6980,data/images/6980.jpg,True,True,225,316,RGB,JPEG,
6984,data/images/6984.jpg,True,True,460,656,RGB,JPEG,
6985,data/images/6985.jpg,True,True,225,318,RGB,JPEG,
6986,data/images/6986.jpg,True,True,460,644,RGB,JPEG,
6987,data/images/6987.jpg,True,True,225,317,RGB,JPEG,
6992,data/images/6992.jpg,True,True,225,169,RGB,JPEG,
6999,data/images/6999.jpg,True,True,225,150,RGB,JPEG,
7016,data/images/7016.jpg,True,True,225,328,RGB,JPEG,
7017,data/images/7017.jpg,True,True,230,358,RGB,JPEG,
7044,data/images/7044.jpg,True,True,460,690,RGB,JPEG,
7053,data/images/7053.jpg,True,True,225,350,RGB,JPEG,
7060,data/images/7060.jpg,True,True,225,350,RGB,JPEG,
7066,data/images/7066.jpg,True,True,230,345,RGB,JPEG,
7082,data/images/7082.jpg,True,True,460,640,RGB,JPEG,
7092,data/images/7092.jpg,True,True,225,203,RGB,JPEG,
7103,data/images/7103.jpg,True,True,225,317,RGB,JPEG,
7108,data/images/7108.jpg,True,True,225,278,RGB,JPEG,
7144,data/images/7144.jpg,True,True,230,327,RGB,JPEG,
7152,data/images/7152.jpg,True,True,230,324,RGB,JPEG,
7175,data/images/7175.jpg,True,True,460,652,RGB,JPEG,
7176,data/images/7176.jpg,True,True,230,300,RGB,JPEG,
7177,data/images/7177.jpg,True,True,230,324,RGB,JPEG,
7178,data/images/7178.jpg,True,True,400,622,RGB,JPEG,
7179,data/images/7179.jpg,True,True,225,323,RGB,JPEG,
7189,data/images/7189.jpg,True,True,225,140,RGB,JPEG,
7193,data/images/7193.jpg,True,True,460,690,RGB,JPEG,
7211,data/images/7211.jpg,True,True,225,255,RGB,JPEG,
7230,data/images/7230.jpg,True,True,225,350,RGB,JPEG,
7247,data/images/7247.jpg,True,True,230,326,RGB,JPEG,
7262,data/images/7262.jpg,True,True,225,323,RGB,JPEG,
7264,data/images/7264.jpg,True,True,225,322,RGB,JPEG,
7266,data/images/7266.jpg,True,True,400,512,RGB,JPEG,
7268,data/images/7268.jpg,True,True,225,350,RGB,JPEG,
7270,data/images/7270.jpg,True,True,460,646,RGB,JPEG,
7276,data/images/7276.jpg,True,True,400,517,RGB,JPEG,
7279,data/images/7279.jpg,True,True,225,309,RGB,JPEG,
7285,data/images/7285.jpg,True,True,460,690,RGB,JPEG,
7314,data/images/7314.jpg,True,True,225,300,RGB,JPEG,
7322,data/images/7322.jpg,True,True,460,649,RGB,JPEG,
7367,data/images/7367.jpg,True,True,225,318,RGB,JPEG,
7375,data/images/7375.jpg,True,True,225,350,RGB,JPEG,
7411,data/images/7411.jpg,True,True,460,690,RGB,JPEG,
7453,data/images/7453.jpg,True,True,225,289,RGB,JPEG,
7455,data/images/7455.jpg,True,True,225,323,RGB,JPEG,
7461,data/images/7461.jpg,True,True,225,315,RGB,JPEG,
7463,data/images/7463.jpg,True,True,225,240,RGB,JPEG,
7468,data/images/7468.jpg,True,True,225,317,RGB,JPEG,
7536,data/images/7536.jpg,True,True,225,318,RGB,JPEG,
7540,data/images/7540.jpg,True,True,460,690,RGB,JPEG,
7568,data/images/7568.jpg,True,True,225,319,RGB,JPEG,
7573,data/images/7573.jpg,True,True,225,350,RGB,JPEG,
7583,data/images/7583.jpg,True,True,225,323,RGB,JPEG,
7646,data/images/7646.jpg,True,True,225,168,RGB,JPEG,
7651,data/images/7651.jpg,True,True,225,350,RGB,JPEG,
7654,data/images/7654.jpg,True,True,230,325,RGB,JPEG,
7668,data/images/7668.jpg,True,True,221,350,RGB,JPEG,
7669,data/images/7669.jpg,True,True,225,317,RGB,JPEG,
7718,data/images/7718.jpg,True,True,225,290,RGB,JPEG,
7721,data/images/7721.jpg,True,True,225,300,RGB,JPEG,
7723,data/images/7723.jpg,True,True,230,324,RGB,JPEG,
7730,data/images/7730.jpg,True,True,225,350,RGB,JPEG,
7740,data/images/7740.jpg,True,True,225,350,RGB,JPEG,
7744,data/images/7744.jpg,True,True,225,321,RGB,JPEG,
7759,data/images/7759.jpg,True,True,460,650,RGB,JPEG,
7770,data/images/7770.jpg,True,True,225,318,RGB,JPEG,
7782,data/images/7782.jpg,True,True,225,350,RGB,JPEG,
7805,data/images/7805.jpg,True,True,225,350,RGB,JPEG,
7857,data/images/7857.jpg,True,True,225,350,RGB,JPEG,
7875,data/images/7875.jpg,True,True,225,309,RGB,JPEG,
7902,data/images/7902.jpg,True,True,225,291,RGB,JPEG,
8042,data/images/8042.jpg,True,True,460,613,RGB,JPEG,
8176,data/images/8176.jpg,True,True,225,325,RGB,JPEG,
8187,data/images/8187.jpg,True,True,400,567,RGB,JPEG,
8314,data/images/8314.jpg,True,True,225,350,RGB,JPEG,
8316,data/images/8316.jpg,True,True,225,350,RGB,JPEG,
8368,data/images/8368.jpg,True,True,225,322,RGB,JPEG,
8440,data/images/8440.jpg,True,True,230,360,RGB,JPEG,
8492,data/images/8492.jpg,True,True,225,320,RGB,JPEG,
8631,data/images/8631.jpg,True,True,225,349,RGB,JPEG,
8743,data/images/8743.jpg,True,True,225,295,RGB,JPEG,
8754,data/images/8754.jpg,True,True,225,318,RGB,JPEG,
8837,data/images/8837.jpg,True,True,460,657,RGB,JPEG,
8935,data/images/8935.jpg,True,True,225,350,RGB,JPEG,
8963,data/images/8963.jpg,True,True,225,321,RGB,JPEG,
9100,data/images/9100.jpg,True,True,225,318,RGB,JPEG,
9595,data/images/9595.jpg,True,True,225,350,RGB,JPEG,
9708,data/images/9708.jpg,True,True,225,251,RGB,JPEG,
9819,data/images/9819.jpg,True,True,225,315,RGB,JPEG,
10276,data/images/10276.jpg,True,True,230,325,RGB,JPEG,
10306,data/images/10306.jpg,True,True,225,350,RGB,JPEG,
10384,data/images/10384.jpg,True,True,225,320,RGB,JPEG,
10470,data/images/10470.jpg,True,True,225,141,RGB,JPEG,
10511,data/images/10511.jpg,True,True,225,253,RGB,JPEG,
10666,data/images/10666.jpg,True,True,460,690,RGB,JPEG,
10735,data/images/10735.jpg,True,True,225,350,RGB,JPEG,
10901,data/images/10901.jpg,True,True,225,118,RGB,JPEG,
11299,data/images/11299.jpg,True,True,225,278,RGB,JPEG,
11483,data/images/11483.jpg,True,True,225,338,RGB,JPEG,
13505,data/images/13505.jpg,True,True,225,225,RGB,JPEG,
13519,data/images/13519.jpg,True,True,225,350,RGB,JPEG,
13817,data/images/13817.jpg,True,True,225,185,RGB,JPEG,
14617,data/images/14617.jpg,True,True,460,586,RGB,JPEG,
15093,data/images/15093.jpg,True,True,225,126,RGB,JPEG,
15129,data/images/15129.jpg,True,True,225,152,RGB,JPEG,
16041,data/images/16041.jpg,True,True,225,321,RGB,JPEG,
16740,data/images/16740.jpg,True,True,225,198,RGB,JPEG,
17213,data/images/17213.jpg,True,True,225,318,RGB,JPEG,
17749,data/images/17749.jpg,True,True,225,349,RGB,JPEG,
18449,data/images/18449.jpg,True,True,225,338,RGB,JPEG,
18577,data/images/18577.jpg,True,True,225,136,RGB,JPEG,
19945,data/images/19945.jpg,True,True,230,329,RGB,JPEG,
125574,data/images/125574.jpg,True,True,230,322,RGB,JPEG,
126881,data/images/126881.jpg,True,True,230,325,RGB,JPEG,
127796,data/images/127796.jpg,True,True,230,329,RGB,JPEG,
130211,data/images/130211.jpg,True,True,230,323,RGB,JPEG,
158619,data/images/158619.jpg,True,True,230,329,RGB,JPEG,
168635,data/images/168635.jpg,True,True,460,652,RGB,JPEG,
169982,data/images/169982.jpg,True,True,230,326,RGB,JPEG,
180822,data/images/180822.jpg,True,True,230,267,RGB,JPEG,
182140,data/images/182140.jpg,True,True,230,324,RGB,JPEG,
202423,data/images/202423.jpg,True,True,230,340,RGB,JPEG,
206729,data/images/206729.jpg,True,True,230,115,RGB,JPEG,
4106,data/images/4106.jpg,True,True,460,650,RGB,JPEG,
4334,data/images/4334.jpg,True,True,460,690,RGB,JPEG,
4901,data/images/4901.jpg,True,True,460,645,RGB,JPEG,
4985,data/images/4985.jpg,True,True,460,604,RGB,JPEG,
5032,data/images/5032.jpg,True,True,225,321,RGB,JPEG,
5277,data/images/5277.jpg,True,True,460,678,RGB,JPEG,
5306,data/images/5306.jpg,True,True,460,649,RGB,JPEG,
5690,data/images/5690.jpg,True,True,460,690,RGB,JPEG,
5719,data/images/5719.jpg,True,True,460,644,RGB,JPEG,
6114,data/images/6114.jpg,True,True,230,325,RGB,JPEG,
6166,data/images/6166.jpg,True,True,460,690,RGB,JPEG,
6195,data/images/6195.jpg,True,True,230,319,RGB,JPEG,
6280,data/images/6280.jpg,True,True,460,690,RGB,JPEG,
6288,data/images/6288.jpg,True,True,230,342,RGB,JPEG,
6324,data/images/6324.jpg,True,True,225,320,RGB,JPEG,
6336,data/images/6336.jpg,True,True,460,658,RGB,JPEG,
6347,data/images/6347.jpg,True,True,460,668,RGB,JPEG,
6381,data/images/6381.jpg,True,True,460,745,RGB,JPEG,
6408,data/images/6408.jpg,True,True,460,630,RGB,JPEG,
6467,data/images/6467.jpg,True,True,460,604,RGB,JPEG,
6500,data/images/6500.jpg,True,True,460,652,RGB,JPEG,
6547,data/images/6547.jpg,True,True,460,680,RGB,JPEG,
6574,data/images/6574.jpg,True,True,460,653,RGB,JPEG,
6581,data/images/6581.jpg,True,True,460,690,RGB,JPEG,
6594,data/images/6594.jpg,True,True,460,690,RGB,JPEG,
6634,data/images/6634.jpg,True,True,460,654,RGB,JPEG,
6637,data/images/6637.jpg,True,True,460,690,RGB,JPEG,
6645,data/images/6645.jpg,True,True,460,670,RGB,JPEG,
6707,data/images/6707.jpg,True,True,460,644,RGB,JPEG,
6746,data/images/6746.jpg,True,True,460,640,RGB,JPEG,
6747,data/images/6747.jpg,True,True,460,690,RGB,JPEG,
6772,data/images/6772.jpg,True,True,230,326,RGB,JPEG,
6787,data/images/6787.jpg,True,True,225,350,RGB,JPEG,
6802,data/images/6802.jpg,True,True,460,713,RGB,JPEG,
6862,data/images/6862.jpg,True,True,225,350,RGB,JPEG,
6864,data/images/6864.jpg,True,True,460,640,RGB,JPEG,
6875,data/images/6875.jpg,True,True,225,350,RGB,JPEG,
6883,data/images/6883.jpg,True,True,225,299,RGB,JPEG,
6895,data/images/6895.jpg,True,True,460,690,RGB,JPEG,
6922,data/images/6922.jpg,True,True,460,637,RGB,JPEG,
6946,data/images/6946.jpg,True,True,460,633,RGB,JPEG,
6951,data/images/6951.jpg,True,True,460,640,RGB,JPEG,
6956,data/images/6956.jpg,True,True,460,634,RGB,JPEG,
6959,data/images/6959.jpg,True,True,225,208,RGB,JPEG,
6973,data/images/6973.jpg,True,True,460,690,RGB,JPEG,
6974,data/images/6974.jpg,True,True,460,640,RGB,JPEG,
6979,data/images/6979.jpg,True,True,230,345,RGB,JPEG,
6988,data/images/6988.jpg,True,True,460,650,RGB,JPEG,
7054,data/images/7054.jpg,True,True,460,690,RGB,JPEG,
7058,data/images/7058.jpg,True,True,460,690,RGB,JPEG,
7059,data/images/7059.jpg,True,True,460,651,RGB,JPEG,
7062,data/images/7062.jpg,True,True,460,644,RGB,JPEG,
7079,data/images/7079.jpg,True,True,225,320,RGB,JPEG,
7088,data/images/7088.jpg,True,True,460,657,RGB,JPEG,
7110,data/images/7110.jpg,True,True,225,329,RGB,JPEG,
7148,data/images/7148.jpg,True,True,460,644,RGB,JPEG,
7254,data/images/7254.jpg,True,True,225,318,RGB,JPEG,
7265,data/images/7265.jpg,True,True,225,350,RGB,JPEG,
7311,data/images/7311.jpg,True,True,460,618,RGB,JPEG,
7334,data/images/7334.jpg,True,True,460,649,RGB,JPEG,
7337,data/images/7337.jpg,True,True,460,664,RGB,JPEG,
7338,data/images/7338.jpg,True,True,460,681,RGB,JPEG,
7456,data/images/7456.jpg,True,True,225,323,RGB,JPEG,
7458,data/images/7458.jpg,True,True,222,350,RGB,JPEG,
7465,data/images/7465.jpg,True,True,460,690,RGB,JPEG,
7472,data/images/7472.jpg,True,True,460,630,RGB,JPEG,
7549,data/images/7549.jpg,True,True,225,317,RGB,JPEG,
7561,data/images/7561.jpg,True,True,230,327,RGB,JPEG,
7580,data/images/7580.jpg,True,True,460,644,RGB,JPEG,
7581,data/images/7581.jpg,True,True,225,350,RGB,JPEG,
7582,data/images/7582.jpg,True,True,225,337,RGB,JPEG,
7588,data/images/7588.jpg,True,True,460,660,RGB,JPEG,
7590,data/images/7590.jpg,True,True,225,350,RGB,JPEG,
7591,data/images/7591.jpg,True,True,460,649,RGB,JPEG,
7592,data/images/7592.jpg,True,True,460,623,RGB,JPEG,
7593,data/images/7593.jpg,True,True,230,305,RGB,JPEG,
7596,data/images/7596.jpg,True,True,225,350,RGB,JPEG,
7597,data/images/7597.jpg,True,True,225,350,RGB,JPEG,
7598,data/images/7598.jpg,True,True,460,646,RGB,JPEG,
7611,data/images/7611.jpg,True,True,225,335,RGB,JPEG,
7612,data/images/7612.jpg,True,True,225,319,RGB,JPEG,
7627,data/images/7627.jpg,True,True,460,639,RGB,JPEG,
7645,data/images/7645.jpg,True,True,460,632,RGB,JPEG,
7647,data/images/7647.jpg,True,True,460,652,RGB,JPEG,
7655,data/images/7655.jpg,True,True,460,690,RGB,JPEG,
7661,data/images/7661.jpg,True,True,225,310,RGB,JPEG,
7662,data/images/7662.jpg,True,True,460,652,RGB,JPEG,
7674,data/images/7674.jpg,True,True,460,658,RGB,JPEG,
7695,data/images/7695.jpg,True,True,460,656,RGB,JPEG,
7705,data/images/7705.jpg,True,True,225,319,RGB,JPEG,
7708,data/images/7708.jpg,True,True,225,323,RGB,JPEG,
7711,data/images/7711.jpg,True,True,460,640,RGB,JPEG,
7712,data/images/7712.jpg,True,True,225,323,RGB,JPEG,
7720,data/images/7720.jpg,True,True,460,670,RGB,JPEG,
7724,data/images/7724.jpg,True,True,460,654,RGB,JPEG,
7739,data/images/7739.jpg,True,True,460,654,RGB,JPEG,
7745,data/images/7745.jpg,True,True,225,317,RGB,JPEG,
7748,data/images/7748.jpg,True,True,225,323,RGB,JPEG,
7761,data/images/7761.jpg,True,True,225,318,RGB,JPEG,
7762,data/images/7762.jpg,True,True,460,652,RGB,JPEG,
7768,data/images/7768.jpg,True,True,225,328,RGB,JPEG,
7769,data/images/7769.jpg,True,True,460,690,RGB,JPEG,
7774,data/images/7774.jpg,True,True,225,350,RGB,JPEG,
7785,data/images/7785.jpg,True,True,460,652,RGB,JPEG,
7791,data/images/7791.jpg,True,True,460,641,RGB,JPEG,
7793,data/images/7793.jpg,True,True,460,632,RGB,JPEG,
7817,data/images/7817.jpg,True,True,460,638,RGB,JPEG,
7858,data/images/7858.jpg,True,True,460,652,RGB,JPEG,
7870,data/images/7870.jpg,True,True,225,327,RGB,JPEG,
7897,data/images/7897.jpg,True,True,225,201,RGB,JPEG,
7969,data/images/7969.jpg,True,True,225,323,RGB,JPEG,
7972,data/images/7972.jpg,True,True,230,318,RGB,JPEG,
8017,data/images/8017.jpg,True,True,225,350,RGB,JPEG,
8022,data/images/8022.jpg,True,True,225,334,RGB,JPEG,
8023,data/images/8023.jpg,True,True,225,350,RGB,JPEG,
8025,data/images/8025.jpg,True,True,225,309,RGB,JPEG,
8026,data/images/8026.jpg,True,True,225,318,RGB,JPEG,
8038,data/images/8038.jpg,True,True,460,690,RGB,JPEG,
8039,data/images/8039.jpg,True,True,225,323,RGB,JPEG,
8057,data/images/8057.jpg,True,True,460,690,RGB,JPEG,
8062,data/images/8062.jpg,True,True,225,350,RGB,JPEG,
8064,data/images/8064.jpg,True,True,225,307,RGB,JPEG,
8068,data/images/8068.jpg,True,True,225,350,RGB,JPEG,
8074,data/images/8074.jpg,True,True,460,649,RGB,JPEG,
8078,data/images/8078.jpg,True,True,225,321,RGB,JPEG,
8086,data/images/8086.jpg,True,True,460,676,RGB,JPEG,
8097,data/images/8097.jpg,True,True,460,636,RGB,JPEG,
8098,data/images/8098.jpg,True,True,460,638,RGB,JPEG,
8100,data/images/8100.jpg,True,True,460,691,RGB,JPEG,
8101,data/images/8101.jpg,True,True,225,317,RGB,JPEG,
8110,data/images/8110.jpg,True,True,225,350,RGB,JPEG,
8111,data/images/8111.jpg,True,True,225,350,RGB,JPEG,
8115,data/images/8115.jpg,True,True,230,345,RGB,JPEG,
8129,data/images/8129.jpg,True,True,460,640,RGB,JPEG,
8132,data/images/8132.jpg,True,True,225,331,RGB,JPEG,
8133,data/images/8133.jpg,True,True,460,654,RGB,JPEG,
8134,data/images/8134.jpg,True,True,460,653,RGB,JPEG,
8141,data/images/8141.jpg,True,True,225,316,RGB,JPEG,
8142,data/images/8142.jpg,True,True,460,650,RGB,JPEG,
8178,data/images/8178.jpg,True,True,225,323,RGB,JPEG,
8190,data/images/8190.jpg,True,True,225,320,RGB,JPEG,
8192,data/images/8192.jpg,True,True,225,169,RGB,JPEG,
8196,data/images/8196.jpg,True,True,225,350,RGB,JPEG,
8197,data/images/8197.jpg,True,True,460,690,RGB,JPEG,
8206,data/images/8206.jpg,True,True,225,320,RGB,JPEG,
8217,data/images/8217.jpg,True,True,460,658,RGB,JPEG,
8243,data/images/8243.jpg,True,True,225,317,RGB,JPEG,
8244,data/images/8244.jpg,True,True,460,651,RGB,JPEG,
8245,data/images/8245.jpg,True,True,225,320,RGB,JPEG,
8246,data/images/8246.jpg,True,True,460,651,RGB,JPEG,
8247,data/images/8247.jpg,True,True,460,690,RGB,JPEG,
8248,data/images/8248.jpg,True,True,225,350,RGB,JPEG,
8249,data/images/8249.jpg,True,True,225,350,RGB,JPEG,
8258,data/images/8258.jpg,True,True,225,225,RGB,JPEG,
8275,data/images/8275.jpg,True,True,225,310,RGB,JPEG,
8277,data/images/8277.jpg,True,True,225,326,RGB,JPEG,
8287,data/images/8287.jpg,True,True,225,331,RGB,JPEG,
8289,data/images/8289.jpg,True,True,225,350,RGB,JPEG,
8290,data/images/8290.jpg,True,True,225,323,RGB,JPEG,
8291,data/images/8291.jpg,True,True,225,323,RGB,JPEG,
8292,data/images/8292.jpg,True,True,225,323,RGB,JPEG,
8293,data/images/8293.jpg,True,True,225,323,RGB,JPEG,
8294,data/images/8294.jpg,True,True,225,319,RGB,JPEG,
8297,data/images/8297.jpg,True,True,225,319,RGB,JPEG,
8302,data/images/8302.jpg,True,True,225,350,RGB,JPEG,
8310,data/images/8310.jpg,True,True,460,642,RGB,JPEG,
8311,data/images/8311.jpg,True,True,225,318,RGB,JPEG,
8331,data/images/8331.jpg,True,True,225,320,RGB,JPEG,
8336,data/images/8336.jpg,True,True,230,324,RGB,JPEG,
8337,data/images/8337.jpg,True,True,225,322,RGB,JPEG,
8339,data/images/8339.jpg,True,True,225,319,RGB,JPEG,
8353,data/images/8353.jpg,True,True,225,320,RGB,JPEG,
8357,data/images/8357.jpg,True,True,225,318,RGB,JPEG,
8369,data/images/8369.jpg,True,True,225,288,RGB,JPEG,
8407,data/images/8407.jpg,True,True,460,690,RGB,JPEG,
8408,data/images/8408.jpg,True,True,460,629,RGB,JPEG,
8409,data/images/8409.jpg,True,True,460,650,RGB,JPEG,
8410,data/images/8410.jpg,True,True,230,298,RGB,JPEG,
8424,data/images/8424.jpg,True,True,460,672,RGB,JPEG,
8438,data/images/8438.jpg,True,True,225,350,RGB,JPEG,
8449,data/images/8449.jpg,True,True,460,653,RGB,JPEG,
8456,data/images/8456.jpg,True,True,230,322,RGB,JPEG,
8457,data/images/8457.jpg,True,True,230,344,RGB,JPEG,
8460,data/images/8460.jpg,True,True,230,329,RGB,JPEG,
8465,data/images/8465.jpg,True,True,225,320,RGB,JPEG,
8476,data/images/8476.jpg,True,True,460,656,RGB,JPEG,
8479,data/images/8479.jpg,True,True,230,319,RGB,JPEG,
8481,data/images/8481.jpg,True,True,225,305,RGB,JPEG,
8486,data/images/8486.jpg,True,True,225,324,RGB,JPEG,
8495,data/images/8495.jpg,True,True,225,321,RGB,JPEG,
8507,data/images/8507.jpg,True,True,460,671,RGB,JPEG,
8514,data/images/8514.jpg,True,True,230,325,RGB,JPEG,
8518,data/images/8518.jpg,True,True,225,350,RGB,JPEG,
8525,data/images/8525.jpg,True,True,460,635,RGB,JPEG,
8526,data/images/8526.jpg,True,True,225,350,RGB,JPEG,
8532,data/images/8532.jpg,True,True,225,350,RGB,JPEG,
8536,data/images/8536.jpg,True,True,460,690,RGB,JPEG,
8538,data/images/8538.jpg,True,True,225,350,RGB,JPEG,
8557,data/images/8557.jpg,True,True,460,630,RGB,JPEG,
8560,data/images/8560.jpg,True,True,460,649,RGB,JPEG,
8577,data/images/8577.jpg,True,True,225,310,RGB,JPEG,
8599,data/images/8599.jpg,True,True,225,315,RGB,JPEG,
8609,data/images/8609.jpg,True,True,225,319,RGB,JPEG,
8619,data/images/8619.jpg,True,True,225,328,RGB,JPEG,
8624,data/images/8624.jpg,True,True,225,321,RGB,JPEG,
8632,data/images/8632.jpg,True,True,230,360,RGB,JPEG,
8634,data/images/8634.jpg,True,True,225,299,RGB,JPEG,
8635,data/images/8635.jpg,True,True,225,350,RGB,JPEG,
8648,data/images/8648.jpg,True,True,225,350,RGB,JPEG,
8651,data/images/8651.jpg,True,True,225,323,RGB,JPEG,
8653,data/images/8653.jpg,True,True,460,657,RGB,JPEG,
8654,data/images/8654.jpg,True,True,460,644,RGB,JPEG,
8655,data/images/8655.jpg,True,True,460,641,RGB,JPEG,
8666,data/images/8666.jpg,True,True,460,631,RGB,JPEG,
8668,data/images/8668.jpg,True,True,225,350,RGB,JPEG,
8675,data/images/8675.jpg,True,True,460,690,RGB,JPEG,
8676,data/images/8676.jpg,True,True,400,604,RGB,JPEG,
8706,data/images/8706.jpg,True,True,225,350,RGB,JPEG,
8710,data/images/8710.jpg,True,True,225,350,RGB,JPEG,
8726,data/images/8726.jpg,True,True,460,658,RGB,JPEG,
8728,data/images/8728.jpg,True,True,225,350,RGB,JPEG,
8740,data/images/8740.jpg,True,True,230,326,RGB,JPEG,
8768,data/images/8768.jpg,True,True,225,350,RGB,JPEG,
8769,data/images/8769.jpg,True,True,460,690,RGB,JPEG,
8792,data/images/8792.jpg,True,True,230,360,RGB,JPEG,
8795,data/images/8795.jpg,True,True,460,672,RGB,JPEG,
8800,data/images/8800.jpg,True,True,460,690,RGB,JPEG,
8861,data/images/8861.jpg,True,True,460,672,RGB,JPEG,
8876,data/images/8876.jpg,True,True,460,676,RGB,JPEG,
8909,data/images/8909.jpg,True,True,225,243,RGB,JPEG,
8918,data/images/8918.jpg,True,True,225,323,RGB,JPEG,
8925,data/images/8925.jpg,True,True,225,350,RGB,JPEG,
8934,data/images/8934.jpg,True,True,460,649,RGB,JPEG,
8937,data/images/8937.jpg,True,True,460,652,RGB,JPEG,
8950,data/images/8950.jpg,True,True,225,323,RGB,JPEG,
8952,data/images/8952.jpg,True,True,225,350,RGB,JPEG,
8955,data/images/8955.jpg,True,True,225,350,RGB,JPEG,
8957,data/images/8957.jpg,True,True,225,150,RGB,JPEG,
8958,data/images/8958.jpg,True,True,225,169,RGB,JPEG,
8959,data/images/8959.jpg,True,True,225,169,RGB,JPEG,
8960,data/images/8960.jpg,True,True,460,690,RGB,JPEG,
8961,data/images/8961.jpg,True,True,225,315,RGB,JPEG,
8964,data/images/8964.jpg,True,True,225,331,RGB,JPEG,
8985,data/images/8985.jpg,True,True,460,580,RGB,JPEG,
8987,data/images/8987.jpg,True,True,225,322,RGB,JPEG,
9005,data/images/9005.jpg,True,True,460,660,RGB,JPEG,
9006,data/images/9006.jpg,True,True,460,657,RGB,JPEG,
9007,data/images/9007.jpg,True,True,460,588,RGB,JPEG,
9008,data/images/9008.jpg,True,True,225,323,RGB,JPEG,
9009,data/images/9009.jpg,True,True,225,323,RGB,JPEG,
9013,data/images/9013.jpg,True,True,225,349,RGB,JPEG,
9014,data/images/9014.jpg,True,True,460,657,RGB,JPEG,
9023,data/images/9023.jpg,True,True,225,350,RGB,JPEG,
9032,data/images/9032.jpg,True,True,230,315,RGB,JPEG,
9040,data/images/9040.jpg,True,True,225,310,RGB,JPEG,
9047,data/images/9047.jpg,True,True,460,681,RGB,JPEG,
9055,data/images/9055.jpg,True,True,460,690,RGB,JPEG,
9062,data/images/9062.jpg,True,True,460,654,RGB,JPEG,
9063,data/images/9063.jpg,True,True,460,690,RGB,JPEG,
9065,data/images/9065.jpg,True,True,460,690,RGB,JPEG,
9074,data/images/9074.jpg,True,True,460,690,RGB,JPEG,
9091,data/images/9091.jpg,True,True,225,350,RGB,JPEG,
9107,data/images/9107.jpg,True,True,225,314,RGB,JPEG,
9120,data/images/9120.jpg,True,True,225,319,RGB,JPEG,
9121,data/images/9121.jpg,True,True,225,350,RGB,JPEG,
9124,data/images/9124.jpg,True,True,460,624,RGB,JPEG,
9127,data/images/9127.jpg,True,True,225,337,RGB,JPEG,
9136,data/images/9136.jpg,True,True,460,667,RGB,JPEG,
9159,data/images/9159.jpg,True,True,225,319,RGB,JPEG,
9167,data/images/9167.jpg,True,True,225,318,RGB,JPEG,
9181,data/images/9181.jpg,True,True,225,320,RGB,JPEG,
9201,data/images/9201.jpg,True,True,460,648,RGB,JPEG,
9202,data/images/9202.jpg,True,True,225,350,RGB,JPEG,
9203,data/images/9203.jpg,True,True,230,358,RGB,JPEG,
9204,data/images/9204.jpg,True,True,460,690,RGB,JPEG,
9205,data/images/9205.jpg,True,True,225,320,RGB,JPEG,
9211,data/images/9211.jpg,True,True,225,350,RGB,JPEG,
9213,data/images/9213.jpg,True,True,460,646,RGB,JPEG,
9220,data/images/9220.jpg,True,True,225,319,RGB,JPEG,
9241,data/images/9241.jpg,True,True,225,350,RGB,JPEG,
9252,data/images/9252.jpg,True,True,460,690,RGB,JPEG,
9287,data/images/9287.jpg,True,True,225,322,RGB,JPEG,
9288,data/images/9288.jpg,True,True,460,698,RGB,JPEG,
9290,data/images/9290.jpg,True,True,225,300,RGB,JPEG,
9308,data/images/9308.jpg,True,True,460,644,RGB,JPEG,
9309,data/images/9309.jpg,True,True,225,315,RGB,JPEG,
9310,data/images/9310.jpg,True,True,400,553,RGB,JPEG,
9311,data/images/9311.jpg,True,True,225,350,RGB,JPEG,
9312,data/images/9312.jpg,True,True,400,543,RGB,JPEG,
9322,data/images/9322.jpg,True,True,460,643,RGB,JPEG,
9326,data/images/9326.jpg,True,True,225,323,RGB,JPEG,
9327,data/images/9327.jpg,True,True,225,321,RGB,JPEG,
9328,data/images/9328.jpg,True,True,225,323,RGB,JPEG,
9333,data/images/9333.jpg,True,True,225,317,RGB,JPEG,
9334,data/images/9334.jpg,True,True,225,315,RGB,JPEG,
9335,data/images/9335.jpg,True,True,225,321,RGB,JPEG,
9337,data/images/9337.jpg,True,True,225,319,RGB,JPEG,
9339,data/images/9339.jpg,True,True,225,319,RGB,JPEG,
9340,data/images/9340.jpg,True,True,225,350,RGB,JPEG,
9345,data/images/9345.jpg,True,True,460,668,RGB,JPEG,
9346,data/images/9346.jpg,True,True,460,650,RGB,JPEG,
9353,data/images/9353.jpg,True,True,225,350,RGB,JPEG,
9355,data/images/9355.jpg,True,True,225,350,RGB,JPEG,
9362,data/images/9362.jpg,True,True,225,350,RGB,JPEG,
9371,data/images/9371.jpg,True,True,225,316,RGB,JPEG,
9375,data/images/9375.jpg,True,True,225,348,RGB,JPEG,
9395,data/images/9395.jpg,True,True,225,322,RGB,JPEG,
9434,data/images/9434.jpg,True,True,225,323,RGB,JPEG,
9435,data/images/9435.jpg,True,True,225,350,RGB,JPEG,
9441,data/images/9441.jpg,True,True,230,325,RGB,JPEG,
9442,data/images/9442.jpg,True,True,230,331,RGB,JPEG,
9465,data/images/9465.jpg,True,True,230,324,RGB,JPEG,
9467,data/images/9467.jpg,True,True,400,566,RGB,JPEG,
9487,data/images/9487.jpg,True,True,460,656,RGB,JPEG,
9506,data/images/9506.jpg,True,True,225,323,RGB,JPEG,
9518,data/images/9518.jpg,True,True,230,325,RGB,JPEG,
9525,data/images/9525.jpg,True,True,230,326,RGB,JPEG,
9536,data/images/9536.jpg,True,True,225,350,RGB,JPEG,
9545,data/images/9545.jpg,True,True,460,657,RGB,JPEG,
9561,data/images/9561.jpg,True,True,230,329,RGB,JPEG,
9562,data/images/9562.jpg,True,True,225,350,RGB,JPEG,
9563,data/images/9563.jpg,True,True,460,648,RGB,JPEG,
9566,data/images/9566.jpg,True,True,225,320,RGB,JPEG,
9581,data/images/9581.jpg,True,True,225,346,RGB,JPEG,
9588,data/images/9588.jpg,True,True,225,323,RGB,JPEG,
9599,data/images/9599.jpg,True,True,460,661,RGB,JPEG,
9600,data/images/9600.jpg,True,True,460,690,RGB,JPEG,
9608,data/images/9608.jpg,True,True,230,362,RGB,JPEG,
9627,data/images/9627.jpg,True,True,460,651,RGB,JPEG,
9629,data/images/9629.jpg,True,True,225,350,RGB,JPEG,
9630,data/images/9630.jpg,True,True,225,350,RGB,JPEG,
9673,data/images/9673.jpg,True,True,225,318,RGB,JPEG,
9675,data/images/9675.jpg,True,True,225,350,RGB,JPEG,
9689,data/images/9689.jpg,True,True,225,350,RGB,JPEG,
9721,data/images/9721.jpg,True,True,400,571,RGB,JPEG,
9744,data/images/9744.jpg,True,True,225,220,RGB,JPEG,
9794,data/images/9794.jpg,True,True,225,319,RGB,JPEG,
9796,data/images/9796.jpg,True,True,230,324,RGB,JPEG,
9797,data/images/9797.jpg,True,True,460,690,RGB,JPEG,
9798,data/images/9798.jpg,True,True,460,663,RGB,JPEG,
9799,data/images/9799.jpg,True,True,225,350,RGB,JPEG,
9846,data/images/9846.jpg,True,True,225,350,RGB,JPEG,
9849,data/images/9849.jpg,True,True,225,350,RGB,JPEG,
9861,data/images/9861.jpg,True,True,225,319,RGB,JPEG,
9865,data/images/9865.jpg,True,True,225,317,RGB,JPEG,
9875,data/images/9875.jpg,True,True,230,360,RGB,JPEG,
9944,data/images/9944.jpg,True,True,225,350,RGB,JPEG,
9973,data/images/9973.jpg,True,True,225,326,RGB,JPEG,
10017,data/images/10017.jpg,True,True,460,628,RGB,JPEG,
10067,data/images/10067.jpg,True,True,460,690,RGB,JPEG,
10098,data/images/10098.jpg,True,True,460,690,RGB,JPEG,
10104,data/images/10104.jpg,True,True,225,350,RGB,JPEG,
10108,data/images/10108.jpg,True,True,225,350,RGB,JPEG,
10118,data/images/10118.jpg,True,True,225,180,RGB,JPEG,
10122,data/images/10122.jpg,True,True,225,323,RGB,JPEG,
10180,data/images/10180.jpg,True,True,460,691,RGB,JPEG,
10201,data/images/10201.jpg,True,True,460,690,RGB,JPEG,
10202,data/images/10202.jpg,True,True,225,225,RGB,JPEG,
10256,data/images/10256.jpg,True,True,225,336,RGB,JPEG,
10280,data/images/10280.jpg,True,True,225,336,RGB,JPEG,
10286,data/images/10286.jpg,True,True,225,350,RGB,JPEG,
10298,data/images/10298.jpg,True,True,460,690,RGB,JPEG,
10391,data/images/10391.jpg,True,True,225,350,RGB,JPEG,
10528,data/images/10528.jpg,True,True,460,690,RGB,JPEG,
10628,data/images/10628.jpg,True,True,225,327,RGB,JPEG,
10643,data/images/10643.jpg,True,True,225,312,RGB,JPEG,
10659,data/images/10659.jpg,True,True,225,317,RGB,JPEG,
10855,data/images/10855.jpg,True,True,225,350,RGB,JPEG,
10862,data/images/10862.jpg,True,True,225,318,RGB,JPEG,
10869,data/images/10869.jpg,True,True,230,325,RGB,JPEG,
10886,data/images/10886.jpg,True,True,225,350,RGB,JPEG,
10918,data/images/10918.jpg,True,True,225,317,RGB,JPEG,
11069,data/images/11069.jpg,True,True,460,643,RGB,JPEG,
11661,data/images/11661.jpg,True,True,225,316,RGB,JPEG,
11787,data/images/11787.jpg,True,True,225,310,RGB,JPEG,
12135,data/images/12135.jpg,True,True,225,120,RGB,JPEG,
12137,data/images/12137.jpg,True,True,225,118,RGB,JPEG,
12723,data/images/12723.jpg,True,True,225,125,RGB,JPEG,
12867,data/images/12867.jpg,True,True,460,690,RGB,JPEG,
13127,data/images/13127.jpg,True,True,225,221,RGB,JPEG,
13179,data/images/13179.jpg,True,True,212,300,RGB,JPEG,
13511,data/images/13511.jpg,True,True,225,126,RGB,JPEG,
13819,data/images/13819.jpg,True,True,225,153,RGB,JPEG,
14007,data/images/14007.jpg,True,True,230,317,RGB,JPEG,
15095,data/images/15095.jpg,True,True,225,127,RGB,JPEG,
16646,data/images/16646.jpg,True,True,225,225,RGB,JPEG,
16648,data/images/16648.jpg,True,True,225,151,RGB,JPEG,
17753,data/images/17753.jpg,True,True,225,349,RGB,JPEG,
17887,data/images/17887.jpg,True,True,225,325,RGB,JPEG,
18047,data/images/18047.jpg,True,True,200,282,RGB,JPEG,
18375,data/images/18375.jpg,True,True,225,350,RGB,JPEG,
18881,data/images/18881.jpg,True,True,225,128,RGB,JPEG,
18939,data/images/18939.jpg,True,True,225,305,RGB,JPEG,
20493,data/images/20493.jpg,True,True,460,653,RGB,JPEG,
20507,data/images/20507.jpg,True,True,225,326,RGB,JPEG,
20569,data/images/20569.jpg,True,True,230,346,RGB,JPEG,
21607,data/images/21607.jpg,True,True,225,337,RGB,JPEG,
98208,data/images/98208.jpg,True,True,230,345,RGB,JPEG,
99215,data/images/99215.jpg,True,True,230,342,RGB,JPEG,
101906,data/images/101906.jpg,True,True,460,690,RGB,JPEG,
107255,data/images/107255.jpg,True,True,230,129,RGB,JPEG,
110465,data/images/110465.jpg,True,True,230,130,RGB,JPEG,
120831,data/images/120831.jpg,True,True,230,330,RGB,JPEG,
121062,data/images/121062.jpg,True,True,230,345,RGB,JPEG,
121835,data/images/121835.jpg,True,True,230,328,RGB,JPEG,
124439,data/images/124439.jpg,True,True,230,325,RGB,JPEG,
126880,data/images/126880.jpg,True,True,230,328,RGB,JPEG,
138969,data/images/138969.jpg,True,True,230,173,RGB,JPEG,
140340,data/images/140340.jpg,True,True,230,329,RGB,JPEG,
169693,data/images/169693.jpg,True,True,230,324,RGB,JPEG,
178147,data/images/178147.jpg,True,True,230,214,RGB,JPEG,
181178,data/images/181178.jpg,True,True,230,139,RGB,JPEG,
181832,data/images/181832.jpg,True,True,230,327,RGB,JPEG,
187214,data/images/187214.jpg,True,True,230,282,RGB,JPEG,
202418,data/images/202418.jpg,True,True,230,325,RGB,JPEG,
206843,data/images/206843.jpg,True,True,460,345,RGB,JPEG,
213096,data/images/213096.jpg,True,True,230,327,RGB,JPEG,
4713,data/images/4713.jpg,True,True,460,647,RGB,JPEG,
6773,data/images/6773.jpg,True,True,460,690,RGB,JPEG,
6880,data/images/6880.jpg,True,True,460,690,RGB,JPEG,
6918,data/images/6918.jpg,True,True,225,315,RGB,JPEG,
6919,data/images/6919.jpg,True,True,225,306,RGB,JPEG,
6920,data/images/6920.jpg,True,True,225,350,RGB,JPEG,
6954,data/images/6954.jpg,True,True,460,640,RGB,JPEG,
7014,data/images/7014.jpg,True,True,460,690,RGB,JPEG,
7081,data/images/7081.jpg,True,True,230,324,RGB,JPEG,
7135,data/images/7135.jpg,True,True,460,690,RGB,JPEG,
7222,data/images/7222.jpg,True,True,460,690,RGB,JPEG,
8063,data/images/8063.jpg,True,True,225,324,RGB,JPEG,
8143,data/images/8143.jpg,True,True,225,319,RGB,JPEG,
8241,data/images/8241.jpg,True,True,225,321,RGB,JPEG,
8250,data/images/8250.jpg,True,True,225,350,RGB,JPEG,
8425,data/images/8425.jpg,True,True,460,650,RGB,JPEG,
8426,data/images/8426.jpg,True,True,460,690,RGB,JPEG,
8487,data/images/8487.jpg,True,True,225,350,RGB,JPEG,
8516,data/images/8516.jpg,True,True,460,661,RGB,JPEG,
8630,data/images/8630.jpg,True,True,460,640,RGB,JPEG,
8841,data/images/8841.jpg,True,True,460,650,RGB,JPEG,
8857,data/images/8857.jpg,True,True,460,658,RGB,JPEG,
8915,data/images/8915.jpg,True,True,460,690,RGB,JPEG,
8986,data/images/8986.jpg,True,True,225,350,RGB,JPEG,
8995,data/images/8995.jpg,True,True,460,619,RGB,JPEG,
9000,data/images/9000.jpg,True,True,460,680,RGB,JPEG,
9041,data/images/9041.jpg,True,True,460,676,RGB,JPEG,
9088,data/images/9088.jpg,True,True,460,690,RGB,JPEG,
9117,data/images/9117.jpg,True,True,225,350,RGB,JPEG,
9130,data/images/9130.jpg,True,True,460,648,RGB,JPEG,
9135,data/images/9135.jpg,True,True,460,642,RGB,JPEG,
9253,data/images/9253.jpg,True,True,460,667,RGB,JPEG,
9289,data/images/9289.jpg,True,True,460,690,RGB,JPEG,
9314,data/images/9314.jpg,True,True,460,690,RGB,JPEG,
9330,data/images/9330.jpg,True,True,460,690,RGB,JPEG,
9331,data/images/9331.jpg,True,True,460,690,RGB,JPEG,
9332,data/images/9332.jpg,True,True,225,350,RGB,JPEG,
9347,data/images/9347.jpg,True,True,460,670,RGB,JPEG,
9366,data/images/9366.jpg,True,True,460,690,RGB,JPEG,
9367,data/images/9367.jpg,True,True,225,316,RGB,JPEG,
9379,data/images/9379.jpg,True,True,460,649,RGB,JPEG,
9393,data/images/9393.jpg,True,True,225,350,RGB,JPEG,
9396,data/images/9396.jpg,True,True,225,350,RGB,JPEG,
9471,data/images/9471.jpg,True,True,230,328,RGB,JPEG,
9493,data/images/9493.jpg,True,True,460,653,RGB,JPEG,
9510,data/images/9510.jpg,True,True,460,657,RGB,JPEG,
9513,data/images/9513.jpg,True,True,460,676,RGB,JPEG,
9515,data/images/9515.jpg,True,True,400,563,RGB,JPEG,
9539,data/images/9539.jpg,True,True,460,690,RGB,JPEG,
9587,data/images/9587.jpg,True,True,460,676,RGB,JPEG,
9598,data/images/9598.jpg,True,True,225,319,RGB,JPEG,
9611,data/images/9611.jpg,True,True,460,690,RGB,JPEG,
9617,data/images/9617.jpg,True,True,460,690,RGB,JPEG,
9618,data/images/9618.jpg,True,True,460,690,RGB,JPEG,
9624,data/images/9624.jpg,True,True,230,342,RGB,JPEG,
9638,data/images/9638.jpg,True,True,400,572,RGB,JPEG,
9656,data/images/9656.jpg,True,True,460,628,RGB,JPEG,
9693,data/images/9693.jpg,True,True,230,325,RGB,JPEG,
9712,data/images/9712.jpg,True,True,460,690,RGB,JPEG,
9718,data/images/9718.jpg,True,True,225,323,RGB,JPEG,
9724,data/images/9724.jpg,True,True,230,345,RGB,JPEG,
9734,data/images/9734.jpg,True,True,460,616,RGB,JPEG,
9735,data/images/9735.jpg,True,True,225,350,RGB,JPEG,
9736,data/images/9736.jpg,True,True,460,690,RGB,JPEG,
9737,data/images/9737.jpg,True,True,460,648,RGB,JPEG,
9741,data/images/9741.jpg,True,True,225,330,RGB,JPEG,
9745,data/images/9745.jpg,True,True,460,690,RGB,JPEG,
9750,data/images/9750.jpg,True,True,225,318,RGB,JPEG,
9754,data/images/9754.jpg,True,True,225,288,RGB,JPEG,
9756,data/images/9756.jpg,True,True,460,666,RGB,JPEG,
9760,data/images/9760.jpg,True,True,460,651,RGB,JPEG,
9774,data/images/9774.jpg,True,True,225,304,RGB,JPEG,
9776,data/images/9776.jpg,True,True,460,690,RGB,JPEG,
9778,data/images/9778.jpg,True,True,225,323,RGB,JPEG,
9782,data/images/9782.jpg,True,True,225,318,RGB,JPEG,
9790,data/images/9790.jpg,True,True,460,652,RGB,JPEG,
9793,data/images/9793.jpg,True,True,225,329,RGB,JPEG,
9834,data/images/9834.jpg,True,True,460,666,RGB,JPEG,
9855,data/images/9855.jpg,True,True,225,322,RGB,JPEG,
9863,data/images/9863.jpg,True,True,460,690,RGB,JPEG,
9888,data/images/9888.jpg,True,True,225,350,RGB,JPEG,
9890,data/images/9890.jpg,True,True,460,690,RGB,JPEG,
9893,data/images/9893.jpg,True,True,460,643,RGB,JPEG,
9904,data/images/9904.jpg,True,True,225,322,RGB,JPEG,
9917,data/images/9917.jpg,True,True,225,315,RGB,JPEG,
9919,data/images/9919.jpg,True,True,460,642,RGB,JPEG,
9922,data/images/9922.jpg,True,True,460,690,RGB,JPEG,
9924,data/images/9924.jpg,True,True,201,300,RGB,JPEG,
9925,data/images/9925.jpg,True,True,225,350,RGB,JPEG,
9926,data/images/9926.jpg,True,True,460,640,RGB,JPEG,
9934,data/images/9934.jpg,True,True,225,350,RGB,JPEG,
9935,data/images/9935.jpg,True,True,220,350,RGB,JPEG,
9936,data/images/9936.jpg,True,True,225,318,RGB,JPEG,
9938,data/images/9938.jpg,True,True,460,651,RGB,JPEG,
9939,data/images/9939.jpg,True,True,225,323,RGB,JPEG,
9941,data/images/9941.jpg,True,True,460,650,RGB,JPEG,
9943,data/images/9943.jpg,True,True,220,350,RGB,JPEG,
9958,data/images/9958.jpg,True,True,460,661,RGB,JPEG,
9963,data/images/9963.jpg,True,True,460,648,RGB,JPEG,
9968,data/images/9968.jpg,True,True,225,322,RGB,JPEG,
9969,data/images/9969.jpg,True,True,460,650,RGB,JPEG,
9979,data/images/9979.jpg,True,True,460,652,RGB,JPEG,
9981,data/images/9981.jpg,True,True,460,690,RGB,JPEG,
9982,data/images/9982.jpg,True,True,225,311,RGB,JPEG,
9989,data/images/9989.jpg,True,True,460,648,RGB,JPEG,
9996,data/images/9996.jpg,True,True,230,303,RGB,JPEG,
9999,data/images/9999.jpg,True,True,225,350,RGB,JPEG,
10012,data/images/10012.jpg,True,True,460,682,RGB,JPEG,
10013,data/images/10013.jpg,True,True,225,321,RGB,JPEG,
10014,data/images/10014.jpg,True,True,225,314,RGB,JPEG,
10015,data/images/10015.jpg,True,True,460,640,RGB,JPEG,
10016,data/images/10016.jpg,True,True,225,350,RGB,JPEG,
10020,data/images/10020.jpg,True,True,460,624,RGB,JPEG,
10029,data/images/10029.jpg,True,True,460,651,RGB,JPEG,
10030,data/images/10030.jpg,True,True,460,651,RGB,JPEG,
10033,data/images/10033.jpg,True,True,460,652,RGB,JPEG,
10043,data/images/10043.jpg,True,True,230,331,RGB,JPEG,
10049,data/images/10049.jpg,True,True,460,689,RGB,JPEG,
10073,data/images/10073.jpg,True,True,460,649,RGB,JPEG,
10074,data/images/10074.jpg,True,True,225,343,RGB,JPEG,
10075,data/images/10075.jpg,True,True,225,313,RGB,JPEG,
10076,data/images/10076.jpg,True,True,225,350,RGB,JPEG,
10079,data/images/10079.jpg,True,True,460,658,RGB,JPEG,
10080,data/images/10080.jpg,True,True,460,652,RGB,JPEG,
10083,data/images/10083.jpg,True,True,460,651,RGB,JPEG,
10087,data/images/10087.jpg,True,True,460,690,RGB,JPEG,
10092,data/images/10092.jpg,True,True,460,690,RGB,JPEG,
10101,data/images/10101.jpg,True,True,225,322,RGB,JPEG,
10106,data/images/10106.jpg,True,True,225,350,RGB,JPEG,
10109,data/images/10109.jpg,True,True,460,632,RGB,JPEG,
10110,data/images/10110.jpg,True,True,460,690,RGB,JPEG,
10114,data/images/10114.jpg,True,True,460,654,RGB,JPEG,
10115,data/images/10115.jpg,True,True,225,324,RGB,JPEG,
10116,data/images/10116.jpg,True,True,230,325,RGB,JPEG,
10119,data/images/10119.jpg,True,True,225,350,RGB,JPEG,
10155,data/images/10155.jpg,True,True,460,654,RGB,JPEG,
10156,data/images/10156.jpg,True,True,460,690,RGB,JPEG,
10161,data/images/10161.jpg,True,True,460,653,RGB,JPEG,
10162,data/images/10162.jpg,True,True,460,634,RGB,JPEG,
10163,data/images/10163.jpg,True,True,460,635,RGB,JPEG,
10165,data/images/10165.jpg,True,True,460,647,RGB,JPEG,
10172,data/images/10172.jpg,True,True,225,313,RGB,JPEG,
10177,data/images/10177.jpg,True,True,225,318,RGB,JPEG,
10178,data/images/10178.jpg,True,True,460,681,RGB,JPEG,
10187,data/images/10187.jpg,True,True,460,690,RGB,JPEG,
10191,data/images/10191.jpg,True,True,460,658,RGB,JPEG,
10196,data/images/10196.jpg,True,True,225,321,RGB,JPEG,
10197,data/images/10197.jpg,True,True,225,316,RGB,JPEG,
10209,data/images/10209.jpg,True,True,225,316,RGB,JPEG,
10213,data/images/10213.jpg,True,True,460,627,RGB,JPEG,
10216,data/images/10216.jpg,True,True,225,323,RGB,JPEG,
10217,data/images/10217.jpg,True,True,460,700,RGB,JPEG,
10219,data/images/10219.jpg,True,True,225,350,RGB,JPEG,
10232,data/images/10232.jpg,True,True,460,650,RGB,JPEG,
10238,data/images/10238.jpg,True,True,230,328,RGB,JPEG,
10249,data/images/10249.jpg,True,True,225,350,RGB,JPEG,
10257,data/images/10257.jpg,True,True,460,660,RGB,JPEG,
10260,data/images/10260.jpg,True,True,225,288,RGB,JPEG,
10261,data/images/10261.jpg,True,True,225,315,RGB,JPEG,
10271,data/images/10271.jpg,True,True,460,652,RGB,JPEG,
10278,data/images/10278.jpg,True,True,460,647,RGB,JPEG,
10294,data/images/10294.jpg,True,True,225,283,RGB,JPEG,
10297,data/images/10297.jpg,True,True,225,312,RGB,JPEG,
10301,data/images/10301.jpg,True,True,225,321,RGB,JPEG,
10302,data/images/10302.jpg,True,True,460,690,RGB,JPEG,
10308,data/images/10308.jpg,True,True,225,318,RGB,JPEG,
10321,data/images/10321.jpg,True,True,460,650,RGB,JPEG,
10323,data/images/10323.jpg,True,True,225,249,RGB,JPEG,
10324,data/images/10324.jpg,True,True,225,319,RGB,JPEG,
10325,data/images/10325.jpg,True,True,230,327,RGB,JPEG,
10327,data/images/10327.jpg,True,True,460,651,RGB,JPEG,
10330,data/images/10330.jpg,True,True,460,627,RGB,JPEG,
10336,data/images/10336.jpg,True,True,460,690,RGB,JPEG,
10338,data/images/10338.jpg,True,True,460,650,RGB,JPEG,
10346,data/images/10346.jpg,True,True,460,637,RGB,JPEG,
10347,data/images/10347.jpg,True,True,225,317,RGB,JPEG,
10348,data/images/10348.jpg,True,True,225,319,RGB,JPEG,
10350,data/images/10350.jpg,True,True,460,690,RGB,JPEG,
10359,data/images/10359.jpg,True,True,460,699,RGB,JPEG,
10361,data/images/10361.jpg,True,True,225,220,RGB,JPEG,
10370,data/images/10370.jpg,True,True,230,307,RGB,JPEG,
10372,data/images/10372.jpg,True,True,460,690,RGB,JPEG,
10378,data/images/10378.jpg,True,True,460,690,RGB,JPEG,
10379,data/images/10379.jpg,True,True,460,651,RGB,JPEG,
10380,data/images/10380.jpg,True,True,460,647,RGB,JPEG,
10389,data/images/10389.jpg,True,True,460,690,RGB,JPEG,
10390,data/images/10390.jpg,True,True,225,315,RGB,JPEG,
10392,data/images/10392.jpg,True,True,230,325,RGB,JPEG,
10396,data/images/10396.jpg,True,True,225,350,RGB,JPEG,
10397,data/images/10397.jpg,True,True,460,646,RGB,JPEG,
10405,data/images/10405.jpg,True,True,225,159,RGB,JPEG,
10406,data/images/10406.jpg,True,True,225,327,RGB,JPEG,
10407,data/images/10407.jpg,True,True,225,279,RGB,JPEG,
10408,data/images/10408.jpg,True,True,460,640,RGB,JPEG,
10418,data/images/10418.jpg,True,True,225,316,RGB,JPEG,
10419,data/images/10419.jpg,True,True,225,323,RGB,JPEG,
10420,data/images/10420.jpg,True,True,225,323,RGB,JPEG,
10421,data/images/10421.jpg,True,True,400,563,RGB,JPEG,
10424,data/images/10424.jpg,True,True,225,323,RGB,JPEG,
10429,data/images/10429.jpg,True,True,230,331,RGB,JPEG,
10431,data/images/10431.jpg,True,True,225,350,RGB,JPEG,
10443,data/images/10443.jpg,True,True,225,322,RGB,JPEG,
10444,data/images/10444.jpg,True,True,460,690,RGB,JPEG,
10456,data/images/10456.jpg,True,True,460,659,RGB,JPEG,
10457,data/images/10457.jpg,True,True,225,314,RGB,JPEG,
10458,data/images/10458.jpg,True,True,225,326,RGB,JPEG,
10459,data/images/10459.jpg,True,True,225,288,RGB,JPEG,
10460,data/images/10460.jpg,True,True,460,624,RGB,JPEG,
10465,data/images/10465.jpg,True,True,460,638,RGB,JPEG,
10477,data/images/10477.jpg,True,True,225,319,RGB,JPEG,
10479,data/images/10479.jpg,True,True,225,350,RGB,JPEG,
10483,data/images/10483.jpg,True,True,225,350,RGB,JPEG,
10488,data/images/10488.jpg,True,True,225,322,RGB,JPEG,
10490,data/images/10490.jpg,True,True,460,653,RGB,JPEG,
10491,data/images/10491.jpg,True,True,460,624,RGB,JPEG,
10495,data/images/10495.jpg,True,True,460,648,RGB,JPEG,
10497,data/images/10497.jpg,True,True,225,350,RGB,JPEG,
10500,data/images/10500.jpg,True,True,230,358,RGB,JPEG,
10501,data/images/10501.jpg,True,True,225,300,RGB,JPEG,
10502,data/images/10502.jpg,True,True,230,311,RGB,JPEG,
10506,data/images/10506.jpg,True,True,225,319,RGB,JPEG,
10507,data/images/10507.jpg,True,True,460,649,RGB,JPEG,
10513,data/images/10513.jpg,True,True,225,341,RGB,JPEG,
10516,data/images/10516.jpg,True,True,225,210,RGB,JPEG,
10519,data/images/10519.jpg,True,True,225,350,RGB,JPEG,
10521,data/images/10521.jpg,True,True,460,649,RGB,JPEG,
10524,data/images/10524.jpg,True,True,460,690,RGB,JPEG,
10531,data/images/10531.jpg,True,True,225,319,RGB,JPEG,
10532,data/images/10532.jpg,True,True,225,125,RGB,JPEG,
10533,data/images/10533.jpg,True,True,460,647,RGB,JPEG,
10534,data/images/10534.jpg,True,True,460,644,RGB,JPEG,
10536,data/images/10536.jpg,True,True,460,631,RGB,JPEG,
10539,data/images/10539.jpg,True,True,460,652,RGB,JPEG,
10540,data/images/10540.jpg,True,True,460,690,RGB,JPEG,
10541,data/images/10541.jpg,True,True,460,651,RGB,JPEG,
10545,data/images/10545.jpg,True,True,225,318,RGB,JPEG,
10546,data/images/10546.jpg,True,True,460,657,RGB,JPEG,
10547,data/images/10547.jpg,True,True,230,345,RGB,JPEG,
10552,data/images/10552.jpg,True,True,400,574,RGB,JPEG,
10553,data/images/10553.jpg,True,True,400,524,RGB,JPEG,
10568,data/images/10568.jpg,True,True,460,654,RGB,JPEG,
10570,data/images/10570.jpg,True,True,460,653,RGB,JPEG,
10572,data/images/10572.jpg,True,True,460,652,RGB,JPEG,
10573,data/images/10573.jpg,True,True,460,649,RGB,JPEG,
10578,data/images/10578.jpg,True,True,230,327,RGB,JPEG,
10582,data/images/10582.jpg,True,True,460,690,RGB,JPEG,
10588,data/images/10588.jpg,True,True,460,660,RGB,JPEG,
10589,data/images/10589.jpg,True,True,460,657,RGB,JPEG,
10590,data/images/10590.jpg,True,True,225,314,RGB,JPEG,
10592,data/images/10592.jpg,True,True,225,350,RGB,JPEG,
10595,data/images/10595.jpg,True,True,220,300,RGB,JPEG,
10604,data/images/10604.jpg,True,True,460,639,RGB,JPEG,
10611,data/images/10611.jpg,True,True,460,652,RGB,JPEG,
10620,data/images/10620.jpg,True,True,460,690,RGB,JPEG,
10624,data/images/10624.jpg,True,True,460,634,RGB,JPEG,
10629,data/images/10629.jpg,True,True,460,690,RGB,JPEG,
10633,data/images/10633.jpg,True,True,225,132,RGB,JPEG,
10647,data/images/10647.jpg,True,True,460,641,RGB,JPEG,
10668,data/images/10668.jpg,True,True,225,350,RGB,JPEG,
10671,data/images/10671.jpg,True,True,225,320,RGB,JPEG,
10683,data/images/10683.jpg,True,True,460,657,RGB,JPEG,
10684,data/images/10684.jpg,True,True,225,318,RGB,JPEG,
10685,data/images/10685.jpg,True,True,460,656,RGB,JPEG,
10686,data/images/10686.jpg,True,True,460,697,RGB,JPEG,
10688,data/images/10688.jpg,True,True,225,338,RGB,JPEG,
10689,data/images/10689.jpg,True,True,192,144,RGB,JPEG,
10693,data/images/10693.jpg,True,True,225,321,RGB,JPEG,
10694,data/images/10694.jpg,True,True,225,323,RGB,JPEG,
10695,data/images/10695.jpg,True,True,225,337,RGB,JPEG,
10697,data/images/10697.jpg,True,True,225,350,RGB,JPEG,
10702,data/images/10702.jpg,True,True,225,325,RGB,JPEG,
10703,data/images/10703.jpg,True,True,225,319,RGB,JPEG,
10711,data/images/10711.jpg,True,True,460,650,RGB,JPEG,
10713,data/images/10713.jpg,True,True,225,283,RGB,JPEG,
10714,data/images/10714.jpg,True,True,225,283,RGB,JPEG,
10715,data/images/10715.jpg,True,True,225,283,RGB,JPEG,
10716,data/images/10716.jpg,True,True,225,314,RGB,JPEG,
10717,data/images/10717.jpg,True,True,225,283,RGB,JPEG,
10719,data/images/10719.jpg,True,True,460,637,RGB,JPEG,
10721,data/images/10721.jpg,True,True,460,660,RGB,JPEG,
10728,data/images/10728.jpg,True,True,225,329,RGB,JPEG,
10731,data/images/10731.jpg,True,True,460,659,RGB,JPEG,
10736,data/images/10736.jpg,True,True,460,690,RGB,JPEG,
10737,data/images/10737.jpg,True,True,225,279,RGB,JPEG,
10740,data/images/10740.jpg,True,True,225,319,RGB,JPEG,
10764,data/images/10764.jpg,True,True,225,322,RGB,JPEG,
10770,data/images/10770.jpg,True,True,230,324,RGB,JPEG,
10779,data/images/10779.jpg,True,True,460,632,RGB,JPEG,
10792,data/images/10792.jpg,True,True,460,657,RGB,JPEG,
10793,data/images/10793.jpg,True,True,460,650,RGB,JPEG,
10794,data/images/10794.jpg,True,True,225,319,RGB,JPEG,
10796,data/images/10796.jpg,True,True,225,284,RGB,JPEG,
10797,data/images/10797.jpg,True,True,230,330,RGB,JPEG,
10798,data/images/10798.jpg,True,True,460,654,RGB,JPEG,
10800,data/images/10800.jpg,True,True,460,647,RGB,JPEG,
10801,data/images/10801.jpg,True,True,460,690,RGB,JPEG,
10802,data/images/10802.jpg,True,True,460,690,RGB,JPEG,
10804,data/images/10804.jpg,True,True,460,634,RGB,JPEG,
10805,data/images/10805.jpg,True,True,225,321,RGB,JPEG,
10808,data/images/10808.jpg,True,True,460,656,RGB,JPEG,
10821,data/images/10821.jpg,True,True,460,643,RGB,JPEG,
10827,data/images/10827.jpg,True,True,460,645,RGB,JPEG,
10832,data/images/10832.jpg,True,True,225,350,RGB,JPEG,
10834,data/images/10834.jpg,True,True,230,328,RGB,JPEG,
10838,data/images/10838.jpg,True,True,225,317,RGB,JPEG,
10842,data/images/10842.jpg,True,True,225,123,RGB,JPEG,
10845,data/images/10845.jpg,True,True,225,326,RGB,JPEG,
10847,data/images/10847.jpg,True,True,225,292,RGB,JPEG,
10850,data/images/10850.jpg,True,True,225,133,RGB,JPEG,
10851,data/images/10851.jpg,True,True,460,646,RGB,JPEG,
10856,data/images/10856.jpg,True,True,225,350,RGB,JPEG,
10859,data/images/10859.jpg,True,True,225,225,RGB,JPEG,
10893,data/images/10893.jpg,True,True,460,658,RGB,JPEG,
10897,data/images/10897.jpg,True,True,225,327,RGB,JPEG,
10904,data/images/10904.jpg,True,True,460,657,RGB,JPEG,
10905,data/images/10905.jpg,True,True,460,651,RGB,JPEG,
10906,data/images/10906.jpg,True,True,225,315,RGB,JPEG,
10908,data/images/10908.jpg,True,True,230,326,RGB,JPEG,
10920,data/images/10920.jpg,True,True,225,268,RGB,JPEG,
10923,data/images/10923.jpg,True,True,225,321,RGB,JPEG,
10924,data/images/10924.jpg,True,True,230,326,RGB,JPEG,
10933,data/images/10933.jpg,True,True,225,236,RGB,JPEG,
10934,data/images/10934.jpg,True,True,225,203,RGB,JPEG,
10935,data/images/10935.jpg,True,True,230,360,RGB,JPEG,
10938,data/images/10938.jpg,True,True,225,318,RGB,JPEG,
10945,data/images/10945.jpg,True,True,225,302,RGB,JPEG,
10950,data/images/10950.jpg,True,True,225,264,RGB,JPEG,
10954,data/images/10954.jpg,True,True,225,350,RGB,JPEG,
10958,data/images/10958.jpg,True,True,225,350,RGB,JPEG,
10995,data/images/10995.jpg,True,True,225,253,RGB,JPEG,
10997,data/images/10997.jpg,True,True,225,350,RGB,JPEG,
10999,data/images/10999.jpg,True,True,230,292,RGB,JPEG,
11017,data/images/11017.jpg,True,True,460,652,RGB,JPEG,
11031,data/images/11031.jpg,True,True,230,331,RGB,JPEG,
11043,data/images/11043.jpg,True,True,225,164,RGB,JPEG,
11061,data/images/11061.jpg,True,True,460,651,RGB,JPEG,
11065,data/images/11065.jpg,True,True,230,344,RGB,JPEG,
11067,data/images/11067.jpg,True,True,225,324,RGB,JPEG,
11077,data/images/11077.jpg,True,True,225,305,RGB,JPEG,
11099,data/images/11099.jpg,True,True,230,347,RGB,JPEG,
11103,data/images/11103.jpg,True,True,225,318,RGB,JPEG,
11113,data/images/11113.jpg,True,True,225,319,RGB,JPEG,
11123,data/images/11123.jpg,True,True,460,595,RGB,JPEG,
11161,data/images/11161.jpg,True,True,225,323,RGB,JPEG,
11177,data/images/11177.jpg,True,True,230,326,RGB,JPEG,
11185,data/images/11185.jpg,True,True,225,322,RGB,JPEG,
11237,data/images/11237.jpg,True,True,460,648,RGB,JPEG,
11255,data/images/11255.jpg,True,True,460,645,RGB,JPEG,
11266,data/images/11266.jpg,True,True,460,697,RGB,JPEG,
11321,data/images/11321.jpg,True,True,230,330,RGB,JPEG,
11349,data/images/11349.jpg,True,True,400,545,RGB,JPEG,
11355,data/images/11355.jpg,True,True,460,650,RGB,JPEG,
11359,data/images/11359.jpg,True,True,460,672,RGB,JPEG,
11385,data/images/11385.jpg,True,True,225,318,RGB,JPEG,
11441,data/images/11441.jpg,True,True,460,690,RGB,JPEG,
11457,data/images/11457.jpg,True,True,225,335,RGB,JPEG,
11465,data/images/11465.jpg,True,True,225,350,RGB,JPEG,
11467,data/images/11467.jpg,True,True,460,652,RGB,JPEG,
11469,data/images/11469.jpg,True,True,225,350,RGB,JPEG,
11505,data/images/11505.jpg,True,True,225,318,RGB,JPEG,
11523,data/images/11523.jpg,True,True,225,350,RGB,JPEG,
11531,data/images/11531.jpg,True,True,460,690,RGB,JPEG,
11541,data/images/11541.jpg,True,True,225,188,RGB,JPEG,
11547,data/images/11547.jpg,True,True,230,330,RGB,JPEG,
11553,data/images/11553.jpg,True,True,460,624,RGB,JPEG,
11569,data/images/11569.jpg,True,True,460,651,RGB,JPEG,
11589,data/images/11589.jpg,True,True,225,288,RGB,JPEG,
11609,data/images/11609.jpg,True,True,460,654,RGB,JPEG,
11611,data/images/11611.jpg,True,True,225,316,RGB,JPEG,
11615,data/images/11615.jpg,True,True,225,350,RGB,JPEG,
11663,data/images/11663.jpg,True,True,225,350,RGB,JPEG,
11673,data/images/11673.jpg,True,True,230,329,RGB,JPEG,
11699,data/images/11699.jpg,True,True,230,324,RGB,JPEG,
11715,data/images/11715.jpg,True,True,225,318,RGB,JPEG,
11731,data/images/11731.jpg,True,True,225,306,RGB,JPEG,
11733,data/images/11733.jpg,True,True,225,318,RGB,JPEG,
11745,data/images/11745.jpg,True,True,230,331,RGB,JPEG,
11747,data/images/11747.jpg,True,True,230,317,RGB,JPEG,
11749,data/images/11749.jpg,True,True,230,331,RGB,JPEG,
11767,data/images/11767.jpg,True,True,460,689,RGB,JPEG,
11777,data/images/11777.jpg,True,True,460,652,RGB,JPEG,
11789,data/images/11789.jpg,True,True,230,345,RGB,JPEG,
11809,data/images/11809.jpg,True,True,460,664,RGB,JPEG,
11815,data/images/11815.jpg,True,True,225,350,RGB,JPEG,
11853,data/images/11853.jpg,True,True,460,650,RGB,JPEG,
11855,data/images/11855.jpg,True,True,225,349,RGB,JPEG,
11879,data/images/11879.jpg,True,True,460,644,RGB,JPEG,
11911,data/images/11911.jpg,True,True,460,690,RGB,JPEG,
11969,data/images/11969.jpg,True,True,225,324,RGB,JPEG,
12001,data/images/12001.jpg,True,True,460,651,RGB,JPEG,
12065,data/images/12065.jpg,True,True,225,315,RGB,JPEG,
12131,data/images/12131.jpg,True,True,225,319,RGB,JPEG,
12143,data/images/12143.jpg,True,True,460,653,RGB,JPEG,
12157,data/images/12157.jpg,True,True,225,252,RGB,JPEG,
12187,data/images/12187.jpg,True,True,460,663,RGB,JPEG,
12231,data/images/12231.jpg,True,True,225,313,RGB,JPEG,
12239,data/images/12239.jpg,True,True,225,350,RGB,JPEG,
12267,data/images/12267.jpg,True,True,225,263,RGB,JPEG,
12373,data/images/12373.jpg,True,True,225,350,RGB,JPEG,
12433,data/images/12433.jpg,True,True,460,652,RGB,JPEG,
12447,data/images/12447.jpg,True,True,225,263,RGB,JPEG,
12449,data/images/12449.jpg,True,True,225,288,RGB,JPEG,
12451,data/images/12451.jpg,True,True,225,341,RGB,JPEG,
12565,data/images/12565.jpg,True,True,460,652,RGB,JPEG,
12579,data/images/12579.jpg,True,True,225,350,RGB,JPEG,
12665,data/images/12665.jpg,True,True,460,690,RGB,JPEG,
12709,data/images/12709.jpg,True,True,225,285,RGB,JPEG,
12755,data/images/12755.jpg,True,True,225,125,RGB,JPEG,
12991,data/images/12991.jpg,True,True,460,658,RGB,JPEG,
13041,data/images/13041.jpg,True,True,225,211,RGB,JPEG,
13067,data/images/13067.jpg,True,True,225,318,RGB,JPEG,
13073,data/images/13073.jpg,True,True,460,649,RGB,JPEG,
13167,data/images/13167.jpg,True,True,460,681,RGB,JPEG,
13457,data/images/13457.jpg,True,True,230,309,RGB,JPEG,
13499,data/images/13499.jpg,True,True,225,205,RGB,JPEG,
13501,data/images/13501.jpg,True,True,185,236,RGB,JPEG,
13515,data/images/13515.jpg,True,True,225,141,RGB,JPEG,
13681,data/images/13681.jpg,True,True,225,240,RGB,JPEG,
13829,data/images/13829.jpg,True,True,225,350,RGB,JPEG,
13993,data/images/13993.jpg,True,True,225,317,RGB,JPEG,
15015,data/images/15015.jpg,True,True,225,127,RGB,JPEG,
15393,data/images/15393.jpg,True,True,225,340,RGB,JPEG,
15533,data/images/15533.jpg,True,True,225,348,RGB,JPEG,
16373,data/images/16373.jpg,True,True,225,319,RGB,JPEG,
16377,data/images/16377.jpg,True,True,225,318,RGB,JPEG,
16602,data/images/16602.jpg,True,True,225,169,RGB,JPEG,
16718,data/images/16718.jpg,True,True,460,662,RGB,JPEG,
17233,data/images/17233.jpg,True,True,200,280,RGB,JPEG,
17697,data/images/17697.jpg,True,True,225,195,RGB,JPEG,
18549,data/images/18549.jpg,True,True,225,254,RGB,JPEG,
21467,data/images/21467.jpg,True,True,225,338,RGB,JPEG,
21468,data/images/21468.jpg,True,True,225,321,RGB,JPEG,
97963,data/images/97963.jpg,True,True,230,307,RGB,JPEG,
104181,data/images/104181.jpg,True,True,230,324,RGB,JPEG,
104367,data/images/104367.jpg,True,True,230,127,RGB,JPEG,
106507,data/images/106507.jpg,True,True,230,325,RGB,JPEG,
106572,data/images/106572.jpg,True,True,230,335,RGB,JPEG,
107299,data/images/107299.jpg,True,True,230,328,RGB,JPEG,
108339,data/images/108339.jpg,True,True,230,345,RGB,JPEG,
114426,data/images/114426.jpg,True,True,460,690,RGB,JPEG,
119347,data/images/119347.jpg,True,True,230,175,RGB,JPEG,
121075,data/images/121075.jpg,True,True,230,325,RGB,JPEG,
121714,data/images/121714.jpg,True,True,460,653,RGB,JPEG,
126885,data/images/126885.jpg,True,True,230,358,RGB,JPEG,
145707,data/images/145707.jpg,True,True,460,652,RGB,JPEG,
146171,data/images/146171.jpg,True,True,230,338,RGB,JPEG,
206863,data/images/206863.jpg,True,True,230,231,RGB,JPEG,
207037,data/images/207037.jpg,True,True,230,173,RGB,JPEG,
208834,data/images/208834.jpg,True,True,460,650,RGB,JPEG,
208835,data/images/208835.jpg,True,True,230,130,RGB,JPEG,
3785,data/images/3785.jpg,True,True,460,630,RGB,JPEG,
5784,data/images/5784.jpg,True,True,460,690,RGB,JPEG,
6219,data/images/6219.jpg,True,True,460,613,RGB,JPEG,
7781,data/images/7781.jpg,True,True,460,649,RGB,JPEG,
7867,data/images/7867.jpg,True,True,225,311,RGB,JPEG,
8475,data/images/8475.jpg,True,True,225,317,RGB,JPEG,
8888,data/images/8888.jpg,True,True,460,650,RGB,JPEG,
8917,data/images/8917.jpg,True,True,460,690,RGB,JPEG,
9523,data/images/9523.jpg,True,True,460,639,RGB,JPEG,
9544,data/images/9544.jpg,True,True,460,690,RGB,JPEG,
9751,data/images/9751.jpg,True,True,460,613,RGB,JPEG,
9988,data/images/9988.jpg,True,True,460,664,RGB,JPEG,
10153,data/images/10153.jpg,True,True,460,646,RGB,JPEG,
10218,data/images/10218.jpg,True,True,460,650,RGB,JPEG,
10258,data/images/10258.jpg,True,True,225,327,RGB,JPEG,
10357,data/images/10357.jpg,True,True,460,638,RGB,JPEG,
10417,data/images/10417.jpg,True,True,460,683,RGB,JPEG,
10447,data/images/10447.jpg,True,True,460,653,RGB,JPEG,
10464,data/images/10464.jpg,True,True,460,690,RGB,JPEG,
10469,data/images/10469.jpg,True,True,460,690,RGB,JPEG,
10638,data/images/10638.jpg,True,True,460,617,RGB,JPEG,
10681,data/images/10681.jpg,True,True,230,345,RGB,JPEG,
10690,data/images/10690.jpg,True,True,460,690,RGB,JPEG,
10790,data/images/10790.jpg,True,True,460,649,RGB,JPEG,
10863,data/images/10863.jpg,True,True,460,690,RGB,JPEG,
10884,data/images/10884.jpg,True,True,460,690,RGB,JPEG,
10928,data/images/10928.jpg,True,True,460,690,RGB,JPEG,
10936,data/images/10936.jpg,True,True,225,350,RGB,JPEG,
11001,data/images/11001.jpg,True,True,460,649,RGB,JPEG,
11005,data/images/11005.jpg,True,True,460,690,RGB,JPEG,
11013,data/images/11013.jpg,True,True,460,648,RGB,JPEG,
11021,data/images/11021.jpg,True,True,460,676,RGB,JPEG,
11053,data/images/11053.jpg,True,True,460,650,RGB,JPEG,
11079,data/images/11079.jpg,True,True,225,350,RGB,JPEG,
11111,data/images/11111.jpg,True,True,460,649,RGB,JPEG,
11179,data/images/11179.jpg,True,True,460,601,RGB,JPEG,
11209,data/images/11209.jpg,True,True,225,350,RGB,JPEG,
11227,data/images/11227.jpg,True,True,460,690,RGB,JPEG,
11235,data/images/11235.jpg,True,True,460,635,RGB,JPEG,
11239,data/images/11239.jpg,True,True,460,649,RGB,JPEG,
11241,data/images/11241.jpg,True,True,460,661,RGB,JPEG,
11285,data/images/11285.jpg,True,True,460,651,RGB,JPEG,
11313,data/images/11313.jpg,True,True,460,653,RGB,JPEG,
11319,data/images/11319.jpg,True,True,460,653,RGB,JPEG,
11339,data/images/11339.jpg,True,True,225,323,RGB,JPEG,
11341,data/images/11341.jpg,True,True,460,689,RGB,JPEG,
11371,data/images/11371.jpg,True,True,460,656,RGB,JPEG,
11375,data/images/11375.jpg,True,True,225,319,RGB,JPEG,
11433,data/images/11433.jpg,True,True,460,636,RGB,JPEG,
11491,data/images/11491.jpg,True,True,225,343,RGB,JPEG,
11499,data/images/11499.jpg,True,True,460,619,RGB,JPEG,
11597,data/images/11597.jpg,True,True,460,633,RGB,JPEG,
11617,data/images/11617.jpg,True,True,400,565,RGB,JPEG,
11635,data/images/11635.jpg,True,True,225,313,RGB,JPEG,
11665,data/images/11665.jpg,True,True,460,690,RGB,JPEG,
11697,data/images/11697.jpg,True,True,460,637,RGB,JPEG,
11701,data/images/11701.jpg,True,True,460,651,RGB,JPEG,
11703,data/images/11703.jpg,True,True,460,650,RGB,JPEG,
11705,data/images/11705.jpg,True,True,225,281,RGB,JPEG,
11737,data/images/11737.jpg,True,True,460,642,RGB,JPEG,
11739,data/images/11739.jpg,True,True,460,690,RGB,JPEG,
11741,data/images/11741.jpg,True,True,460,654,RGB,JPEG,
11751,data/images/11751.jpg,True,True,460,670,RGB,JPEG,
11755,data/images/11755.jpg,True,True,460,652,RGB,JPEG,
11757,data/images/11757.jpg,True,True,460,652,RGB,JPEG,
11759,data/images/11759.jpg,True,True,460,632,RGB,JPEG,
11761,data/images/11761.jpg,True,True,460,690,RGB,JPEG,
11769,data/images/11769.jpg,True,True,225,350,RGB,JPEG,
11771,data/images/11771.jpg,True,True,460,621,RGB,JPEG,
11773,data/images/11773.jpg,True,True,460,639,RGB,JPEG,
11783,data/images/11783.jpg,True,True,460,646,RGB,JPEG,
11785,data/images/11785.jpg,True,True,460,648,RGB,JPEG,
11793,data/images/11793.jpg,True,True,460,690,RGB,JPEG,
11813,data/images/11813.jpg,True,True,225,321,RGB,JPEG,
11827,data/images/11827.jpg,True,True,400,565,RGB,JPEG,
11837,data/images/11837.jpg,True,True,460,648,RGB,JPEG,
11843,data/images/11843.jpg,True,True,460,656,RGB,JPEG,
11859,data/images/11859.jpg,True,True,460,683,RGB,JPEG,
11887,data/images/11887.jpg,True,True,460,674,RGB,JPEG,
11889,data/images/11889.jpg,True,True,460,662,RGB,JPEG,
11917,data/images/11917.jpg,True,True,460,690,RGB,JPEG,
11933,data/images/11933.jpg,True,True,460,652,RGB,JPEG,
11977,data/images/11977.jpg,True,True,460,653,RGB,JPEG,
11979,data/images/11979.jpg,True,True,460,651,RGB,JPEG,
11997,data/images/11997.jpg,True,True,225,350,RGB,JPEG,
12015,data/images/12015.jpg,True,True,460,632,RGB,JPEG,
12021,data/images/12021.jpg,True,True,225,336,RGB,JPEG,
12029,data/images/12029.jpg,True,True,460,690,RGB,JPEG,
12031,data/images/12031.jpg,True,True,460,649,RGB,JPEG,
12049,data/images/12049.jpg,True,True,460,651,RGB,JPEG,
12053,data/images/12053.jpg,True,True,460,634,RGB,JPEG,
12055,data/images/12055.jpg,True,True,400,573,RGB,JPEG,
12057,data/images/12057.jpg,True,True,460,682,RGB,JPEG,
12059,data/images/12059.jpg,True,True,460,688,RGB,JPEG,
12113,data/images/12113.jpg,True,True,460,690,RGB,JPEG,
12117,data/images/12117.jpg,True,True,460,648,RGB,JPEG,
12119,data/images/12119.jpg,True,True,460,619,RGB,JPEG,
12123,data/images/12123.jpg,True,True,230,296,RGB,JPEG,
12149,data/images/12149.jpg,True,True,460,652,RGB,JPEG,
12175,data/images/12175.jpg,True,True,460,659,RGB,JPEG,
12189,data/images/12189.jpg,True,True,460,648,RGB,JPEG,
12191,data/images/12191.jpg,True,True,460,652,RGB,JPEG,
12221,data/images/12221.jpg,True,True,460,649,RGB,JPEG,
12223,data/images/12223.jpg,True,True,225,350,RGB,JPEG,
12237,data/images/12237.jpg,True,True,225,309,RGB,JPEG,
12281,data/images/12281.jpg,True,True,460,631,RGB,JPEG,
12291,data/images/12291.jpg,True,True,460,590,RGB,JPEG,
12293,data/images/12293.jpg,True,True,460,673,RGB,JPEG,
12317,data/images/12317.jpg,True,True,460,690,RGB,JPEG,
12321,data/images/12321.jpg,True,True,225,335,RGB,JPEG,
12355,data/images/12355.jpg,True,True,460,690,RGB,JPEG,
12365,data/images/12365.jpg,True,True,460,648,RGB,JPEG,
12367,data/images/12367.jpg,True,True,230,324,RGB,JPEG,
12375,data/images/12375.jpg,True,True,460,600,RGB,JPEG,
12403,data/images/12403.jpg,True,True,460,648,RGB,JPEG,
12413,data/images/12413.jpg,True,True,460,665,RGB,JPEG,
12431,data/images/12431.jpg,True,True,460,663,RGB,JPEG,
12437,data/images/12437.jpg,True,True,460,623,RGB,JPEG,
12445,data/images/12445.jpg,True,True,460,645,RGB,JPEG,
12461,data/images/12461.jpg,True,True,460,659,RGB,JPEG,
12467,data/images/12467.jpg,True,True,460,647,RGB,JPEG,
12471,data/images/12471.jpg,True,True,460,664,RGB,JPEG,
12487,data/images/12487.jpg,True,True,460,652,RGB,JPEG,
12499,data/images/12499.jpg,True,True,230,327,RGB,JPEG,
12501,data/images/12501.jpg,True,True,225,319,RGB,JPEG,
12503,data/images/12503.jpg,True,True,225,350,RGB,JPEG,
12505,data/images/12505.jpg,True,True,225,323,RGB,JPEG,
12531,data/images/12531.jpg,True,True,460,676,RGB,JPEG,
12549,data/images/12549.jpg,True,True,460,648,RGB,JPEG,
12581,data/images/12581.jpg,True,True,460,685,RGB,JPEG,
12599,data/images/12599.jpg,True,True,230,333,RGB,JPEG,
12611,data/images/12611.jpg,True,True,460,650,RGB,JPEG,
12651,data/images/12651.jpg,True,True,230,353,RGB,JPEG,
12669,data/images/12669.jpg,True,True,460,642,RGB,JPEG,
12671,data/images/12671.jpg,True,True,460,652,RGB,JPEG,
12673,data/images/12673.jpg,True,True,225,293,RGB,JPEG,
12677,data/images/12677.jpg,True,True,225,350,RGB,JPEG,
12679,data/images/12679.jpg,True,True,460,690,RGB,JPEG,
12685,data/images/12685.jpg,True,True,460,690,RGB,JPEG,
12695,data/images/12695.jpg,True,True,225,318,RGB,JPEG,
12699,data/images/12699.jpg,True,True,225,337,RGB,JPEG,
12727,data/images/12727.jpg,True,True,225,335,RGB,JPEG,
12729,data/images/12729.jpg,True,True,225,282,RGB,JPEG,
12753,data/images/12753.jpg,True,True,460,658,RGB,JPEG,
12815,data/images/12815.jpg,True,True,225,350,RGB,JPEG,
12823,data/images/12823.jpg,True,True,224,334,RGB,JPEG,
12859,data/images/12859.jpg,True,True,460,654,RGB,JPEG,
12863,data/images/12863.jpg,True,True,460,690,RGB,JPEG,
12865,data/images/12865.jpg,True,True,225,147,RGB,JPEG,
12875,data/images/12875.jpg,True,True,460,644,RGB,JPEG,
12879,data/images/12879.jpg,True,True,225,317,RGB,JPEG,
12883,data/images/12883.jpg,True,True,460,690,RGB,JPEG,
12893,data/images/12893.jpg,True,True,460,690,RGB,JPEG,
12907,data/images/12907.jpg,True,True,225,194,RGB,JPEG,
12921,data/images/12921.jpg,True,True,225,324,RGB,JPEG,
12929,data/images/12929.jpg,True,True,460,655,RGB,JPEG,
12955,data/images/12955.jpg,True,True,225,349,RGB,JPEG,
12957,data/images/12957.jpg,True,True,225,323,RGB,JPEG,
12959,data/images/12959.jpg,True,True,230,331,RGB,JPEG,
12961,data/images/12961.jpg,True,True,400,495,RGB,JPEG,
12963,data/images/12963.jpg,True,True,460,648,RGB,JPEG,
12965,data/images/12965.jpg,True,True,225,349,RGB,JPEG,
12967,data/images/12967.jpg,True,True,460,664,RGB,JPEG,
12979,data/images/12979.jpg,True,True,230,345,RGB,JPEG,
12995,data/images/12995.jpg,True,True,460,644,RGB,JPEG,
12997,data/images/12997.jpg,True,True,230,331,RGB,JPEG,
13019,data/images/13019.jpg,True,True,225,323,RGB,JPEG,
13029,data/images/13029.jpg,True,True,225,304,RGB,JPEG,
13055,data/images/13055.jpg,True,True,460,669,RGB,JPEG,
13057,data/images/13057.jpg,True,True,225,323,RGB,JPEG,
13093,data/images/13093.jpg,True,True,460,650,RGB,JPEG,
13103,data/images/13103.jpg,True,True,225,318,RGB,JPEG,
13115,data/images/13115.jpg,True,True,460,690,RGB,JPEG,
13125,data/images/13125.jpg,True,True,460,654,RGB,JPEG,
13137,data/images/13137.jpg,True,True,225,318,RGB,JPEG,
13139,data/images/13139.jpg,True,True,225,310,RGB,JPEG,
13141,data/images/13141.jpg,True,True,225,350,RGB,JPEG,
13143,data/images/13143.jpg,True,True,225,226,RGB,JPEG,
13145,data/images/13145.jpg,True,True,460,690,RGB,JPEG,
13159,data/images/13159.jpg,True,True,230,326,RGB,JPEG,
13161,data/images/13161.jpg,True,True,460,637,RGB,JPEG,
13165,data/images/13165.jpg,True,True,225,292,RGB,JPEG,
13169,data/images/13169.jpg,True,True,225,320,RGB,JPEG,
13171,data/images/13171.jpg,True,True,225,342,RGB,JPEG,
13173,data/images/13173.jpg,True,True,225,334,RGB,JPEG,
13175,data/images/13175.jpg,True,True,225,312,RGB,JPEG,
13185,data/images/13185.jpg,True,True,225,319,RGB,JPEG,
13203,data/images/13203.jpg,True,True,460,654,RGB,JPEG,
13207,data/images/13207.jpg,True,True,225,319,RGB,JPEG,
13215,data/images/13215.jpg,True,True,225,350,RGB,JPEG,
13217,data/images/13217.jpg,True,True,225,350,RGB,JPEG,
13219,data/images/13219.jpg,True,True,460,644,RGB,JPEG,
13221,data/images/13221.jpg,True,True,225,343,RGB,JPEG,
13231,data/images/13231.jpg,True,True,460,651,RGB,JPEG,
13239,data/images/13239.jpg,True,True,460,690,RGB,JPEG,
13245,data/images/13245.jpg,True,True,225,317,RGB,JPEG,
13247,data/images/13247.jpg,True,True,225,350,RGB,JPEG,
13249,data/images/13249.jpg,True,True,230,334,RGB,JPEG,
13251,data/images/13251.jpg,True,True,230,327,RGB,JPEG,
13255,data/images/13255.jpg,True,True,225,124,RGB,JPEG,
13261,data/images/13261.jpg,True,True,460,648,RGB,JPEG,
13263,data/images/13263.jpg,True,True,225,320,RGB,JPEG,
13267,data/images/13267.jpg,True,True,225,324,RGB,JPEG,
13283,data/images/13283.jpg,True,True,460,651,RGB,JPEG,
13303,data/images/13303.jpg,True,True,460,690,RGB,JPEG,
13325,data/images/13325.jpg,True,True,400,556,RGB,JPEG,
13331,data/images/13331.jpg,True,True,460,661,RGB,JPEG,
13333,data/images/13333.jpg,True,True,460,612,RGB,JPEG,
13335,data/images/13335.jpg,True,True,460,649,RGB,JPEG,
13349,data/images/13349.jpg,True,True,230,328,RGB,JPEG,
13357,data/images/13357.jpg,True,True,225,298,RGB,JPEG,
13367,data/images/13367.jpg,True,True,460,696,RGB,JPEG,
13377,data/images/13377.jpg,True,True,460,690,RGB,JPEG,
13379,data/images/13379.jpg,True,True,225,296,RGB,JPEG,
13403,data/images/13403.jpg,True,True,460,648,RGB,JPEG,
13409,data/images/13409.jpg,True,True,225,350,RGB,JPEG,
13411,data/images/13411.jpg,True,True,230,354,RGB,JPEG,
13427,data/images/13427.jpg,True,True,225,318,RGB,JPEG,
13429,data/images/13429.jpg,True,True,460,651,RGB,JPEG,
13431,data/images/13431.jpg,True,True,225,277,RGB,JPEG,
13433,data/images/13433.jpg,True,True,225,144,RGB,JPEG,
13435,data/images/13435.jpg,True,True,225,247,RGB,JPEG,
13455,data/images/13455.jpg,True,True,225,315,RGB,JPEG,
13459,data/images/13459.jpg,True,True,225,315,RGB,JPEG,
13465,data/images/13465.jpg,True,True,230,324,RGB,JPEG,
13469,data/images/13469.jpg,True,True,460,690,RGB,JPEG,
13495,data/images/13495.jpg,True,True,225,127,RGB,JPEG,
13497,data/images/13497.jpg,True,True,225,204,RGB,JPEG,
13535,data/images/13535.jpg,True,True,460,651,RGB,JPEG,
13541,data/images/13541.jpg,True,True,225,137,RGB,JPEG,
13543,data/images/13543.jpg,True,True,225,150,RGB,JPEG,
13559,data/images/13559.jpg,True,True,230,318,RGB,JPEG,
13561,data/images/13561.jpg,True,True,460,690,RGB,JPEG,
13585,data/images/13585.jpg,True,True,460,655,RGB,JPEG,
13587,data/images/13587.jpg,True,True,460,640,RGB,JPEG,
13595,data/images/13595.jpg,True,True,460,653,RGB,JPEG,
13599,data/images/13599.jpg,True,True,460,644,RGB,JPEG,
13601,data/images/13601.jpg,True,True,460,652,RGB,JPEG,
13619,data/images/13619.jpg,True,True,460,259,RGB,JPEG,
13629,data/images/13629.jpg,True,True,230,358,RGB,JPEG,
13655,data/images/13655.jpg,True,True,460,650,RGB,JPEG,
13663,data/images/13663.jpg,True,True,460,667,RGB,JPEG,
13667,data/images/13667.jpg,True,True,460,651,RGB,JPEG,
13669,data/images/13669.jpg,True,True,225,127,RGB,JPEG,
13677,data/images/13677.jpg,True,True,225,105,RGB,JPEG,
13693,data/images/13693.jpg,True,True,460,690,RGB,JPEG,
13727,data/images/13727.jpg,True,True,460,690,RGB,JPEG,
13731,data/images/13731.jpg,True,True,225,164,RGB,JPEG,
13757,data/images/13757.jpg,True,True,460,643,RGB,JPEG,
13759,data/images/13759.jpg,True,True,460,629,RGB,JPEG,
13767,data/images/13767.jpg,True,True,225,316,RGB,JPEG,
13785,data/images/13785.jpg,True,True,460,645,RGB,JPEG,
13799,data/images/13799.jpg,True,True,225,315,RGB,JPEG,
13807,data/images/13807.jpg,True,True,225,318,RGB,JPEG,
13821,data/images/13821.jpg,True,True,225,185,RGB,JPEG,
13823,data/images/13823.jpg,True,True,225,185,RGB,JPEG,
13825,data/images/13825.jpg,True,True,225,153,RGB,JPEG,
13827,data/images/13827.jpg,True,True,225,153,RGB,JPEG,
13831,data/images/13831.jpg,True,True,225,153,RGB,JPEG,
13833,data/images/13833.jpg,True,True,208,241,RGB,JPEG,
13835,data/images/13835.jpg,True,True,153,214,RGB,JPEG,
13837,data/images/13837.jpg,True,True,225,324,RGB,JPEG,
13839,data/images/13839.jpg,True,True,460,650,RGB,JPEG,
13851,data/images/13851.jpg,True,True,460,586,RGB,JPEG,
13855,data/images/13855.jpg,True,True,225,350,RGB,JPEG,
13859,data/images/13859.jpg,True,True,225,320,RGB,JPEG,
13917,data/images/13917.jpg,True,True,225,317,RGB,JPEG,
13927,data/images/13927.jpg,True,True,460,678,RGB,JPEG,
13935,data/images/13935.jpg,True,True,460,649,RGB,JPEG,
13937,data/images/13937.jpg,True,True,230,360,RGB,JPEG,
13939,data/images/13939.jpg,True,True,460,690,RGB,JPEG,
13983,data/images/13983.jpg,True,True,225,127,RGB,JPEG,
14027,data/images/14027.jpg,True,True,225,307,RGB,JPEG,
14039,data/images/14039.jpg,True,True,225,318,RGB,JPEG,
14047,data/images/14047.jpg,True,True,224,350,RGB,JPEG,
14049,data/images/14049.jpg,True,True,460,690,RGB,JPEG,
14073,data/images/14073.jpg,True,True,225,311,RGB,JPEG,
14075,data/images/14075.jpg,True,True,460,669,RGB,JPEG,
14077,data/images/14077.jpg,True,True,225,127,RGB,JPEG,
14093,data/images/14093.jpg,True,True,460,690,RGB,JPEG,
14095,data/images/14095.jpg,True,True,225,127,RGB,JPEG,
14123,data/images/14123.jpg,True,True,230,357,RGB,JPEG,
14127,data/images/14127.jpg,True,True,460,644,RGB,JPEG,
14129,data/images/14129.jpg,True,True,225,350,RGB,JPEG,
14131,data/images/14131.jpg,True,True,460,652,RGB,JPEG,
14145,data/images/14145.jpg,True,True,460,661,RGB,JPEG,
14173,data/images/14173.jpg,True,True,225,350,RGB,JPEG,
14189,data/images/14189.jpg,True,True,225,321,RGB,JPEG,
14199,data/images/14199.jpg,True,True,460,676,RGB,JPEG,
14227,data/images/14227.jpg,True,True,460,650,RGB,JPEG,
14235,data/images/14235.jpg,True,True,225,121,RGB,JPEG,
14237,data/images/14237.jpg,True,True,460,690,RGB,JPEG,
14267,data/images/14267.jpg,True,True,225,321,RGB,JPEG,
14277,data/images/14277.jpg,True,True,230,345,RGB,JPEG,
14289,data/images/14289.jpg,True,True,460,683,RGB,JPEG,
14293,data/images/14293.jpg,True,True,460,628,RGB,JPEG,
14317,data/images/14317.jpg,True,True,225,350,RGB,JPEG,
14333,data/images/14333.jpg,True,True,460,644,RGB,JPEG,
14345,data/images/14345.jpg,True,True,460,657,RGB,JPEG,
14373,data/images/14373.jpg,True,True,225,321,RGB,JPEG,
14379,data/images/14379.jpg,True,True,225,348,RGB,JPEG,
14381,data/images/14381.jpg,True,True,460,650,RGB,JPEG,
14467,data/images/14467.jpg,True,True,460,652,RGB,JPEG,
14479,data/images/14479.jpg,True,True,460,689,RGB,JPEG,
14513,data/images/14513.jpg,True,True,460,648,RGB,JPEG,
14527,data/images/14527.jpg,True,True,460,690,RGB,JPEG,
14537,data/images/14537.jpg,True,True,225,140,RGB,JPEG,
14539,data/images/14539.jpg,True,True,225,318,RGB,JPEG,
14543,data/images/14543.jpg,True,True,225,348,RGB,JPEG,
14563,data/images/14563.jpg,True,True,225,350,RGB,JPEG,
14575,data/images/14575.jpg,True,True,460,690,RGB,JPEG,
14583,data/images/14583.jpg,True,True,225,328,RGB,JPEG,
14621,data/images/14621.jpg,True,True,225,318,RGB,JPEG,
14627,data/images/14627.jpg,True,True,225,304,RGB,JPEG,
14629,data/images/14629.jpg,True,True,225,314,RGB,JPEG,
14631,data/images/14631.jpg,True,True,230,328,RGB,JPEG,
14645,data/images/14645.jpg,True,True,460,635,RGB,JPEG,
14647,data/images/14647.jpg,True,True,225,319,RGB,JPEG,
14653,data/images/14653.jpg,True,True,460,640,RGB,JPEG,
14657,data/images/14657.jpg,True,True,225,329,RGB,JPEG,
14659,data/images/14659.jpg,True,True,225,323,RGB,JPEG,
14661,data/images/14661.jpg,True,True,400,566,RGB,JPEG,
14663,data/images/14663.jpg,True,True,225,150,RGB,JPEG,
14693,data/images/14693.jpg,True,True,224,350,RGB,JPEG,
14713,data/images/14713.jpg,True,True,460,669,RGB,JPEG,
14719,data/images/14719.jpg,True,True,460,690,RGB,JPEG,
14741,data/images/14741.jpg,True,True,460,636,RGB,JPEG,
14753,data/images/14753.jpg,True,True,230,342,RGB,JPEG,
14765,data/images/14765.jpg,True,True,460,647,RGB,JPEG,
14835,data/images/14835.jpg,True,True,460,662,RGB,JPEG,
14875,data/images/14875.jpg,True,True,225,329,RGB,JPEG,
14913,data/images/14913.jpg,True,True,460,690,RGB,JPEG,
14935,data/images/14935.jpg,True,True,225,127,RGB,JPEG,
14947,data/images/14947.jpg,True,True,225,302,RGB,JPEG,
14949,data/images/14949.jpg,True,True,225,326,RGB,JPEG,
14989,data/images/14989.jpg,True,True,225,330,RGB,JPEG,
14991,data/images/14991.jpg,True,True,460,655,RGB,JPEG,
14993,data/images/14993.jpg,True,True,225,325,RGB,JPEG,
14995,data/images/14995.jpg,True,True,225,314,RGB,JPEG,
15005,data/images/15005.jpg,True,True,460,690,RGB,JPEG,
15043,data/images/15043.jpg,True,True,230,319,RGB,JPEG,
15045,data/images/15045.jpg,True,True,460,690,RGB,JPEG,
15059,data/images/15059.jpg,True,True,225,281,RGB,JPEG,
15061,data/images/15061.jpg,True,True,460,690,RGB,JPEG,
15067,data/images/15067.jpg,True,True,460,649,RGB,JPEG,
15077,data/images/15077.jpg,True,True,225,338,RGB,JPEG,
15097,data/images/15097.jpg,True,True,225,337,RGB,JPEG,
15117,data/images/15117.jpg,True,True,225,317,RGB,JPEG,
15125,data/images/15125.jpg,True,True,460,655,RGB,JPEG,
15127,data/images/15127.jpg,True,True,225,322,RGB,JPEG,
15133,data/images/15133.jpg,True,True,460,650,RGB,JPEG,
15177,data/images/15177.jpg,True,True,225,316,RGB,JPEG,
15211,data/images/15211.jpg,True,True,225,346,RGB,JPEG,
15219,data/images/15219.jpg,True,True,225,263,RGB,JPEG,
15307,data/images/15307.jpg,True,True,460,647,RGB,JPEG,
15313,data/images/15313.jpg,True,True,225,315,RGB,JPEG,
15323,data/images/15323.jpg,True,True,225,315,RGB,JPEG,
15359,data/images/15359.jpg,True,True,225,314,RGB,JPEG,
15389,data/images/15389.jpg,True,True,225,125,RGB,JPEG,
15409,data/images/15409.jpg,True,True,225,287,RGB,JPEG,
15417,data/images/15417.jpg,True,True,460,648,RGB,JPEG,
15431,data/images/15431.jpg,True,True,225,292,RGB,JPEG,
15437,data/images/15437.jpg,True,True,230,361,RGB,JPEG,
15439,data/images/15439.jpg,True,True,230,331,RGB,JPEG,
15487,data/images/15487.jpg,True,True,225,318,RGB,JPEG,
15489,data/images/15489.jpg,True,True,460,654,RGB,JPEG,
15505,data/images/15505.jpg,True,True,225,127,RGB,JPEG,
15535,data/images/15535.jpg,True,True,230,290,RGB,JPEG,
15537,data/images/15537.jpg,True,True,460,649,RGB,JPEG,
15539,data/images/15539.jpg,True,True,460,714,RGB,JPEG,
15541,data/images/15541.jpg,True,True,225,320,RGB,JPEG,
15617,data/images/15617.jpg,True,True,460,648,RGB,JPEG,
15633,data/images/15633.jpg,True,True,460,650,RGB,JPEG,
15687,data/images/15687.jpg,True,True,460,590,RGB,JPEG,
15689,data/images/15689.jpg,True,True,460,690,RGB,JPEG,
15711,data/images/15711.jpg,True,True,225,124,RGB,JPEG,
15717,data/images/15717.jpg,True,True,225,181,RGB,JPEG,
15729,data/images/15729.jpg,True,True,225,350,RGB,JPEG,
15769,data/images/15769.jpg,True,True,225,253,RGB,JPEG,
15775,data/images/15775.jpg,True,True,225,315,RGB,JPEG,
15781,data/images/15781.jpg,True,True,225,323,RGB,JPEG,
15783,data/images/15783.jpg,True,True,460,596,RGB,JPEG,
15785,data/images/15785.jpg,True,True,460,653,RGB,JPEG,
15787,data/images/15787.jpg,True,True,225,201,RGB,JPEG,
15819,data/images/15819.jpg,True,True,460,656,RGB,JPEG,
15843,data/images/15843.jpg,True,True,225,325,RGB,JPEG,
15845,data/images/15845.jpg,True,True,225,325,RGB,JPEG,
15865,data/images/15865.jpg,True,True,225,281,RGB,JPEG,
15867,data/images/15867.jpg,True,True,225,350,RGB,JPEG,
15891,data/images/15891.jpg,True,True,225,181,RGB,JPEG,
15893,data/images/15893.jpg,True,True,460,345,RGB,JPEG,
15895,data/images/15895.jpg,True,True,225,304,RGB,JPEG,
15897,data/images/15897.jpg,True,True,225,315,RGB,JPEG,
15927,data/images/15927.jpg,True,True,460,675,RGB,JPEG,
15951,data/images/15951.jpg,True,True,460,689,RGB,JPEG,
15959,data/images/15959.jpg,True,True,225,318,RGB,JPEG,
15979,data/images/15979.jpg,True,True,225,126,RGB,JPEG,
15993,data/images/15993.jpg,True,True,225,180,RGB,JPEG,
16001,data/images/16001.jpg,True,True,460,690,RGB,JPEG,
16033,data/images/16033.jpg,True,True,225,316,RGB,JPEG,
16059,data/images/16059.jpg,True,True,230,321,RGB,JPEG,
16091,data/images/16091.jpg,True,True,230,319,RGB,JPEG,
16099,data/images/16099.jpg,True,True,225,337,RGB,JPEG,
16183,data/images/16183.jpg,True,True,225,324,RGB,JPEG,
16233,data/images/16233.jpg,True,True,230,345,RGB,JPEG,
16239,data/images/16239.jpg,True,True,230,330,RGB,JPEG,
16273,data/images/16273.jpg,True,True,460,690,RGB,JPEG,
16347,data/images/16347.jpg,True,True,225,341,RGB,JPEG,
16389,data/images/16389.jpg,True,True,222,277,RGB,JPEG,
16405,data/images/16405.jpg,True,True,225,315,RGB,JPEG,
16468,data/images/16468.jpg,True,True,230,345,RGB,JPEG,
16508,data/images/16508.jpg,True,True,225,311,RGB,JPEG,
16532,data/images/16532.jpg,True,True,225,333,RGB,JPEG,
16574,data/images/16574.jpg,True,True,225,350,RGB,JPEG,
16604,data/images/16604.jpg,True,True,225,150,RGB,JPEG,
16606,data/images/16606.jpg,True,True,225,150,RGB,JPEG,
16610,data/images/16610.jpg,True,True,230,358,RGB,JPEG,
16636,data/images/16636.jpg,True,True,225,300,RGB,JPEG,
16656,data/images/16656.jpg,True,True,225,308,RGB,JPEG,
16690,data/images/16690.jpg,True,True,225,127,RGB,JPEG,
16694,data/images/16694.jpg,True,True,225,298,RGB,JPEG,
16774,data/images/16774.jpg,True,True,460,690,RGB,JPEG,
16912,data/images/16912.jpg,True,True,460,690,RGB,JPEG,
16932,data/images/16932.jpg,True,True,225,305,RGB,JPEG,
16936,data/images/16936.jpg,True,True,225,315,RGB,JPEG,
16964,data/images/16964.jpg,True,True,201,283,RGB,JPEG,
17020,data/images/17020.jpg,True,True,225,300,RGB,JPEG,
17205,data/images/17205.jpg,True,True,460,652,RGB,JPEG,
17237,data/images/17237.jpg,True,True,225,150,RGB,JPEG,
17259,data/images/17259.jpg,True,True,225,318,RGB,JPEG,
17359,data/images/17359.jpg,True,True,225,318,RGB,JPEG,
17573,data/images/17573.jpg,True,True,225,269,RGB,JPEG,
17843,data/images/17843.jpg,True,True,225,320,RGB,JPEG,
18003,data/images/18003.jpg,True,True,225,122,RGB,JPEG,
18053,data/images/18053.jpg,True,True,225,127,RGB,JPEG,
18133,data/images/18133.jpg,True,True,225,126,RGB,JPEG,
18425,data/images/18425.jpg,True,True,225,126,RGB,JPEG,
18531,data/images/18531.jpg,True,True,225,266,RGB,JPEG,
18601,data/images/18601.jpg,True,True,225,146,RGB,JPEG,
18639,data/images/18639.jpg,True,True,225,279,RGB,JPEG,
18713,data/images/18713.jpg,True,True,225,322,RGB,JPEG,
18845,data/images/18845.jpg,True,True,225,130,RGB,JPEG,
18941,data/images/18941.jpg,True,True,195,350,RGB,JPEG,
19849,data/images/19849.jpg,True,True,225,318,RGB,JPEG,
20205,data/images/20205.jpg,True,True,225,319,RGB,JPEG,
20491,data/images/20491.jpg,True,True,225,186,RGB,JPEG,
20561,data/images/20561.jpg,True,True,225,320,RGB,JPEG,
20760,data/images/20760.jpg,True,True,460,613,RGB,JPEG,
20897,data/images/20897.jpg,True,True,460,259,RGB,JPEG,
20911,data/images/20911.jpg,True,True,460,690,RGB,JPEG,
21021,data/images/21021.jpg,True,True,460,690,RGB,JPEG,
21654,data/images/21654.jpg,True,True,460,690,RGB,JPEG,
99361,data/images/99361.jpg,True,True,230,171,RGB,JPEG,
107342,data/images/107342.jpg,True,True,230,178,RGB,JPEG,
120137,data/images/120137.jpg,True,True,230,325,RGB,JPEG,
121823,data/images/121823.jpg,True,True,230,322,RGB,JPEG,
136668,data/images/136668.jpg,True,True,230,325,RGB,JPEG,
138990,data/images/138990.jpg,True,True,230,115,RGB,JPEG,
147814,data/images/147814.jpg,True,True,230,329,RGB,JPEG,
155740,data/images/155740.jpg,True,True,230,326,RGB,JPEG,
156905,data/images/156905.jpg,True,True,230,331,RGB,JPEG,
168579,data/images/168579.jpg,True,True,230,173,RGB,JPEG,
182141,data/images/182141.jpg,True,True,460,656,RGB,JPEG,
9479,data/images/9479.jpg,True,True,460,690,RGB,JPEG,
10575,data/images/10575.jpg,True,True,230,329,RGB,JPEG,
11577,data/images/11577.jpg,True,True,460,648,RGB,JPEG,
11633,data/images/11633.jpg,True,True,460,650,RGB,JPEG,
11743,data/images/11743.jpg,True,True,460,652,RGB,JPEG,
11763,data/images/11763.jpg,True,True,460,637,RGB,JPEG,
11981,data/images/11981.jpg,True,True,230,334,RGB,JPEG,
12115,data/images/12115.jpg,True,True,230,345,RGB,JPEG,
12477,data/images/12477.jpg,True,True,460,648,RGB,JPEG,
12711,data/images/12711.jpg,True,True,460,640,RGB,JPEG,
12857,data/images/12857.jpg,True,True,460,628,RGB,JPEG,
13117,data/images/13117.jpg,True,True,460,690,RGB,JPEG,
13271,data/images/13271.jpg,True,True,460,641,RGB,JPEG,
13659,data/images/13659.jpg,True,True,460,690,RGB,JPEG,
13863,data/images/13863.jpg,True,True,225,318,RGB,JPEG,
14045,data/images/14045.jpg,True,True,460,637,RGB,JPEG,
14175,data/images/14175.jpg,True,True,460,651,RGB,JPEG,
14283,data/images/14283.jpg,True,True,460,690,RGB,JPEG,
14347,data/images/14347.jpg,True,True,460,676,RGB,JPEG,
14349,data/images/14349.jpg,True,True,460,651,RGB,JPEG,
14353,data/images/14353.jpg,True,True,460,657,RGB,JPEG,
14355,data/images/14355.jpg,True,True,460,650,RGB,JPEG,
14397,data/images/14397.jpg,True,True,460,651,RGB,JPEG,
14407,data/images/14407.jpg,True,True,230,327,RGB,JPEG,
14511,data/images/14511.jpg,True,True,460,637,RGB,JPEG,
14515,data/images/14515.jpg,True,True,460,690,RGB,JPEG,
14669,data/images/14669.jpg,True,True,460,690,RGB,JPEG,
14735,data/images/14735.jpg,True,True,460,650,RGB,JPEG,
14749,data/images/14749.jpg,True,True,460,676,RGB,JPEG,
14807,data/images/14807.jpg,True,True,460,608,RGB,JPEG,
14811,data/images/14811.jpg,True,True,460,634,RGB,JPEG,
14813,data/images/14813.jpg,True,True,460,658,RGB,JPEG,
14827,data/images/14827.jpg,True,True,225,300,RGB,JPEG,
14829,data/images/14829.jpg,True,True,460,645,RGB,JPEG,
14833,data/images/14833.jpg,True,True,460,603,RGB,JPEG,
14837,data/images/14837.jpg,True,True,225,350,RGB,JPEG,
14889,data/images/14889.jpg,True,True,225,308,RGB,JPEG,
14893,data/images/14893.jpg,True,True,225,261,RGB,JPEG,
14921,data/images/14921.jpg,True,True,460,640,RGB,JPEG,
14941,data/images/14941.jpg,True,True,460,644,RGB,JPEG,
14967,data/images/14967.jpg,True,True,460,652,RGB,JPEG,
15037,data/images/15037.jpg,True,True,460,647,RGB,JPEG,
15039,data/images/15039.jpg,True,True,460,648,RGB,JPEG,
15051,data/images/15051.jpg,True,True,230,327,RGB,JPEG,
15085,data/images/15085.jpg,True,True,460,684,RGB,JPEG,
15109,data/images/15109.jpg,True,True,460,647,RGB,JPEG,
15119,data/images/15119.jpg,True,True,460,649,RGB,JPEG,
15195,data/images/15195.jpg,True,True,225,315,RGB,JPEG,
15197,data/images/15197.jpg,True,True,460,690,RGB,JPEG,
15225,data/images/15225.jpg,True,True,460,682,RGB,JPEG,
15279,data/images/15279.jpg,True,True,225,317,RGB,JPEG,
15315,data/images/15315.jpg,True,True,460,652,RGB,JPEG,
15335,data/images/15335.jpg,True,True,460,690,RGB,JPEG,
15377,data/images/15377.jpg,True,True,460,635,RGB,JPEG,
15379,data/images/15379.jpg,True,True,460,690,RGB,JPEG,
15391,data/images/15391.jpg,True,True,400,532,RGB,JPEG,
15411,data/images/15411.jpg,True,True,225,318,RGB,JPEG,
15451,data/images/15451.jpg,True,True,460,654,RGB,JPEG,
15583,data/images/15583.jpg,True,True,460,614,RGB,JPEG,
15591,data/images/15591.jpg,True,True,460,690,RGB,JPEG,
15605,data/images/15605.jpg,True,True,460,676,RGB,JPEG,
15609,data/images/15609.jpg,True,True,225,317,RGB,JPEG,
15611,data/images/15611.jpg,True,True,460,690,RGB,JPEG,
15613,data/images/15613.jpg,True,True,460,690,RGB,JPEG,
15649,data/images/15649.jpg,True,True,460,654,RGB,JPEG,
15651,data/images/15651.jpg,True,True,225,311,RGB,JPEG,
15699,data/images/15699.jpg,True,True,460,652,RGB,JPEG,
15731,data/images/15731.jpg,True,True,460,653,RGB,JPEG,
15751,data/images/15751.jpg,True,True,460,690,RGB,JPEG,
15771,data/images/15771.jpg,True,True,460,649,RGB,JPEG,
15793,data/images/15793.jpg,True,True,460,690,RGB,JPEG,
15795,data/images/15795.jpg,True,True,225,315,RGB,JPEG,
15807,data/images/15807.jpg,True,True,225,318,RGB,JPEG,
15809,data/images/15809.jpg,True,True,460,655,RGB,JPEG,
15811,data/images/15811.jpg,True,True,460,690,RGB,JPEG,
15839,data/images/15839.jpg,True,True,225,350,RGB,JPEG,
15841,data/images/15841.jpg,True,True,460,656,RGB,JPEG,
15847,data/images/15847.jpg,True,True,225,350,RGB,JPEG,
15863,data/images/15863.jpg,True,True,460,650,RGB,JPEG,
15879,data/images/15879.jpg,True,True,225,315,RGB,JPEG,
15881,data/images/15881.jpg,True,True,225,320,RGB,JPEG,
15883,data/images/15883.jpg,True,True,460,650,RGB,JPEG,
15911,data/images/15911.jpg,True,True,460,647,RGB,JPEG,
15925,data/images/15925.jpg,True,True,460,650,RGB,JPEG,
15933,data/images/15933.jpg,True,True,225,313,RGB,JPEG,
15963,data/images/15963.jpg,True,True,225,248,RGB,JPEG,
15989,data/images/15989.jpg,True,True,460,690,RGB,JPEG,
16005,data/images/16005.jpg,True,True,460,687,RGB,JPEG,
16009,data/images/16009.jpg,True,True,460,652,RGB,JPEG,
16011,data/images/16011.jpg,True,True,460,707,RGB,JPEG,
16023,data/images/16023.jpg,True,True,460,644,RGB,JPEG,
16035,data/images/16035.jpg,True,True,460,652,RGB,JPEG,
16049,data/images/16049.jpg,True,True,400,567,RGB,JPEG,
16051,data/images/16051.jpg,True,True,225,313,RGB,JPEG,
16067,data/images/16067.jpg,True,True,460,650,RGB,JPEG,
16149,data/images/16149.jpg,True,True,460,690,RGB,JPEG,
16157,data/images/16157.jpg,True,True,460,669,RGB,JPEG,
16169,data/images/16169.jpg,True,True,460,652,RGB,JPEG,
16187,data/images/16187.jpg,True,True,225,350,RGB,JPEG,
16189,data/images/16189.jpg,True,True,230,326,RGB,JPEG,
16201,data/images/16201.jpg,True,True,460,676,RGB,JPEG,
16211,data/images/16211.jpg,True,True,225,318,RGB,JPEG,
16241,data/images/16241.jpg,True,True,225,315,RGB,JPEG,
16317,data/images/16317.jpg,True,True,225,316,RGB,JPEG,
16319,data/images/16319.jpg,True,True,225,308,RGB,JPEG,
16353,data/images/16353.jpg,True,True,460,659,RGB,JPEG,
16355,data/images/16355.jpg,True,True,460,670,RGB,JPEG,
16363,data/images/16363.jpg,True,True,225,319,RGB,JPEG,
16395,data/images/16395.jpg,True,True,460,653,RGB,JPEG,
16397,data/images/16397.jpg,True,True,460,652,RGB,JPEG,
16417,data/images/16417.jpg,True,True,460,651,RGB,JPEG,
16419,data/images/16419.jpg,True,True,460,662,RGB,JPEG,
16436,data/images/16436.jpg,True,True,225,250,RGB,JPEG,
16442,data/images/16442.jpg,True,True,460,647,RGB,JPEG,
16444,data/images/16444.jpg,True,True,460,690,RGB,JPEG,
16472,data/images/16472.jpg,True,True,230,319,RGB,JPEG,
16474,data/images/16474.jpg,True,True,460,653,RGB,JPEG,
16476,data/images/16476.jpg,True,True,225,350,RGB,JPEG,
16498,data/images/16498.jpg,True,True,460,636,RGB,JPEG,
16512,data/images/16512.jpg,True,True,460,629,RGB,JPEG,
16518,data/images/16518.jpg,True,True,460,650,RGB,JPEG,
16524,data/images/16524.jpg,True,True,460,690,RGB,JPEG,
16528,data/images/16528.jpg,True,True,460,649,RGB,JPEG,
16592,data/images/16592.jpg,True,True,460,690,RGB,JPEG,
16614,data/images/16614.jpg,True,True,225,290,RGB,JPEG,
16638,data/images/16638.jpg,True,True,225,323,RGB,JPEG,
16642,data/images/16642.jpg,True,True,460,653,RGB,JPEG,
16644,data/images/16644.jpg,True,True,400,568,RGB,JPEG,
16662,data/images/16662.jpg,True,True,460,690,RGB,JPEG,
16664,data/images/16664.jpg,True,True,230,345,RGB,JPEG,
16668,data/images/16668.jpg,True,True,460,690,RGB,JPEG,
16678,data/images/16678.jpg,True,True,225,319,RGB,JPEG,
16680,data/images/16680.jpg,True,True,225,318,RGB,JPEG,
16692,data/images/16692.jpg,True,True,225,315,RGB,JPEG,
16700,data/images/16700.jpg,True,True,225,290,RGB,JPEG,
16706,data/images/16706.jpg,True,True,460,675,RGB,JPEG,
16726,data/images/16726.jpg,True,True,225,319,RGB,JPEG,
16732,data/images/16732.jpg,True,True,460,690,RGB,JPEG,
16738,data/images/16738.jpg,True,True,225,318,RGB,JPEG,
16742,data/images/16742.jpg,True,True,460,690,RGB,JPEG,
16762,data/images/16762.jpg,True,True,225,316,RGB,JPEG,
16782,data/images/16782.jpg,True,True,460,649,RGB,JPEG,
16866,data/images/16866.jpg,True,True,460,649,RGB,JPEG,
16868,data/images/16868.jpg,True,True,225,320,RGB,JPEG,
16890,data/images/16890.jpg,True,True,460,655,RGB,JPEG,
16894,data/images/16894.jpg,True,True,460,637,RGB,JPEG,
16906,data/images/16906.jpg,True,True,225,315,RGB,JPEG,
16908,data/images/16908.jpg,True,True,460,690,RGB,JPEG,
16910,data/images/16910.jpg,True,True,460,655,RGB,JPEG,
16914,data/images/16914.jpg,True,True,460,644,RGB,JPEG,
16916,data/images/16916.jpg,True,True,225,350,RGB,JPEG,
16918,data/images/16918.jpg,True,True,460,642,RGB,JPEG,
16928,data/images/16928.jpg,True,True,225,319,RGB,JPEG,
16934,data/images/16934.jpg,True,True,460,668,RGB,JPEG,
16982,data/images/16982.jpg,True,True,460,690,RGB,JPEG,
17012,data/images/17012.jpg,True,True,460,657,RGB,JPEG,
17074,data/images/17074.jpg,True,True,460,650,RGB,JPEG,
17082,data/images/17082.jpg,True,True,460,690,RGB,JPEG,
17113,data/images/17113.jpg,True,True,230,326,RGB,JPEG,
17115,data/images/17115.jpg,True,True,460,690,RGB,JPEG,
17121,data/images/17121.jpg,True,True,460,650,RGB,JPEG,
17127,data/images/17127.jpg,True,True,225,315,RGB,JPEG,
17137,data/images/17137.jpg,True,True,225,318,RGB,JPEG,
17141,data/images/17141.jpg,True,True,225,159,RGB,JPEG,
17147,data/images/17147.jpg,True,True,225,310,RGB,JPEG,
17157,data/images/17157.jpg,True,True,225,315,RGB,JPEG,
17187,data/images/17187.jpg,True,True,460,690,RGB,JPEG,
17247,data/images/17247.jpg,True,True,460,651,RGB,JPEG,
17249,data/images/17249.jpg,True,True,460,690,RGB,JPEG,
17251,data/images/17251.jpg,True,True,460,659,RGB,JPEG,
17263,data/images/17263.jpg,True,True,460,633,RGB,JPEG,
17265,data/images/17265.jpg,True,True,460,656,RGB,JPEG,
17267,data/images/17267.jpg,True,True,460,676,RGB,JPEG,
17269,data/images/17269.jpg,True,True,460,651,RGB,JPEG,
17273,data/images/17273.jpg,True,True,225,315,RGB,JPEG,
17277,data/images/17277.jpg,True,True,225,150,RGB,JPEG,
17341,data/images/17341.jpg,True,True,460,660,RGB,JPEG,
17345,data/images/17345.jpg,True,True,225,350,RGB,JPEG,
17351,data/images/17351.jpg,True,True,460,637,RGB,JPEG,
17357,data/images/17357.jpg,True,True,460,668,RGB,JPEG,
17371,data/images/17371.jpg,True,True,225,316,RGB,JPEG,
17389,data/images/17389.jpg,True,True,460,652,RGB,JPEG,
17391,data/images/17391.jpg,True,True,225,318,RGB,JPEG,
17395,data/images/17395.jpg,True,True,225,316,RGB,JPEG,
17397,data/images/17397.jpg,True,True,225,315,RGB,JPEG,
17409,data/images/17409.jpg,True,True,225,350,RGB,JPEG,
17491,data/images/17491.jpg,True,True,225,350,RGB,JPEG,
17497,data/images/17497.jpg,True,True,460,648,RGB,JPEG,
17505,data/images/17505.jpg,True,True,460,652,RGB,JPEG,
17513,data/images/17513.jpg,True,True,460,650,RGB,JPEG,
17535,data/images/17535.jpg,True,True,460,649,RGB,JPEG,
17537,data/images/17537.jpg,True,True,230,331,RGB,JPEG,
17539,data/images/17539.jpg,True,True,225,323,RGB,JPEG,
17541,data/images/17541.jpg,True,True,230,331,RGB,JPEG,
17543,data/images/17543.jpg,True,True,225,323,RGB,JPEG,
17549,data/images/17549.jpg,True,True,460,653,RGB,JPEG,
17563,data/images/17563.jpg,True,True,225,318,RGB,JPEG,
17635,data/images/17635.jpg,True,True,225,260,RGB,JPEG,
17637,data/images/17637.jpg,True,True,460,654,RGB,JPEG,
17643,data/images/17643.jpg,True,True,460,690,RGB,JPEG,
17651,data/images/17651.jpg,True,True,460,690,RGB,JPEG,
17655,data/images/17655.jpg,True,True,225,318,RGB,JPEG,
17677,data/images/17677.jpg,True,True,230,292,RGB,JPEG,
17681,data/images/17681.jpg,True,True,225,335,RGB,JPEG,
17699,data/images/17699.jpg,True,True,230,331,RGB,JPEG,
17703,data/images/17703.jpg,True,True,460,640,RGB,JPEG,
17705,data/images/17705.jpg,True,True,225,314,RGB,JPEG,
17707,data/images/17707.jpg,True,True,460,690,RGB,JPEG,
17717,data/images/17717.jpg,True,True,460,666,RGB,JPEG,
17725,data/images/17725.jpg,True,True,225,319,RGB,JPEG,
17727,data/images/17727.jpg,True,True,230,319,RGB,JPEG,
17731,data/images/17731.jpg,True,True,230,325,RGB,JPEG,
17733,data/images/17733.jpg,True,True,225,315,RGB,JPEG,
17739,data/images/17739.jpg,True,True,460,651,RGB,JPEG,
17741,data/images/17741.jpg,True,True,460,690,RGB,JPEG,
17745,data/images/17745.jpg,True,True,225,321,RGB,JPEG,
17747,data/images/17747.jpg,True,True,225,323,RGB,JPEG,
17821,data/images/17821.jpg,True,True,460,690,RGB,JPEG,
17831,data/images/17831.jpg,True,True,460,654,RGB,JPEG,
17849,data/images/17849.jpg,True,True,230,324,RGB,JPEG,
17855,data/images/17855.jpg,True,True,225,317,RGB,JPEG,
17867,data/images/17867.jpg,True,True,225,323,RGB,JPEG,
17871,data/images/17871.jpg,True,True,225,318,RGB,JPEG,
17873,data/images/17873.jpg,True,True,460,690,RGB,JPEG,
17875,data/images/17875.jpg,True,True,225,330,RGB,JPEG,
17879,data/images/17879.jpg,True,True,225,310,RGB,JPEG,
17895,data/images/17895.jpg,True,True,460,670,RGB,JPEG,
17909,data/images/17909.jpg,True,True,460,626,RGB,JPEG,
17917,data/images/17917.jpg,True,True,460,651,RGB,JPEG,
17969,data/images/17969.jpg,True,True,460,642,RGB,JPEG,
18001,data/images/18001.jpg,True,True,460,646,RGB,JPEG,
18039,data/images/18039.jpg,True,True,225,318,RGB,JPEG,
18041,data/images/18041.jpg,True,True,460,659,RGB,JPEG,
18045,data/images/18045.jpg,True,True,225,314,RGB,JPEG,
18055,data/images/18055.jpg,True,True,460,644,RGB,JPEG,
18097,data/images/18097.jpg,True,True,460,648,RGB,JPEG,
18099,data/images/18099.jpg,True,True,460,690,RGB,JPEG,
18109,data/images/18109.jpg,True,True,460,690,RGB,JPEG,
18115,data/images/18115.jpg,True,True,460,670,RGB,JPEG,
18119,data/images/18119.jpg,True,True,460,690,RGB,JPEG,
18121,data/images/18121.jpg,True,True,460,676,RGB,JPEG,
18137,data/images/18137.jpg,True,True,225,323,RGB,JPEG,
18149,data/images/18149.jpg,True,True,225,316,RGB,JPEG,
18151,data/images/18151.jpg,True,True,225,323,RGB,JPEG,
18153,data/images/18153.jpg,True,True,460,614,RGB,JPEG,
18155,data/images/18155.jpg,True,True,225,315,RGB,JPEG,
18177,data/images/18177.jpg,True,True,220,312,RGB,JPEG,
18179,data/images/18179.jpg,True,True,460,690,RGB,JPEG,
18195,data/images/18195.jpg,True,True,460,690,RGB,JPEG,
18205,data/images/18205.jpg,True,True,225,128,RGB,JPEG,
18227,data/images/18227.jpg,True,True,225,320,RGB,JPEG,
18229,data/images/18229.jpg,True,True,460,586,RGB,JPEG,
18231,data/images/18231.jpg,True,True,225,326,RGB,JPEG,
18241,data/images/18241.jpg,True,True,225,315,RGB,JPEG,
18245,data/images/18245.jpg,True,True,460,659,RGB,JPEG,
18247,data/images/18247.jpg,True,True,225,315,RGB,JPEG,
18277,data/images/18277.jpg,True,True,460,664,RGB,JPEG,
18295,data/images/18295.jpg,True,True,460,656,RGB,JPEG,
18355,data/images/18355.jpg,True,True,225,315,RGB,JPEG,
18357,data/images/18357.jpg,True,True,225,318,RGB,JPEG,
18365,data/images/18365.jpg,True,True,225,127,RGB,JPEG,
18389,data/images/18389.jpg,True,True,225,107,RGB,JPEG,
18391,data/images/18391.jpg,True,True,230,225,RGB,JPEG,
18393,data/images/18393.jpg,True,True,230,330,RGB,JPEG,
18397,data/images/18397.jpg,True,True,460,641,RGB,JPEG,
18411,data/images/18411.jpg,True,True,460,690,RGB,JPEG,
18413,data/images/18413.jpg,True,True,225,350,RGB,JPEG,
18419,data/images/18419.jpg,True,True,225,262,RGB,JPEG,
18429,data/images/18429.jpg,True,True,460,654,RGB,JPEG,
18441,data/images/18441.jpg,True,True,460,650,RGB,JPEG,
18455,data/images/18455.jpg,True,True,225,323,RGB,JPEG,
18465,data/images/18465.jpg,True,True,460,645,RGB,JPEG,
18469,data/images/18469.jpg,True,True,225,346,RGB,JPEG,
18495,data/images/18495.jpg,True,True,224,350,RGB,JPEG,
18497,data/images/18497.jpg,True,True,460,690,RGB,JPEG,
18499,data/images/18499.jpg,True,True,225,311,RGB,JPEG,
18507,data/images/18507.jpg,True,True,460,651,RGB,JPEG,
18523,data/images/18523.jpg,True,True,460,690,RGB,JPEG,
18525,data/images/18525.jpg,True,True,225,323,RGB,JPEG,
18597,data/images/18597.jpg,True,True,225,350,RGB,JPEG,
18599,data/images/18599.jpg,True,True,225,310,RGB,JPEG,
18653,data/images/18653.jpg,True,True,225,323,RGB,JPEG,
18655,data/images/18655.jpg,True,True,460,653,RGB,JPEG,
18661,data/images/18661.jpg,True,True,460,657,RGB,JPEG,
18677,data/images/18677.jpg,True,True,460,690,RGB,JPEG,
18679,data/images/18679.jpg,True,True,230,327,RGB,JPEG,
18689,data/images/18689.jpg,True,True,460,652,RGB,JPEG,
18691,data/images/18691.jpg,True,True,225,323,RGB,JPEG,
18693,data/images/18693.jpg,True,True,230,331,RGB,JPEG,
18695,data/images/18695.jpg,True,True,460,647,RGB,JPEG,
18723,data/images/18723.jpg,True,True,225,225,RGB,JPEG,
18745,data/images/18745.jpg,True,True,225,319,RGB,JPEG,
18753,data/images/18753.jpg,True,True,460,653,RGB,JPEG,
18767,data/images/18767.jpg,True,True,460,586,RGB,JPEG,
18771,data/images/18771.jpg,True,True,225,315,RGB,JPEG,
18781,data/images/18781.jpg,True,True,225,126,RGB,JPEG,
18817,data/images/18817.jpg,True,True,225,328,RGB,JPEG,
18835,data/images/18835.jpg,True,True,225,320,RGB,JPEG,
18849,data/images/18849.jpg,True,True,225,323,RGB,JPEG,
18857,data/images/18857.jpg,True,True,460,690,RGB,JPEG,
18893,data/images/18893.jpg,True,True,460,660,RGB,JPEG,
18919,data/images/18919.jpg,True,True,225,325,RGB,JPEG,
18943,data/images/18943.jpg,True,True,460,613,RGB,JPEG,
18953,data/images/18953.jpg,True,True,225,350,RGB,JPEG,
18959,data/images/18959.jpg,True,True,225,323,RGB,JPEG,
18983,data/images/18983.jpg,True,True,225,318,RGB,JPEG,
18989,data/images/18989.jpg,True,True,225,169,RGB,JPEG,
19021,data/images/19021.jpg,True,True,460,655,RGB,JPEG,
19029,data/images/19029.jpg,True,True,460,644,RGB,JPEG,
19051,data/images/19051.jpg,True,True,460,638,RGB,JPEG,
19099,data/images/19099.jpg,True,True,225,151,RGB,JPEG,
19101,data/images/19101.jpg,True,True,225,323,RGB,JPEG,
19103,data/images/19103.jpg,True,True,225,323,RGB,JPEG,
19109,data/images/19109.jpg,True,True,225,318,RGB,JPEG,
19123,data/images/19123.jpg,True,True,400,517,RGB,JPEG,
19133,data/images/19133.jpg,True,True,225,320,RGB,JPEG,
19151,data/images/19151.jpg,True,True,230,345,RGB,JPEG,
19169,data/images/19169.jpg,True,True,225,166,RGB,JPEG,
19171,data/images/19171.jpg,True,True,460,655,RGB,JPEG,
19191,data/images/19191.jpg,True,True,460,690,RGB,JPEG,
19207,data/images/19207.jpg,True,True,460,645,RGB,JPEG,
19211,data/images/19211.jpg,True,True,225,319,RGB,JPEG,
19221,data/images/19221.jpg,True,True,460,667,RGB,JPEG,
19251,data/images/19251.jpg,True,True,225,305,RGB,JPEG,
19255,data/images/19255.jpg,True,True,225,314,RGB,JPEG,
19257,data/images/19257.jpg,True,True,460,652,RGB,JPEG,
19283,data/images/19283.jpg,True,True,225,323,RGB,JPEG,
19291,data/images/19291.jpg,True,True,460,690,RGB,JPEG,
19297,data/images/19297.jpg,True,True,225,350,RGB,JPEG,
19305,data/images/19305.jpg,True,True,225,228,RGB,JPEG,
19319,data/images/19319.jpg,True,True,460,629,RGB,JPEG,
19337,data/images/19337.jpg,True,True,225,133,RGB,JPEG,
19351,data/images/19351.jpg,True,True,230,322,RGB,JPEG,
19365,data/images/19365.jpg,True,True,460,642,RGB,JPEG,
19367,data/images/19367.jpg,True,True,460,690,RGB,JPEG,
19369,data/images/19369.jpg,True,True,460,652,RGB,JPEG,
19383,data/images/19383.jpg,True,True,230,346,RGB,JPEG,
19391,data/images/19391.jpg,True,True,225,318,RGB,JPEG,
19397,data/images/19397.jpg,True,True,225,153,RGB,JPEG,
19431,data/images/19431.jpg,True,True,225,125,RGB,JPEG,
19445,data/images/19445.jpg,True,True,225,225,RGB,JPEG,
19447,data/images/19447.jpg,True,True,225,263,RGB,JPEG,
19469,data/images/19469.jpg,True,True,225,315,RGB,JPEG,
19495,data/images/19495.jpg,True,True,225,155,RGB,JPEG,
19511,data/images/19511.jpg,True,True,230,307,RGB,JPEG,
19523,data/images/19523.jpg,True,True,225,333,RGB,JPEG,
19535,data/images/19535.jpg,True,True,225,310,RGB,JPEG,
19569,data/images/19569.jpg,True,True,225,323,RGB,JPEG,
19575,data/images/19575.jpg,True,True,230,358,RGB,JPEG,
19587,data/images/19587.jpg,True,True,460,607,RGB,JPEG,
19619,data/images/19619.jpg,True,True,230,326,RGB,JPEG,
19629,data/images/19629.jpg,True,True,225,318,RGB,JPEG,
19631,data/images/19631.jpg,True,True,225,323,RGB,JPEG,
19633,data/images/19633.jpg,True,True,225,324,RGB,JPEG,
19635,data/images/19635.jpg,True,True,225,323,RGB,JPEG,
19647,data/images/19647.jpg,True,True,460,640,RGB,JPEG,
19653,data/images/19653.jpg,True,True,460,570,RGB,JPEG,
19669,data/images/19669.jpg,True,True,460,690,RGB,JPEG,
19671,data/images/19671.jpg,True,True,460,628,RGB,JPEG,
19697,data/images/19697.jpg,True,True,460,652,RGB,JPEG,
19703,data/images/19703.jpg,True,True,460,690,RGB,JPEG,
19755,data/images/19755.jpg,True,True,225,319,RGB,JPEG,
19759,data/images/19759.jpg,True,True,230,323,RGB,JPEG,
19811,data/images/19811.jpg,True,True,225,318,RGB,JPEG,
19825,data/images/19825.jpg,True,True,460,690,RGB,JPEG,
19841,data/images/19841.jpg,True,True,225,350,RGB,JPEG,
19843,data/images/19843.jpg,True,True,225,297,RGB,JPEG,
19845,data/images/19845.jpg,True,True,225,148,RGB,JPEG,
19857,data/images/19857.jpg,True,True,225,323,RGB,JPEG,
19859,data/images/19859.jpg,True,True,225,323,RGB,JPEG,
19871,data/images/19871.jpg,True,True,460,682,RGB,JPEG,
19877,data/images/19877.jpg,True,True,225,350,RGB,JPEG,
19889,data/images/19889.jpg,True,True,225,287,RGB,JPEG,
19919,data/images/19919.jpg,True,True,460,648,RGB,JPEG,
19925,data/images/19925.jpg,True,True,225,115,RGB,JPEG,
19951,data/images/19951.jpg,True,True,460,656,RGB,JPEG,
20021,data/images/20021.jpg,True,True,460,641,RGB,JPEG,
20033,data/images/20033.jpg,True,True,460,654,RGB,JPEG,
20035,data/images/20035.jpg,True,True,460,652,RGB,JPEG,
20039,data/images/20039.jpg,True,True,225,323,RGB,JPEG,
20045,data/images/20045.jpg,True,True,225,280,RGB,JPEG,
20141,data/images/20141.jpg,True,True,400,600,RGB,JPEG,
20159,data/images/20159.jpg,True,True,460,690,RGB,JPEG,
20181,data/images/20181.jpg,True,True,460,652,RGB,JPEG,
20221,data/images/20221.jpg,True,True,460,690,RGB,JPEG,
20261,data/images/20261.jpg,True,True,225,169,RGB,JPEG,
20329,data/images/20329.jpg,True,True,225,318,RGB,JPEG,
20359,data/images/20359.jpg,True,True,460,260,RGB,JPEG,
20377,data/images/20377.jpg,True,True,225,320,RGB,JPEG,
20379,data/images/20379.jpg,True,True,230,329,RGB,JPEG,
20383,data/images/20383.jpg,True,True,225,293,RGB,JPEG,
20442,data/images/20442.jpg,True,True,460,639,RGB,JPEG,
20444,data/images/20444.jpg,True,True,225,287,RGB,JPEG,
20445,data/images/20445.jpg,True,True,225,313,RGB,JPEG,
20450,data/images/20450.jpg,True,True,225,315,RGB,JPEG,
20459,data/images/20459.jpg,True,True,225,317,RGB,JPEG,
20468,data/images/20468.jpg,True,True,225,126,RGB,JPEG,
20469,data/images/20469.jpg,True,True,225,318,RGB,JPEG,
20471,data/images/20471.jpg,True,True,460,651,RGB,JPEG,
20524,data/images/20524.jpg,True,True,230,312,RGB,JPEG,
20554,data/images/20554.jpg,True,True,460,653,RGB,JPEG,
20570,data/images/20570.jpg,True,True,230,345,RGB,JPEG,
20580,data/images/20580.jpg,True,True,225,320,RGB,JPEG,
20608,data/images/20608.jpg,True,True,225,328,RGB,JPEG,
20697,data/images/20697.jpg,True,True,460,672,RGB,JPEG,
20707,data/images/20707.jpg,True,True,225,327,RGB,JPEG,
20776,data/images/20776.jpg,True,True,225,127,RGB,JPEG,
20828,data/images/20828.jpg,True,True,225,317,RGB,JPEG,
20852,data/images/20852.jpg,True,True,460,644,RGB,JPEG,
20860,data/images/20860.jpg,True,True,225,350,RGB,JPEG,
20896,data/images/20896.jpg,True,True,225,138,RGB,JPEG,
20899,data/images/20899.jpg,True,True,225,387,RGB,JPEG,
20975,data/images/20975.jpg,True,True,225,319,RGB,JPEG,
21022,data/images/21022.jpg,True,True,460,690,RGB,JPEG,
21036,data/images/21036.jpg,True,True,225,323,RGB,JPEG,
21060,data/images/21060.jpg,True,True,225,320,RGB,JPEG,
21063,data/images/21063.jpg,True,True,400,567,RGB,JPEG,
21073,data/images/21073.jpg,True,True,400,560,RGB,JPEG,
21074,data/images/21074.jpg,True,True,225,337,RGB,JPEG,
21081,data/images/21081.jpg,True,True,230,329,RGB,JPEG,
21130,data/images/21130.jpg,True,True,225,337,RGB,JPEG,
21226,data/images/21226.jpg,True,True,225,318,RGB,JPEG,
21245,data/images/21245.jpg,True,True,460,645,RGB,JPEG,
21550,data/images/21550.jpg,True,True,460,647,RGB,JPEG,
21863,data/images/21863.jpg,True,True,225,144,RGB,JPEG,
98133,data/images/98133.jpg,True,True,230,358,RGB,JPEG,
98136,data/images/98136.jpg,True,True,230,351,RGB,JPEG,
98141,data/images/98141.jpg,True,True,230,331,RGB,JPEG,
98567,data/images/98567.jpg,True,True,230,281,RGB,JPEG,
98568,data/images/98568.jpg,True,True,230,221,RGB,JPEG,
101928,data/images/101928.jpg,True,True,230,328,RGB,JPEG,
104957,data/images/104957.jpg,True,True,230,330,RGB,JPEG,
107341,data/images/107341.jpg,True,True,460,650,RGB,JPEG,
108549,data/images/108549.jpg,True,True,230,284,RGB,JPEG,
108748,data/images/108748.jpg,True,True,460,690,RGB,JPEG,
109002,data/images/109002.jpg,True,True,230,325,RGB,JPEG,
110253,data/images/110253.jpg,True,True,230,295,RGB,JPEG,
111859,data/images/111859.jpg,True,True,230,408,RGB,JPEG,
112145,data/images/112145.jpg,True,True,230,302,RGB,JPEG,
114679,data/images/114679.jpg,True,True,460,690,RGB,JPEG,
115296,data/images/115296.jpg,True,True,230,326,RGB,JPEG,
115758,data/images/115758.jpg,True,True,460,690,RGB,JPEG,
115759,data/images/115759.jpg,True,True,460,690,RGB,JPEG,
115765,data/images/115765.jpg,True,True,460,690,RGB,JPEG,
116908,data/images/116908.jpg,True,True,230,312,RGB,JPEG,
117409,data/images/117409.jpg,True,True,230,125,RGB,JPEG,
119813,data/images/119813.jpg,True,True,460,259,RGB,JPEG,
121754,data/images/121754.jpg,True,True,230,322,RGB,JPEG,
121755,data/images/121755.jpg,True,True,230,323,RGB,JPEG,
121961,data/images/121961.jpg,True,True,460,657,RGB,JPEG,
126607,data/images/126607.jpg,True,True,230,323,RGB,JPEG,
126647,data/images/126647.jpg,True,True,230,322,RGB,JPEG,
127042,data/images/127042.jpg,True,True,460,650,RGB,JPEG,
129845,data/images/129845.jpg,True,True,460,653,RGB,JPEG,
129869,data/images/129869.jpg,True,True,230,345,RGB,JPEG,
131973,data/images/131973.jpg,True,True,460,653,RGB,JPEG,
136110,data/images/136110.jpg,True,True,230,326,RGB,JPEG,
145442,data/images/145442.jpg,True,True,230,173,RGB,JPEG,
154042,data/images/154042.jpg,True,True,230,345,RGB,JPEG,
158571,data/images/158571.jpg,True,True,460,690,RGB,JPEG,
177121,data/images/177121.jpg,True,True,230,118,RGB,JPEG,
182547,data/images/182547.jpg,True,True,230,129,RGB,JPEG,
183821,data/images/183821.jpg,True,True,460,259,RGB,JPEG,
183822,data/images/183822.jpg,True,True,460,259,RGB,JPEG,
183823,data/images/183823.jpg,True,True,230,130,RGB,JPEG,
197976,data/images/197976.jpg,True,True,460,652,RGB,JPEG,
10687,data/images/10687.jpg,True,True,460,640,RGB,JPEG,
11135,data/images/11135.jpg,True,True,225,320,RGB,JPEG,
12017,data/images/12017.jpg,True,True,460,652,RGB,JPEG,
12783,data/images/12783.jpg,True,True,460,671,RGB,JPEG,
13119,data/images/13119.jpg,True,True,460,690,RGB,JPEG,
13391,data/images/13391.jpg,True,True,460,650,RGB,JPEG,
13843,data/images/13843.jpg,True,True,225,318,RGB,JPEG,
14751,data/images/14751.jpg,True,True,460,644,RGB,JPEG,
14817,data/images/14817.jpg,True,True,460,690,RGB,JPEG,
15565,data/images/15565.jpg,True,True,230,309,RGB,JPEG,
15813,data/images/15813.jpg,True,True,460,690,RGB,JPEG,
16123,data/images/16123.jpg,True,True,460,690,RGB,JPEG,
16381,data/images/16381.jpg,True,True,225,318,RGB,JPEG,
16870,data/images/16870.jpg,True,True,460,650,RGB,JPEG,
16904,data/images/16904.jpg,True,True,460,651,RGB,JPEG,
17437,data/images/17437.jpg,True,True,460,689,RGB,JPEG,
17729,data/images/17729.jpg,True,True,460,690,RGB,JPEG,
17777,data/images/17777.jpg,True,True,460,628,RGB,JPEG,
17827,data/images/17827.jpg,True,True,460,632,RGB,JPEG,
18095,data/images/18095.jpg,True,True,460,662,RGB,JPEG,
18139,data/images/18139.jpg,True,True,460,681,RGB,JPEG,
18619,data/images/18619.jpg,True,True,460,654,RGB,JPEG,
18671,data/images/18671.jpg,True,True,460,655,RGB,JPEG,
18851,data/images/18851.jpg,True,True,460,690,RGB,JPEG,
18897,data/images/18897.jpg,True,True,460,652,RGB,JPEG,
19023,data/images/19023.jpg,True,True,460,676,RGB,JPEG,
19067,data/images/19067.jpg,True,True,460,650,RGB,JPEG,
19111,data/images/19111.jpg,True,True,400,561,RGB,JPEG,
19115,data/images/19115.jpg,True,True,460,669,RGB,JPEG,
19117,data/images/19117.jpg,True,True,460,650,RGB,JPEG,
19157,data/images/19157.jpg,True,True,460,649,RGB,JPEG,
19163,data/images/19163.jpg,True,True,460,646,RGB,JPEG,
19193,data/images/19193.jpg,True,True,460,690,RGB,JPEG,
19195,data/images/19195.jpg,True,True,460,651,RGB,JPEG,
19199,data/images/19199.jpg,True,True,460,655,RGB,JPEG,
19315,data/images/19315.jpg,True,True,460,689,RGB,JPEG,
19363,data/images/19363.jpg,True,True,460,640,RGB,JPEG,
19429,data/images/19429.jpg,True,True,460,646,RGB,JPEG,
19603,data/images/19603.jpg,True,True,460,595,RGB,JPEG,
19613,data/images/19613.jpg,True,True,460,690,RGB,JPEG,
19645,data/images/19645.jpg,True,True,460,650,RGB,JPEG,
19685,data/images/19685.jpg,True,True,460,655,RGB,JPEG,
19769,data/images/19769.jpg,True,True,460,662,RGB,JPEG,
19775,data/images/19775.jpg,True,True,460,634,RGB,JPEG,
19799,data/images/19799.jpg,True,True,460,677,RGB,JPEG,
19815,data/images/19815.jpg,True,True,230,325,RGB,JPEG,
19855,data/images/19855.jpg,True,True,460,651,RGB,JPEG,
19953,data/images/19953.jpg,True,True,460,676,RGB,JPEG,
20031,data/images/20031.jpg,True,True,460,665,RGB,JPEG,
20047,data/images/20047.jpg,True,True,460,622,RGB,JPEG,
20053,data/images/20053.jpg,True,True,460,673,RGB,JPEG,
20057,data/images/20057.jpg,True,True,460,613,RGB,JPEG,
20267,data/images/20267.jpg,True,True,225,260,RGB,JPEG,
20371,data/images/20371.jpg,True,True,460,640,RGB,JPEG,
20423,data/images/20423.jpg,True,True,460,630,RGB,JPEG,
20431,data/images/20431.jpg,True,True,400,576,RGB,JPEG,
20446,data/images/20446.jpg,True,True,460,690,RGB,JPEG,
20447,data/images/20447.jpg,True,True,460,650,RGB,JPEG,
20448,data/images/20448.jpg,True,True,460,690,RGB,JPEG,
20449,data/images/20449.jpg,True,True,460,690,RGB,JPEG,
20451,data/images/20451.jpg,True,True,225,279,RGB,JPEG,
20452,data/images/20452.jpg,True,True,225,327,RGB,JPEG,
20453,data/images/20453.jpg,True,True,460,690,RGB,JPEG,
20455,data/images/20455.jpg,True,True,460,689,RGB,JPEG,
20457,data/images/20457.jpg,True,True,460,663,RGB,JPEG,
20458,data/images/20458.jpg,True,True,460,634,RGB,JPEG,
20462,data/images/20462.jpg,True,True,460,677,RGB,JPEG,
20464,data/images/20464.jpg,True,True,460,650,RGB,JPEG,
20467,data/images/20467.jpg,True,True,460,652,RGB,JPEG,
20472,data/images/20472.jpg,True,True,460,588,RGB,JPEG,
20473,data/images/20473.jpg,True,True,460,690,RGB,JPEG,
20474,data/images/20474.jpg,True,True,460,650,RGB,JPEG,
20475,data/images/20475.jpg,True,True,460,652,RGB,JPEG,
20478,data/images/20478.jpg,True,True,460,585,RGB,JPEG,
20479,data/images/20479.jpg,True,True,225,282,RGB,JPEG,
20481,data/images/20481.jpg,True,True,225,318,RGB,JPEG,
20483,data/images/20483.jpg,True,True,460,652,RGB,JPEG,
20484,data/images/20484.jpg,True,True,225,318,RGB,JPEG,
20485,data/images/20485.jpg,True,True,460,690,RGB,JPEG,
20486,data/images/20486.jpg,True,True,225,350,RGB,JPEG,
20488,data/images/20488.jpg,True,True,460,648,RGB,JPEG,
20490,data/images/20490.jpg,True,True,225,320,RGB,JPEG,
20492,data/images/20492.jpg,True,True,460,690,RGB,JPEG,
20494,data/images/20494.jpg,True,True,400,569,RGB,JPEG,
20496,data/images/20496.jpg,True,True,460,626,RGB,JPEG,
20497,data/images/20497.jpg,True,True,460,648,RGB,JPEG,
20498,data/images/20498.jpg,True,True,225,337,RGB,JPEG,
20500,data/images/20500.jpg,True,True,460,690,RGB,JPEG,
20501,data/images/20501.jpg,True,True,460,637,RGB,JPEG,
20502,data/images/20502.jpg,True,True,460,640,RGB,JPEG,
20503,data/images/20503.jpg,True,True,460,652,RGB,JPEG,
20504,data/images/20504.jpg,True,True,460,647,RGB,JPEG,
20505,data/images/20505.jpg,True,True,460,651,RGB,JPEG,
20506,data/images/20506.jpg,True,True,460,654,RGB,JPEG,
20509,data/images/20509.jpg,True,True,460,651,RGB,JPEG,
20510,data/images/20510.jpg,True,True,460,652,RGB,JPEG,
20512,data/images/20512.jpg,True,True,460,618,RGB,JPEG,
20513,data/images/20513.jpg,True,True,460,654,RGB,JPEG,
20515,data/images/20515.jpg,True,True,225,320,RGB,JPEG,
20516,data/images/20516.jpg,True,True,225,320,RGB,JPEG,
20517,data/images/20517.jpg,True,True,460,649,RGB,JPEG,
20518,data/images/20518.jpg,True,True,225,315,RGB,JPEG,
20519,data/images/20519.jpg,True,True,460,666,RGB,JPEG,
20520,data/images/20520.jpg,True,True,460,693,RGB,JPEG,
20521,data/images/20521.jpg,True,True,460,652,RGB,JPEG,
20523,data/images/20523.jpg,True,True,460,690,RGB,JPEG,
20525,data/images/20525.jpg,True,True,225,293,RGB,JPEG,
20526,data/images/20526.jpg,True,True,460,690,RGB,JPEG,
20527,data/images/20527.jpg,True,True,460,648,RGB,JPEG,
20529,data/images/20529.jpg,True,True,460,650,RGB,JPEG,
20530,data/images/20530.jpg,True,True,225,319,RGB,JPEG,
20531,data/images/20531.jpg,True,True,225,315,RGB,JPEG,
20532,data/images/20532.jpg,True,True,225,341,RGB,JPEG,
20533,data/images/20533.jpg,True,True,460,645,RGB,JPEG,
20534,data/images/20534.jpg,True,True,460,669,RGB,JPEG,
20535,data/images/20535.jpg,True,True,460,651,RGB,JPEG,
20537,data/images/20537.jpg,True,True,460,651,RGB,JPEG,
20538,data/images/20538.jpg,True,True,225,343,RGB,JPEG,
20540,data/images/20540.jpg,True,True,225,317,RGB,JPEG,
20541,data/images/20541.jpg,True,True,460,651,RGB,JPEG,
20542,data/images/20542.jpg,True,True,460,648,RGB,JPEG,
20543,data/images/20543.jpg,True,True,225,318,RGB,JPEG,
20546,data/images/20546.jpg,True,True,460,648,RGB,JPEG,
20547,data/images/20547.jpg,True,True,460,640,RGB,JPEG,
20548,data/images/20548.jpg,True,True,225,320,RGB,JPEG,
20549,data/images/20549.jpg,True,True,225,320,RGB,JPEG,
20550,data/images/20550.jpg,True,True,460,613,RGB,JPEG,
20551,data/images/20551.jpg,True,True,225,320,RGB,JPEG,
20552,data/images/20552.jpg,True,True,460,605,RGB,JPEG,
20555,data/images/20555.jpg,True,True,460,669,RGB,JPEG,
20556,data/images/20556.jpg,True,True,460,613,RGB,JPEG,
20557,data/images/20557.jpg,True,True,225,318,RGB,JPEG,
20559,data/images/20559.jpg,True,True,460,647,RGB,JPEG,
20564,data/images/20564.jpg,True,True,460,649,RGB,JPEG,
20565,data/images/20565.jpg,True,True,400,565,RGB,JPEG,
20567,data/images/20567.jpg,True,True,225,347,RGB,JPEG,
20571,data/images/20571.jpg,True,True,225,332,RGB,JPEG,
20572,data/images/20572.jpg,True,True,460,656,RGB,JPEG,
20573,data/images/20573.jpg,True,True,225,312,RGB,JPEG,
20575,data/images/20575.jpg,True,True,460,661,RGB,JPEG,
20576,data/images/20576.jpg,True,True,225,281,RGB,JPEG,
20577,data/images/20577.jpg,True,True,460,649,RGB,JPEG,
20578,data/images/20578.jpg,True,True,225,315,RGB,JPEG,
20579,data/images/20579.jpg,True,True,460,690,RGB,JPEG,
20581,data/images/20581.jpg,True,True,460,651,RGB,JPEG,
20582,data/images/20582.jpg,True,True,460,672,RGB,JPEG,
20583,data/images/20583.jpg,True,True,460,676,RGB,JPEG,
20584,data/images/20584.jpg,True,True,230,358,RGB,JPEG,
20587,data/images/20587.jpg,True,True,460,655,RGB,JPEG,
20588,data/images/20588.jpg,True,True,460,650,RGB,JPEG,
20590,data/images/20590.jpg,True,True,460,696,RGB,JPEG,
20591,data/images/20591.jpg,True,True,230,345,RGB,JPEG,
20592,data/images/20592.jpg,True,True,460,644,RGB,JPEG,
20593,data/images/20593.jpg,True,True,460,640,RGB,JPEG,
20594,data/images/20594.jpg,True,True,400,549,RGB,JPEG,
20595,data/images/20595.jpg,True,True,460,649,RGB,JPEG,
20596,data/images/20596.jpg,True,True,460,650,RGB,JPEG,
20598,data/images/20598.jpg,True,True,225,317,RGB,JPEG,
20599,data/images/20599.jpg,True,True,460,655,RGB,JPEG,
20600,data/images/20600.jpg,True,True,460,690,RGB,JPEG,
20602,data/images/20602.jpg,True,True,460,639,RGB,JPEG,
20603,data/images/20603.jpg,True,True,460,658,RGB,JPEG,
20604,data/images/20604.jpg,True,True,460,590,RGB,JPEG,
20605,data/images/20605.jpg,True,True,230,325,RGB,JPEG,
20606,data/images/20606.jpg,True,True,460,651,RGB,JPEG,
20607,data/images/20607.jpg,True,True,460,650,RGB,JPEG,
20609,data/images/20609.jpg,True,True,460,644,RGB,JPEG,
20610,data/images/20610.jpg,True,True,460,655,RGB,JPEG,
20611,data/images/20611.jpg,True,True,460,651,RGB,JPEG,
20612,data/images/20612.jpg,True,True,225,318,RGB,JPEG,
20613,data/images/20613.jpg,True,True,460,635,RGB,JPEG,
20614,data/images/20614.jpg,True,True,460,655,RGB,JPEG,
20615,data/images/20615.jpg,True,True,460,690,RGB,JPEG,
20616,data/images/20616.jpg,True,True,225,328,RGB,JPEG,
20617,data/images/20617.jpg,True,True,460,691,RGB,JPEG,
20618,data/images/20618.jpg,True,True,460,656,RGB,JPEG,
20619,data/images/20619.jpg,True,True,460,651,RGB,JPEG,
20620,data/images/20620.jpg,True,True,460,650,RGB,JPEG,
20623,data/images/20623.jpg,True,True,460,658,RGB,JPEG,
20624,data/images/20624.jpg,True,True,460,647,RGB,JPEG,
20626,data/images/20626.jpg,True,True,460,648,RGB,JPEG,
20629,data/images/20629.jpg,True,True,460,647,RGB,JPEG,
20630,data/images/20630.jpg,True,True,230,283,RGB,JPEG,
20631,data/images/20631.jpg,True,True,460,690,RGB,JPEG,
20632,data/images/20632.jpg,True,True,460,690,RGB,JPEG,
20633,data/images/20633.jpg,True,True,225,319,RGB,JPEG,
20634,data/images/20634.jpg,True,True,460,650,RGB,JPEG,
20635,data/images/20635.jpg,True,True,460,609,RGB,JPEG,
20636,data/images/20636.jpg,True,True,460,650,RGB,JPEG,
20638,data/images/20638.jpg,True,True,460,663,RGB,JPEG,
20639,data/images/20639.jpg,True,True,230,345,RGB,JPEG,
20640,data/images/20640.jpg,True,True,460,653,RGB,JPEG,
20642,data/images/20642.jpg,True,True,460,636,RGB,JPEG,
20644,data/images/20644.jpg,True,True,230,321,RGB,JPEG,
20645,data/images/20645.jpg,True,True,460,600,RGB,JPEG,
20646,data/images/20646.jpg,True,True,460,651,RGB,JPEG,
20647,data/images/20647.jpg,True,True,460,681,RGB,JPEG,
20648,data/images/20648.jpg,True,True,460,690,RGB,JPEG,
20649,data/images/20649.jpg,True,True,460,690,RGB,JPEG,
20650,data/images/20650.jpg,True,True,460,636,RGB,JPEG,
20651,data/images/20651.jpg,True,True,225,320,RGB,JPEG,
20653,data/images/20653.jpg,True,True,460,635,RGB,JPEG,
20655,data/images/20655.jpg,True,True,225,317,RGB,JPEG,
20656,data/images/20656.jpg,True,True,460,690,RGB,JPEG,
20658,data/images/20658.jpg,True,True,460,653,RGB,JPEG,
20659,data/images/20659.jpg,True,True,460,650,RGB,JPEG,
20660,data/images/20660.jpg,True,True,460,690,RGB,JPEG,
20661,data/images/20661.jpg,True,True,460,668,RGB,JPEG,
20663,data/images/20663.jpg,True,True,460,651,RGB,JPEG,
20665,data/images/20665.jpg,True,True,460,658,RGB,JPEG,
20666,data/images/20666.jpg,True,True,460,649,RGB,JPEG,
20667,data/images/20667.jpg,True,True,460,652,RGB,JPEG,
20668,data/images/20668.jpg,True,True,460,639,RGB,JPEG,
20669,data/images/20669.jpg,True,True,230,327,RGB,JPEG,
20670,data/images/20670.jpg,True,True,460,651,RGB,JPEG,
20671,data/images/20671.jpg,True,True,460,651,RGB,JPEG,
20672,data/images/20672.jpg,True,True,460,690,RGB,JPEG,
20674,data/images/20674.jpg,True,True,225,346,RGB,JPEG,
20675,data/images/20675.jpg,True,True,225,310,RGB,JPEG,
20677,data/images/20677.jpg,True,True,460,651,RGB,JPEG,
20679,data/images/20679.jpg,True,True,225,254,RGB,JPEG,
20681,data/images/20681.jpg,True,True,460,649,RGB,JPEG,
20682,data/images/20682.jpg,True,True,230,270,RGB,JPEG,
20683,data/images/20683.jpg,True,True,225,321,RGB,JPEG,
20684,data/images/20684.jpg,True,True,225,308,RGB,JPEG,
20685,data/images/20685.jpg,True,True,460,664,RGB,JPEG,
20686,data/images/20686.jpg,True,True,460,681,RGB,JPEG,
20687,data/images/20687.jpg,True,True,225,305,RGB,JPEG,
20688,data/images/20688.jpg,True,True,225,296,RGB,JPEG,
20689,data/images/20689.jpg,True,True,225,316,RGB,JPEG,
20690,data/images/20690.jpg,True,True,400,548,RGB,JPEG,
20691,data/images/20691.jpg,True,True,460,662,RGB,JPEG,
20695,data/images/20695.jpg,True,True,460,649,RGB,JPEG,
20696,data/images/20696.jpg,True,True,225,319,RGB,JPEG,
20700,data/images/20700.jpg,True,True,460,649,RGB,JPEG,
20701,data/images/20701.jpg,True,True,460,649,RGB,JPEG,
20703,data/images/20703.jpg,True,True,225,319,RGB,JPEG,
20706,data/images/20706.jpg,True,True,225,317,RGB,JPEG,
20708,data/images/20708.jpg,True,True,460,690,RGB,JPEG,
20710,data/images/20710.jpg,True,True,460,652,RGB,JPEG,
20711,data/images/20711.jpg,True,True,460,670,RGB,JPEG,
20713,data/images/20713.jpg,True,True,460,648,RGB,JPEG,
20714,data/images/20714.jpg,True,True,460,646,RGB,JPEG,
20715,data/images/20715.jpg,True,True,225,328,RGB,JPEG,
20716,data/images/20716.jpg,True,True,225,308,RGB,JPEG,
20717,data/images/20717.jpg,True,True,225,337,RGB,JPEG,
20719,data/images/20719.jpg,True,True,460,672,RGB,JPEG,
20720,data/images/20720.jpg,True,True,460,690,RGB,JPEG,
20722,data/images/20722.jpg,True,True,460,690,RGB,JPEG,
20723,data/images/20723.jpg,True,True,460,657,RGB,JPEG,
20726,data/images/20726.jpg,True,True,460,690,RGB,JPEG,
20728,data/images/20728.jpg,True,True,460,690,RGB,JPEG,
20729,data/images/20729.jpg,True,True,460,657,RGB,JPEG,
20730,data/images/20730.jpg,True,True,225,319,RGB,JPEG,
20731,data/images/20731.jpg,True,True,225,258,RGB,JPEG,
20733,data/images/20733.jpg,True,True,225,335,RGB,JPEG,
20735,data/images/20735.jpg,True,True,460,618,RGB,JPEG,
20736,data/images/20736.jpg,True,True,230,327,RGB,JPEG,
20738,data/images/20738.jpg,True,True,225,321,RGB,JPEG,
20739,data/images/20739.jpg,True,True,460,690,RGB,JPEG,
20742,data/images/20742.jpg,True,True,460,650,RGB,JPEG,
20743,data/images/20743.jpg,True,True,460,646,RGB,JPEG,
20747,data/images/20747.jpg,True,True,225,184,RGB,JPEG,
20748,data/images/20748.jpg,True,True,230,335,RGB,JPEG,
20749,data/images/20749.jpg,True,True,460,667,RGB,JPEG,
20750,data/images/20750.jpg,True,True,225,320,RGB,JPEG,
20751,data/images/20751.jpg,True,True,460,639,RGB,JPEG,
20752,data/images/20752.jpg,True,True,460,715,RGB,JPEG,
20753,data/images/20753.jpg,True,True,460,690,RGB,JPEG,
20756,data/images/20756.jpg,True,True,225,321,RGB,JPEG,
20757,data/images/20757.jpg,True,True,460,690,RGB,JPEG,
20761,data/images/20761.jpg,True,True,230,328,RGB,JPEG,
20765,data/images/20765.jpg,True,True,225,349,RGB,JPEG,
20767,data/images/20767.jpg,True,True,460,650,RGB,JPEG,
20769,data/images/20769.jpg,True,True,460,650,RGB,JPEG,
20770,data/images/20770.jpg,True,True,460,659,RGB,JPEG,
20775,data/images/20775.jpg,True,True,230,321,RGB,JPEG,
20777,data/images/20777.jpg,True,True,460,619,RGB,JPEG,
20779,data/images/20779.jpg,True,True,460,619,RGB,JPEG,
20781,data/images/20781.jpg,True,True,225,318,RGB,JPEG,
20782,data/images/20782.jpg,True,True,230,341,RGB,JPEG,
20783,data/images/20783.jpg,True,True,460,690,RGB,JPEG,
20784,data/images/20784.jpg,True,True,460,605,RGB,JPEG,
20786,data/images/20786.jpg,True,True,460,690,RGB,JPEG,
20787,data/images/20787.jpg,True,True,225,315,RGB,JPEG,
20789,data/images/20789.jpg,True,True,460,640,RGB,JPEG,
20790,data/images/20790.jpg,True,True,460,650,RGB,JPEG,
20794,data/images/20794.jpg,True,True,460,652,RGB,JPEG,
20795,data/images/20795.jpg,True,True,225,326,RGB,JPEG,
20798,data/images/20798.jpg,True,True,225,283,RGB,JPEG,
20800,data/images/20800.jpg,True,True,460,659,RGB,JPEG,
20803,data/images/20803.jpg,True,True,225,316,RGB,JPEG,
20804,data/images/20804.jpg,True,True,225,294,RGB,JPEG,
20806,data/images/20806.jpg,True,True,460,693,RGB,JPEG,
20808,data/images/20808.jpg,True,True,460,650,RGB,JPEG,
20809,data/images/20809.jpg,True,True,460,659,RGB,JPEG,
20810,data/images/20810.jpg,True,True,460,690,RGB,JPEG,
20812,data/images/20812.jpg,True,True,460,652,RGB,JPEG,
20813,data/images/20813.jpg,True,True,225,318,RGB,JPEG,
20816,data/images/20816.jpg,True,True,225,318,RGB,JPEG,
20817,data/images/20817.jpg,True,True,460,677,RGB,JPEG,
20818,data/images/20818.jpg,True,True,230,344,RGB,JPEG,
20826,data/images/20826.jpg,True,True,225,308,RGB,JPEG,
20830,data/images/20830.jpg,True,True,225,310,RGB,JPEG,
20831,data/images/20831.jpg,True,True,460,690,RGB,JPEG,
20834,data/images/20834.jpg,True,True,225,288,RGB,JPEG,
20835,data/images/20835.jpg,True,True,460,662,RGB,JPEG,
20836,data/images/20836.jpg,True,True,225,316,RGB,JPEG,
20837,data/images/20837.jpg,True,True,460,655,RGB,JPEG,
20838,data/images/20838.jpg,True,True,460,690,RGB,JPEG,
20842,data/images/20842.jpg,True,True,225,315,RGB,JPEG,
20846,data/images/20846.jpg,True,True,225,261,RGB,JPEG,
20847,data/images/20847.jpg,True,True,460,690,RGB,JPEG,
20851,data/images/20851.jpg,True,True,225,318,RGB,JPEG,
20855,data/images/20855.jpg,True,True,225,315,RGB,JPEG,
20856,data/images/20856.jpg,True,True,460,645,RGB,JPEG,
20859,data/images/20859.jpg,True,True,225,149,RGB,JPEG,
20861,data/images/20861.jpg,True,True,225,350,RGB,JPEG,
20863,data/images/20863.jpg,True,True,460,650,RGB,JPEG,
20865,data/images/20865.jpg,True,True,225,321,RGB,JPEG,
20866,data/images/20866.jpg,True,True,460,690,RGB,JPEG,
20869,data/images/20869.jpg,True,True,460,650,RGB,JPEG,
20870,data/images/20870.jpg,True,True,225,305,RGB,JPEG,
20871,data/images/20871.jpg,True,True,225,309,RGB,JPEG,
20874,data/images/20874.jpg,True,True,225,321,RGB,JPEG,
20878,data/images/20878.jpg,True,True,460,624,RGB,JPEG,
20882,data/images/20882.jpg,True,True,225,330,RGB,JPEG,
20883,data/images/20883.jpg,True,True,225,164,RGB,JPEG,
20884,data/images/20884.jpg,True,True,460,643,RGB,JPEG,
20885,data/images/20885.jpg,True,True,225,308,RGB,JPEG,
20887,data/images/20887.jpg,True,True,460,652,RGB,JPEG,
20889,data/images/20889.jpg,True,True,225,303,RGB,JPEG,
20892,data/images/20892.jpg,True,True,225,127,RGB,JPEG,
20893,data/images/20893.jpg,True,True,225,319,RGB,JPEG,
20894,data/images/20894.jpg,True,True,225,319,RGB,JPEG,
20895,data/images/20895.jpg,True,True,460,641,RGB,JPEG,
20900,data/images/20900.jpg,True,True,460,652,RGB,JPEG,
20903,data/images/20903.jpg,True,True,225,318,RGB,JPEG,
20905,data/images/20905.jpg,True,True,230,334,RGB,JPEG,
20907,data/images/20907.jpg,True,True,460,633,RGB,JPEG,
20915,data/images/20915.jpg,True,True,460,622,RGB,JPEG,
20918,data/images/20918.jpg,True,True,460,636,RGB,JPEG,
20921,data/images/20921.jpg,True,True,230,331,RGB,JPEG,
20924,data/images/20924.jpg,True,True,225,315,RGB,JPEG,
20925,data/images/20925.jpg,True,True,225,316,RGB,JPEG,
20926,data/images/20926.jpg,True,True,225,331,RGB,JPEG,
20927,data/images/20927.jpg,True,True,225,317,RGB,JPEG,
20933,data/images/20933.jpg,True,True,230,326,RGB,JPEG,
20934,data/images/20934.jpg,True,True,460,574,RGB,JPEG,
20936,data/images/20936.jpg,True,True,460,648,RGB,JPEG,
20939,data/images/20939.jpg,True,True,225,322,RGB,JPEG,
20940,data/images/20940.jpg,True,True,225,315,RGB,JPEG,
20941,data/images/20941.jpg,True,True,460,690,RGB,JPEG,
20942,data/images/20942.jpg,True,True,225,307,RGB,JPEG,
20943,data/images/20943.jpg,True,True,225,340,RGB,JPEG,
20945,data/images/20945.jpg,True,True,225,302,RGB,JPEG,
20947,data/images/20947.jpg,True,True,460,690,RGB,JPEG,
20948,data/images/20948.jpg,True,True,400,568,RGB,JPEG,
20952,data/images/20952.jpg,True,True,460,641,RGB,JPEG,
20956,data/images/20956.jpg,True,True,400,331,RGB,JPEG,
20957,data/images/20957.jpg,True,True,225,281,RGB,JPEG,
20959,data/images/20959.jpg,True,True,460,818,RGB,JPEG,
20960,data/images/20960.jpg,True,True,460,690,RGB,JPEG,
20976,data/images/20976.jpg,True,True,225,315,RGB,JPEG,
20978,data/images/20978.jpg,True,True,460,690,RGB,JPEG,
21003,data/images/21003.jpg,True,True,460,635,RGB,JPEG,
21013,data/images/21013.jpg,True,True,225,287,RGB,JPEG,
21014,data/images/21014.jpg,True,True,460,683,RGB,JPEG,
21015,data/images/21015.jpg,True,True,225,332,RGB,JPEG,
21023,data/images/21023.jpg,True,True,460,648,RGB,JPEG,
21026,data/images/21026.jpg,True,True,225,322,RGB,JPEG,
21041,data/images/21041.jpg,True,True,225,349,RGB,JPEG,
21047,data/images/21047.jpg,True,True,460,550,RGB,JPEG,
21061,data/images/21061.jpg,True,True,225,350,RGB,JPEG,
21062,data/images/21062.jpg,True,True,225,337,RGB,JPEG,
21067,data/images/21067.jpg,True,True,460,653,RGB,JPEG,
21083,data/images/21083.jpg,True,True,230,329,RGB,JPEG,
21084,data/images/21084.jpg,True,True,225,337,RGB,JPEG,
21089,data/images/21089.jpg,True,True,400,565,RGB,JPEG,
21090,data/images/21090.jpg,True,True,225,322,RGB,JPEG,
21100,data/images/21100.jpg,True,True,230,329,RGB,JPEG,
21101,data/images/21101.jpg,True,True,230,329,RGB,JPEG,
21102,data/images/21102.jpg,True,True,230,323,RGB,JPEG,
21109,data/images/21109.jpg,True,True,230,329,RGB,JPEG,
21111,data/images/21111.jpg,True,True,230,329,RGB,JPEG,
21117,data/images/21117.jpg,True,True,230,329,RGB,JPEG,
21121,data/images/21121.jpg,True,True,230,324,RGB,JPEG,
21124,data/images/21124.jpg,True,True,230,329,RGB,JPEG,
21125,data/images/21125.jpg,True,True,225,316,RGB,JPEG,
21141,data/images/21141.jpg,True,True,230,329,RGB,JPEG,
21142,data/images/21142.jpg,True,True,230,329,RGB,JPEG,
21155,data/images/21155.jpg,True,True,460,576,RGB,JPEG,
21159,data/images/21159.jpg,True,True,225,322,RGB,JPEG,
21163,data/images/21163.jpg,True,True,225,320,RGB,JPEG,
21165,data/images/21165.jpg,True,True,230,328,RGB,JPEG,
21173,data/images/21173.jpg,True,True,230,328,RGB,JPEG,
21193,data/images/21193.jpg,True,True,230,329,RGB,JPEG,
21195,data/images/21195.jpg,True,True,460,658,RGB,JPEG,
21199,data/images/21199.jpg,True,True,460,667,RGB,JPEG,
21211,data/images/21211.jpg,True,True,230,329,RGB,JPEG,
21215,data/images/21215.jpg,True,True,225,321,RGB,JPEG,
21217,data/images/21217.jpg,True,True,460,640,RGB,JPEG,
21219,data/images/21219.jpg,True,True,225,337,RGB,JPEG,
21227,data/images/21227.jpg,True,True,225,306,RGB,JPEG,
21233,data/images/21233.jpg,True,True,230,329,RGB,JPEG,
21271,data/images/21271.jpg,True,True,225,319,RGB,JPEG,
21280,data/images/21280.jpg,True,True,460,690,RGB,JPEG,
21303,data/images/21303.jpg,True,True,230,328,RGB,JPEG,
21358,data/images/21358.jpg,True,True,460,653,RGB,JPEG,
21402,data/images/21402.jpg,True,True,225,321,RGB,JPEG,
21434,data/images/21434.jpg,True,True,225,312,RGB,JPEG,
21478,data/images/21478.jpg,True,True,400,567,RGB,JPEG,
21484,data/images/21484.jpg,True,True,225,321,RGB,JPEG,
21503,data/images/21503.jpg,True,True,225,319,RGB,JPEG,
21522,data/images/21522.jpg,True,True,225,316,RGB,JPEG,
21523,data/images/21523.jpg,True,True,230,327,RGB,JPEG,
21524,data/images/21524.jpg,True,True,225,323,RGB,JPEG,
21525,data/images/21525.jpg,True,True,225,321,RGB,JPEG,
21529,data/images/21529.jpg,True,True,225,321,RGB,JPEG,
21531,data/images/21531.jpg,True,True,225,318,RGB,JPEG,
21532,data/images/21532.jpg,True,True,225,321,RGB,JPEG,
21533,data/images/21533.jpg,True,True,225,321,RGB,JPEG,
21535,data/images/21535.jpg,True,True,460,650,RGB,JPEG,
21536,data/images/21536.jpg,True,True,225,321,RGB,JPEG,
21537,data/images/21537.jpg,True,True,225,321,RGB,JPEG,
21538,data/images/21538.jpg,True,True,460,678,RGB,JPEG,
21539,data/images/21539.jpg,True,True,225,312,RGB,JPEG,
21542,data/images/21542.jpg,True,True,225,321,RGB,JPEG,
21543,data/images/21543.jpg,True,True,400,567,RGB,JPEG,
21545,data/images/21545.jpg,True,True,225,320,RGB,JPEG,
21548,data/images/21548.jpg,True,True,225,315,RGB,JPEG,
21549,data/images/21549.jpg,True,True,225,321,RGB,JPEG,
21551,data/images/21551.jpg,True,True,225,289,RGB,JPEG,
21561,data/images/21561.jpg,True,True,225,321,RGB,JPEG,
21562,data/images/21562.jpg,True,True,225,321,RGB,JPEG,
21604,data/images/21604.jpg,True,True,225,271,RGB,JPEG,
21617,data/images/21617.jpg,True,True,225,319,RGB,JPEG,
21618,data/images/21618.jpg,True,True,225,321,RGB,JPEG,
21619,data/images/21619.jpg,True,True,225,321,RGB,JPEG,
21622,data/images/21622.jpg,True,True,400,607,RGB,JPEG,
21809,data/images/21809.jpg,True,True,225,201,RGB,JPEG,
21834,data/images/21834.jpg,True,True,225,321,RGB,JPEG,
21883,data/images/21883.jpg,True,True,225,126,RGB,JPEG,
21884,data/images/21884.jpg,True,True,225,299,RGB,JPEG,
21885,data/images/21885.jpg,True,True,225,318,RGB,JPEG,
87475,data/images/87475.jpg,True,True,460,635,RGB,JPEG,
97861,data/images/97861.jpg,True,True,230,324,RGB,JPEG,
97955,data/images/97955.jpg,True,True,230,327,RGB,JPEG,
98106,data/images/98106.jpg,True,True,460,649,RGB,JPEG,
98135,data/images/98135.jpg,True,True,230,128,RGB,JPEG,
98207,data/images/98207.jpg,True,True,230,345,RGB,JPEG,
98225,data/images/98225.jpg,True,True,230,316,RGB,JPEG,
98552,data/images/98552.jpg,True,True,230,346,RGB,JPEG,
98703,data/images/98703.jpg,True,True,230,325,RGB,JPEG,
98745,data/images/98745.jpg,True,True,230,325,RGB,JPEG,
98963,data/images/98963.jpg,True,True,460,690,RGB,JPEG,
99111,data/images/99111.jpg,True,True,230,113,RGB,JPEG,
99281,data/images/99281.jpg,True,True,230,230,RGB,JPEG,
99431,data/images/99431.jpg,True,True,230,346,RGB,JPEG,
99480,data/images/99480.jpg,True,True,230,334,RGB,JPEG,
100716,data/images/100716.jpg,True,True,230,285,RGB,JPEG,
101087,data/images/101087.jpg,True,True,230,129,RGB,JPEG,
102036,data/images/102036.jpg,True,True,230,324,RGB,JPEG,
102160,data/images/102160.jpg,True,True,230,323,RGB,JPEG,
102337,data/images/102337.jpg,True,True,230,345,RGB,JPEG,
102355,data/images/102355.jpg,True,True,460,690,RGB,JPEG,
102406,data/images/102406.jpg,True,True,400,710,RGB,JPEG,
102434,data/images/102434.jpg,True,True,400,550,RGB,JPEG,
102572,data/images/102572.jpg,True,True,230,313,RGB,JPEG,
102582,data/images/102582.jpg,True,True,230,326,RGB,JPEG,
102617,data/images/102617.jpg,True,True,230,321,RGB,JPEG,
102716,data/images/102716.jpg,True,True,230,267,RGB,JPEG,
102763,data/images/102763.jpg,True,True,400,559,RGB,JPEG,
102934,data/images/102934.jpg,True,True,230,324,RGB,JPEG,
103018,data/images/103018.jpg,True,True,230,325,RGB,JPEG,
104433,data/images/104433.jpg,True,True,230,170,RGB,JPEG,
104435,data/images/104435.jpg,True,True,230,323,RGB,JPEG,
105049,data/images/105049.jpg,True,True,230,324,RGB,JPEG,
106542,data/images/106542.jpg,True,True,230,293,RGB,JPEG,
107110,data/images/107110.jpg,True,True,230,362,RGB,JPEG,
107188,data/images/107188.jpg,True,True,230,325,RGB,JPEG,
107189,data/images/107189.jpg,True,True,230,314,RGB,JPEG,
107340,data/images/107340.jpg,True,True,230,287,RGB,JPEG,
107917,data/images/107917.jpg,True,True,230,360,RGB,JPEG,
108729,data/images/108729.jpg,True,True,230,287,RGB,JPEG,
108743,data/images/108743.jpg,True,True,230,287,RGB,JPEG,
108815,data/images/108815.jpg,True,True,230,346,RGB,JPEG,
108972,data/images/108972.jpg,True,True,230,295,RGB,JPEG,
108983,data/images/108983.jpg,True,True,230,325,RGB,JPEG,
108994,data/images/108994.jpg,True,True,230,259,RGB,JPEG,
109011,data/images/109011.jpg,True,True,230,348,RGB,JPEG,
110245,data/images/110245.jpg,True,True,230,126,RGB,JPEG,
110364,data/images/110364.jpg,True,True,460,690,RGB,JPEG,
110732,data/images/110732.jpg,True,True,460,648,RGB,JPEG,
110954,data/images/110954.jpg,True,True,230,292,RGB,JPEG,
114436,data/images/114436.jpg,True,True,230,345,RGB,JPEG,
114472,data/images/114472.jpg,True,True,460,259,RGB,JPEG,
115336,data/images/115336.jpg,True,True,460,690,RGB,JPEG,
115764,data/images/115764.jpg,True,True,460,690,RGB,JPEG,
116160,data/images/116160.jpg,True,True,460,690,RGB,JPEG,
117284,data/images/117284.jpg,True,True,230,325,RGB,JPEG,
117407,data/images/117407.jpg,True,True,230,169,RGB,JPEG,
117969,data/images/117969.jpg,True,True,230,346,RGB,JPEG,
118043,data/images/118043.jpg,True,True,230,345,RGB,JPEG,
119454,data/images/119454.jpg,True,True,230,316,RGB,JPEG,
119665,data/images/119665.jpg,True,True,460,645,RGB,JPEG,
119784,data/images/119784.jpg,True,True,460,651,RGB,JPEG,
119793,data/images/119793.jpg,True,True,230,317,RGB,JPEG,
119794,data/images/119794.jpg,True,True,230,345,RGB,JPEG,
119942,data/images/119942.jpg,True,True,230,325,RGB,JPEG,
121717,data/images/121717.jpg,True,True,460,259,RGB,JPEG,
121963,data/images/121963.jpg,True,True,230,288,RGB,JPEG,
122044,data/images/122044.jpg,True,True,230,312,RGB,JPEG,
122241,data/images/122241.jpg,True,True,230,345,RGB,JPEG,
126878,data/images/126878.jpg,True,True,230,316,RGB,JPEG,
127510,data/images/127510.jpg,True,True,230,163,RGB,JPEG,
129866,data/images/129866.jpg,True,True,230,130,RGB,JPEG,
130254,data/images/130254.jpg,True,True,460,690,RGB,JPEG,
130912,data/images/130912.jpg,True,True,230,326,RGB,JPEG,
138985,data/images/138985.jpg,True,True,230,338,RGB,JPEG,
139020,data/images/139020.jpg,True,True,230,345,RGB,JPEG,
139678,data/images/139678.jpg,True,True,230,240,RGB,JPEG,
140238,data/images/140238.jpg,True,True,460,651,RGB,JPEG,
145353,data/images/145353.jpg,True,True,230,322,RGB,JPEG,
147765,data/images/147765.jpg,True,True,230,324,RGB,JPEG,
149036,data/images/149036.jpg,True,True,230,326,RGB,JPEG,
160196,data/images/160196.jpg,True,True,230,130,RGB,JPEG,
171447,data/images/171447.jpg,True,True,460,690,RGB,JPEG,
176874,data/images/176874.jpg,True,True,230,328,RGB,JPEG,
177225,data/images/177225.jpg,True,True,230,276,RGB,JPEG,
183820,data/images/183820.jpg,True,True,460,259,RGB,JPEG,
197977,data/images/197977.jpg,True,True,460,682,RGB,JPEG,
206519,data/images/206519.jpg,True,True,460,531,RGB,JPEG,
10937,data/images/10937.jpg,True,True,460,650,RGB,JPEG,
15199,data/images/15199.jpg,True,True,460,644,RGB,JPEG,
15201,data/images/15201.jpg,True,True,460,644,RGB,JPEG,
15407,data/images/15407.jpg,True,True,225,317,RGB,JPEG,
16385,data/images/16385.jpg,True,True,460,648,RGB,JPEG,
17080,data/images/17080.jpg,True,True,460,690,RGB,JPEG,
17919,data/images/17919.jpg,True,True,460,644,RGB,JPEG,
18617,data/images/18617.jpg,True,True,460,655,RGB,JPEG,
19489,data/images/19489.jpg,True,True,460,651,RGB,JPEG,
20487,data/images/20487.jpg,True,True,460,608,RGB,JPEG,
20511,data/images/20511.jpg,True,True,225,318,RGB,JPEG,
20514,data/images/20514.jpg,True,True,460,650,RGB,JPEG,
20553,data/images/20553.jpg,True,True,460,647,RGB,JPEG,
20560,data/images/20560.jpg,True,True,460,690,RGB,JPEG,
20566,data/images/20566.jpg,True,True,460,676,RGB,JPEG,
20601,data/images/20601.jpg,True,True,460,650,RGB,JPEG,
20625,data/images/20625.jpg,True,True,460,654,RGB,JPEG,
20627,data/images/20627.jpg,True,True,460,654,RGB,JPEG,
20652,data/images/20652.jpg,True,True,460,640,RGB,JPEG,
20654,data/images/20654.jpg,True,True,460,654,RGB,JPEG,
20657,data/images/20657.jpg,True,True,460,650,RGB,JPEG,
20662,data/images/20662.jpg,True,True,460,650,RGB,JPEG,
20678,data/images/20678.jpg,True,True,460,650,RGB,JPEG,
20692,data/images/20692.jpg,True,True,460,656,RGB,JPEG,
20693,data/images/20693.jpg,True,True,460,683,RGB,JPEG,
20694,data/images/20694.jpg,True,True,460,649,RGB,JPEG,
20698,data/images/20698.jpg,True,True,460,667,RGB,JPEG,
20704,data/images/20704.jpg,True,True,460,652,RGB,JPEG,
20709,data/images/20709.jpg,True,True,460,651,RGB,JPEG,
20712,data/images/20712.jpg,True,True,460,655,RGB,JPEG,
20724,data/images/20724.jpg,True,True,400,499,RGB,JPEG,
20725,data/images/20725.jpg,True,True,460,631,RGB,JPEG,
20727,data/images/20727.jpg,True,True,460,652,RGB,JPEG,
20732,data/images/20732.jpg,True,True,460,644,RGB,JPEG,
20737,data/images/20737.jpg,True,True,230,327,RGB,JPEG,
20740,data/images/20740.jpg,True,True,460,689,RGB,JPEG,
20741,data/images/20741.jpg,True,True,460,667,RGB,JPEG,
20744,data/images/20744.jpg,True,True,460,634,RGB,JPEG,
20745,data/images/20745.jpg,True,True,460,649,RGB,JPEG,
20746,data/images/20746.jpg,True,True,460,650,RGB,JPEG,
20754,data/images/20754.jpg,True,True,460,649,RGB,JPEG,
20755,data/images/20755.jpg,True,True,460,647,RGB,JPEG,
20758,data/images/20758.jpg,True,True,460,720,RGB,JPEG,
20762,data/images/20762.jpg,True,True,460,651,RGB,JPEG,
20763,data/images/20763.jpg,True,True,460,653,RGB,JPEG,
20764,data/images/20764.jpg,True,True,460,655,RGB,JPEG,
20766,data/images/20766.jpg,True,True,460,640,RGB,JPEG,
20768,data/images/20768.jpg,True,True,460,652,RGB,JPEG,
20771,data/images/20771.jpg,True,True,460,683,RGB,JPEG,
20772,data/images/20772.jpg,True,True,460,678,RGB,JPEG,
20773,data/images/20773.jpg,True,True,460,633,RGB,JPEG,
20774,data/images/20774.jpg,True,True,460,648,RGB,JPEG,
20778,data/images/20778.jpg,True,True,460,656,RGB,JPEG,
20780,data/images/20780.jpg,True,True,460,651,RGB,JPEG,
20785,data/images/20785.jpg,True,True,460,634,RGB,JPEG,
20788,data/images/20788.jpg,True,True,225,310,RGB,JPEG,
20792,data/images/20792.jpg,True,True,460,651,RGB,JPEG,
20793,data/images/20793.jpg,True,True,460,651,RGB,JPEG,
20796,data/images/20796.jpg,True,True,460,650,RGB,JPEG,
20799,data/images/20799.jpg,True,True,460,662,RGB,JPEG,
20801,data/images/20801.jpg,True,True,460,652,RGB,JPEG,
20802,data/images/20802.jpg,True,True,460,650,RGB,JPEG,
20805,data/images/20805.jpg,True,True,460,690,RGB,JPEG,
20807,data/images/20807.jpg,True,True,460,651,RGB,JPEG,
20811,data/images/20811.jpg,True,True,460,620,RGB,JPEG,
20814,data/images/20814.jpg,True,True,460,646,RGB,JPEG,
20815,data/images/20815.jpg,True,True,460,669,RGB,JPEG,
20819,data/images/20819.jpg,True,True,460,651,RGB,JPEG,
20820,data/images/20820.jpg,True,True,225,325,RGB,JPEG,
20822,data/images/20822.jpg,True,True,225,341,RGB,JPEG,
20823,data/images/20823.jpg,True,True,225,300,RGB,JPEG,
20824,data/images/20824.jpg,True,True,225,318,RGB,JPEG,
20827,data/images/20827.jpg,True,True,460,674,RGB,JPEG,
20829,data/images/20829.jpg,True,True,460,655,RGB,JPEG,
20832,data/images/20832.jpg,True,True,460,645,RGB,JPEG,
20833,data/images/20833.jpg,True,True,225,318,RGB,JPEG,
20839,data/images/20839.jpg,True,True,460,641,RGB,JPEG,
20840,data/images/20840.jpg,True,True,460,656,RGB,JPEG,
20843,data/images/20843.jpg,True,True,460,690,RGB,JPEG,
20844,data/images/20844.jpg,True,True,460,643,RGB,JPEG,
20845,data/images/20845.jpg,True,True,460,645,RGB,JPEG,
20848,data/images/20848.jpg,True,True,225,315,RGB,JPEG,
20849,data/images/20849.jpg,True,True,460,647,RGB,JPEG,
20850,data/images/20850.jpg,True,True,460,650,RGB,JPEG,
20853,data/images/20853.jpg,True,True,460,634,RGB,JPEG,
20854,data/images/20854.jpg,True,True,460,656,RGB,JPEG,
20862,data/images/20862.jpg,True,True,460,640,RGB,JPEG,
20868,data/images/20868.jpg,True,True,460,644,RGB,JPEG,
20872,data/images/20872.jpg,True,True,460,670,RGB,JPEG,
20873,data/images/20873.jpg,True,True,225,329,RGB,JPEG,
20876,data/images/20876.jpg,True,True,460,647,RGB,JPEG,
20877,data/images/20877.jpg,True,True,460,655,RGB,JPEG,
20879,data/images/20879.jpg,True,True,460,640,RGB,JPEG,
20881,data/images/20881.jpg,True,True,460,646,RGB,JPEG,
20901,data/images/20901.jpg,True,True,225,337,RGB,JPEG,
20902,data/images/20902.jpg,True,True,225,320,RGB,JPEG,
20904,data/images/20904.jpg,True,True,460,690,RGB,JPEG,
20906,data/images/20906.jpg,True,True,460,657,RGB,JPEG,
20908,data/images/20908.jpg,True,True,230,345,RGB,JPEG,
20910,data/images/20910.jpg,True,True,460,626,RGB,JPEG,
20912,data/images/20912.jpg,True,True,460,690,RGB,JPEG,
20913,data/images/20913.jpg,True,True,460,650,RGB,JPEG,
20916,data/images/20916.jpg,True,True,460,647,RGB,JPEG,
20917,data/images/20917.jpg,True,True,460,690,RGB,JPEG,
20920,data/images/20920.jpg,True,True,460,656,RGB,JPEG,
20922,data/images/20922.jpg,True,True,460,690,RGB,JPEG,
20923,data/images/20923.jpg,True,True,460,649,RGB,JPEG,
20928,data/images/20928.jpg,True,True,460,620,RGB,JPEG,
20929,data/images/20929.jpg,True,True,225,318,RGB,JPEG,
20930,data/images/20930.jpg,True,True,460,651,RGB,JPEG,
20931,data/images/20931.jpg,True,True,460,651,RGB,JPEG,
20932,data/images/20932.jpg,True,True,460,651,RGB,JPEG,
20935,data/images/20935.jpg,True,True,460,647,RGB,JPEG,
20937,data/images/20937.jpg,True,True,460,648,RGB,JPEG,
20938,data/images/20938.jpg,True,True,225,293,RGB,JPEG,
20944,data/images/20944.jpg,True,True,460,627,RGB,JPEG,
20946,data/images/20946.jpg,True,True,460,652,RGB,JPEG,
20949,data/images/20949.jpg,True,True,460,690,RGB,JPEG,
20951,data/images/20951.jpg,True,True,460,649,RGB,JPEG,
20953,data/images/20953.jpg,True,True,460,649,RGB,JPEG,
20955,data/images/20955.jpg,True,True,460,644,RGB,JPEG,
20961,data/images/20961.jpg,True,True,225,112,RGB,JPEG,
20962,data/images/20962.jpg,True,True,225,343,RGB,JPEG,
20963,data/images/20963.jpg,True,True,460,613,RGB,JPEG,
20964,data/images/20964.jpg,True,True,230,345,RGB,JPEG,
20965,data/images/20965.jpg,True,True,460,690,RGB,JPEG,
20966,data/images/20966.jpg,True,True,460,652,RGB,JPEG,
20968,data/images/20968.jpg,True,True,460,651,RGB,JPEG,
20970,data/images/20970.jpg,True,True,225,318,RGB,JPEG,
20974,data/images/20974.jpg,True,True,225,317,RGB,JPEG,
20979,data/images/20979.jpg,True,True,460,645,RGB,JPEG,
20981,data/images/20981.jpg,True,True,460,656,RGB,JPEG,
20983,data/images/20983.jpg,True,True,460,650,RGB,JPEG,
20984,data/images/20984.jpg,True,True,460,690,RGB,JPEG,
20985,data/images/20985.jpg,True,True,460,690,RGB,JPEG,
20987,data/images/20987.jpg,True,True,460,637,RGB,JPEG,
20988,data/images/20988.jpg,True,True,460,661,RGB,JPEG,
20989,data/images/20989.jpg,True,True,460,690,RGB,JPEG,
20990,data/images/20990.jpg,True,True,225,315,RGB,JPEG,
20991,data/images/20991.jpg,True,True,460,651,RGB,JPEG,
20992,data/images/20992.jpg,True,True,460,690,RGB,JPEG,
20993,data/images/20993.jpg,True,True,460,654,RGB,JPEG,
20994,data/images/20994.jpg,True,True,460,651,RGB,JPEG,
20995,data/images/20995.jpg,True,True,460,638,RGB,JPEG,
20996,data/images/20996.jpg,True,True,460,653,RGB,JPEG,
20997,data/images/20997.jpg,True,True,460,655,RGB,JPEG,
20998,data/images/20998.jpg,True,True,460,650,RGB,JPEG,
20999,data/images/20999.jpg,True,True,225,327,RGB,JPEG,
21000,data/images/21000.jpg,True,True,460,690,RGB,JPEG,
21001,data/images/21001.jpg,True,True,460,647,RGB,JPEG,
21004,data/images/21004.jpg,True,True,230,321,RGB,JPEG,
21005,data/images/21005.jpg,True,True,460,623,RGB,JPEG,
21006,data/images/21006.jpg,True,True,460,647,RGB,JPEG,
21007,data/images/21007.jpg,True,True,225,335,RGB,JPEG,
21008,data/images/21008.jpg,True,True,460,651,RGB,JPEG,
21009,data/images/21009.jpg,True,True,460,619,RGB,JPEG,
21010,data/images/21010.jpg,True,True,225,304,RGB,JPEG,
21011,data/images/21011.jpg,True,True,225,318,RGB,JPEG,
21018,data/images/21018.jpg,True,True,460,690,RGB,JPEG,
21020,data/images/21020.jpg,True,True,460,654,RGB,JPEG,
21024,data/images/21024.jpg,True,True,460,690,RGB,JPEG,
21027,data/images/21027.jpg,True,True,225,317,RGB,JPEG,
21028,data/images/21028.jpg,True,True,225,318,RGB,JPEG,
21029,data/images/21029.jpg,True,True,400,520,RGB,JPEG,
21030,data/images/21030.jpg,True,True,460,644,RGB,JPEG,
21032,data/images/21032.jpg,True,True,225,315,RGB,JPEG,
21033,data/images/21033.jpg,True,True,460,637,RGB,JPEG,
21034,data/images/21034.jpg,True,True,460,688,RGB,JPEG,
21035,data/images/21035.jpg,True,True,225,352,RGB,JPEG,
21037,data/images/21037.jpg,True,True,230,297,RGB,JPEG,
21038,data/images/21038.jpg,True,True,460,665,RGB,JPEG,
21039,data/images/21039.jpg,True,True,225,322,RGB,JPEG,
21040,data/images/21040.jpg,True,True,460,690,RGB,JPEG,
21044,data/images/21044.jpg,True,True,460,627,RGB,JPEG,
21045,data/images/21045.jpg,True,True,460,654,RGB,JPEG,
21046,data/images/21046.jpg,True,True,460,650,RGB,JPEG,
21048,data/images/21048.jpg,True,True,460,650,RGB,JPEG,
21052,data/images/21052.jpg,True,True,225,281,RGB,JPEG,
21053,data/images/21053.jpg,True,True,225,319,RGB,JPEG,
21054,data/images/21054.jpg,True,True,460,658,RGB,JPEG,
21055,data/images/21055.jpg,True,True,460,668,RGB,JPEG,
21056,data/images/21056.jpg,True,True,460,690,RGB,JPEG,
21057,data/images/21057.jpg,True,True,460,690,RGB,JPEG,
21058,data/images/21058.jpg,True,True,460,643,RGB,JPEG,
21059,data/images/21059.jpg,True,True,225,312,RGB,JPEG,
21064,data/images/21064.jpg,True,True,225,337,RGB,JPEG,
21065,data/images/21065.jpg,True,True,225,299,RGB,JPEG,
21066,data/images/21066.jpg,True,True,460,656,RGB,JPEG,
21068,data/images/21068.jpg,True,True,460,645,RGB,JPEG,
21069,data/images/21069.jpg,True,True,225,321,RGB,JPEG,
21070,data/images/21070.jpg,True,True,225,318,RGB,JPEG,
21071,data/images/21071.jpg,True,True,225,318,RGB,JPEG,
21072,data/images/21072.jpg,True,True,225,318,RGB,JPEG,
21075,data/images/21075.jpg,True,True,225,317,RGB,JPEG,
21076,data/images/21076.jpg,True,True,230,329,RGB,JPEG,
21077,data/images/21077.jpg,True,True,460,690,RGB,JPEG,
21078,data/images/21078.jpg,True,True,460,648,RGB,JPEG,
21079,data/images/21079.jpg,True,True,460,632,RGB,JPEG,
21082,data/images/21082.jpg,True,True,230,326,RGB,JPEG,
21085,data/images/21085.jpg,True,True,460,656,RGB,JPEG,
21086,data/images/21086.jpg,True,True,225,320,RGB,JPEG,
21087,data/images/21087.jpg,True,True,460,649,RGB,JPEG,
21088,data/images/21088.jpg,True,True,460,619,RGB,JPEG,
21091,data/images/21091.jpg,True,True,460,652,RGB,JPEG,
21092,data/images/21092.jpg,True,True,460,690,RGB,JPEG,
21093,data/images/21093.jpg,True,True,460,652,RGB,JPEG,
21094,data/images/21094.jpg,True,True,460,654,RGB,JPEG,
21095,data/images/21095.jpg,True,True,460,617,RGB,JPEG,
21097,data/images/21097.jpg,True,True,225,318,RGB,JPEG,
21098,data/images/21098.jpg,True,True,225,317,RGB,JPEG,
21103,data/images/21103.jpg,True,True,225,304,RGB,JPEG,
21104,data/images/21104.jpg,True,True,460,643,RGB,JPEG,
21105,data/images/21105.jpg,True,True,230,329,RGB,JPEG,
21106,data/images/21106.jpg,True,True,460,661,RGB,JPEG,
21107,data/images/21107.jpg,True,True,460,690,RGB,JPEG,
21108,data/images/21108.jpg,True,True,460,645,RGB,JPEG,
21110,data/images/21110.jpg,True,True,460,594,RGB,JPEG,
21112,data/images/21112.jpg,True,True,460,618,RGB,JPEG,
21113,data/images/21113.jpg,True,True,460,652,RGB,JPEG,
21114,data/images/21114.jpg,True,True,460,650,RGB,JPEG,
21115,data/images/21115.jpg,True,True,460,654,RGB,JPEG,
21116,data/images/21116.jpg,True,True,460,691,RGB,JPEG,
21118,data/images/21118.jpg,True,True,225,320,RGB,JPEG,
21119,data/images/21119.jpg,True,True,225,152,RGB,JPEG,
21120,data/images/21120.jpg,True,True,460,650,RGB,JPEG,
21122,data/images/21122.jpg,True,True,225,321,RGB,JPEG,
21128,data/images/21128.jpg,True,True,460,651,RGB,JPEG,
21129,data/images/21129.jpg,True,True,225,318,RGB,JPEG,
21131,data/images/21131.jpg,True,True,460,652,RGB,JPEG,
21132,data/images/21132.jpg,True,True,460,622,RGB,JPEG,
21134,data/images/21134.jpg,True,True,460,649,RGB,JPEG,
21135,data/images/21135.jpg,True,True,460,690,RGB,JPEG,
21136,data/images/21136.jpg,True,True,225,316,RGB,JPEG,
21137,data/images/21137.jpg,True,True,460,650,RGB,JPEG,
21138,data/images/21138.jpg,True,True,460,653,RGB,JPEG,
21139,data/images/21139.jpg,True,True,225,322,RGB,JPEG,
21140,data/images/21140.jpg,True,True,460,644,RGB,JPEG,
21143,data/images/21143.jpg,True,True,225,337,RGB,JPEG,
21144,data/images/21144.jpg,True,True,460,658,RGB,JPEG,
21145,data/images/21145.jpg,True,True,400,572,RGB,JPEG,
21146,data/images/21146.jpg,True,True,400,553,RGB,JPEG,
21147,data/images/21147.jpg,True,True,225,322,RGB,JPEG,
21148,data/images/21148.jpg,True,True,230,329,RGB,JPEG,
21149,data/images/21149.jpg,True,True,230,329,RGB,JPEG,
21150,data/images/21150.jpg,True,True,400,572,RGB,JPEG,
21151,data/images/21151.jpg,True,True,460,658,RGB,JPEG,
21153,data/images/21153.jpg,True,True,225,316,RGB,JPEG,
21154,data/images/21154.jpg,True,True,460,650,RGB,JPEG,
21156,data/images/21156.jpg,True,True,460,634,RGB,JPEG,
21157,data/images/21157.jpg,True,True,460,651,RGB,JPEG,
21158,data/images/21158.jpg,True,True,460,690,RGB,JPEG,
21160,data/images/21160.jpg,True,True,225,351,RGB,JPEG,
21161,data/images/21161.jpg,True,True,230,320,RGB,JPEG,
21162,data/images/21162.jpg,True,True,225,321,RGB,JPEG,
21164,data/images/21164.jpg,True,True,230,328,RGB,JPEG,
21166,data/images/21166.jpg,True,True,460,651,RGB,JPEG,
21167,data/images/21167.jpg,True,True,460,656,RGB,JPEG,
21168,data/images/21168.jpg,True,True,225,319,RGB,JPEG,
21169,data/images/21169.jpg,True,True,230,340,RGB,JPEG,
21175,data/images/21175.jpg,True,True,460,658,RGB,JPEG,
21176,data/images/21176.jpg,True,True,230,321,RGB,JPEG,
21179,data/images/21179.jpg,True,True,225,316,RGB,JPEG,
21181,data/images/21181.jpg,True,True,225,323,RGB,JPEG,
21182,data/images/21182.jpg,True,True,225,337,RGB,JPEG,
21183,data/images/21183.jpg,True,True,225,321,RGB,JPEG,
21185,data/images/21185.jpg,True,True,225,318,RGB,JPEG,
21186,data/images/21186.jpg,True,True,225,320,RGB,JPEG,
21187,data/images/21187.jpg,True,True,460,651,RGB,JPEG,
21189,data/images/21189.jpg,True,True,460,648,RGB,JPEG,
21190,data/images/21190.jpg,True,True,460,690,RGB,JPEG,
21192,data/images/21192.jpg,True,True,460,651,RGB,JPEG,
21194,data/images/21194.jpg,True,True,225,317,RGB,JPEG,
21200,data/images/21200.jpg,True,True,225,318,RGB,JPEG,
21203,data/images/21203.jpg,True,True,225,299,RGB,JPEG,
21204,data/images/21204.jpg,True,True,460,659,RGB,JPEG,
21205,data/images/21205.jpg,True,True,460,652,RGB,JPEG,
21207,data/images/21207.jpg,True,True,460,653,RGB,JPEG,
21208,data/images/21208.jpg,True,True,225,318,RGB,JPEG,
21209,data/images/21209.jpg,True,True,225,303,RGB,JPEG,
21210,data/images/21210.jpg,True,True,460,537,RGB,JPEG,
21212,data/images/21212.jpg,True,True,225,317,RGB,JPEG,
21214,data/images/21214.jpg,True,True,460,637,RGB,JPEG,
21218,data/images/21218.jpg,True,True,460,620,RGB,JPEG,
21220,data/images/21220.jpg,True,True,460,651,RGB,JPEG,
21222,data/images/21222.jpg,True,True,400,481,RGB,JPEG,
21223,data/images/21223.jpg,True,True,225,344,RGB,JPEG,
21224,data/images/21224.jpg,True,True,460,646,RGB,JPEG,
21225,data/images/21225.jpg,True,True,230,329,RGB,JPEG,
21228,data/images/21228.jpg,True,True,230,335,RGB,JPEG,
21229,data/images/21229.jpg,True,True,225,311,RGB,JPEG,
21230,data/images/21230.jpg,True,True,460,640,RGB,JPEG,
21231,data/images/21231.jpg,True,True,225,318,RGB,JPEG,
21232,data/images/21232.jpg,True,True,225,318,RGB,JPEG,
21235,data/images/21235.jpg,True,True,230,324,RGB,JPEG,
21237,data/images/21237.jpg,True,True,230,329,RGB,JPEG,
21240,data/images/21240.jpg,True,True,400,581,RGB,JPEG,
21243,data/images/21243.jpg,True,True,225,318,RGB,JPEG,
21244,data/images/21244.jpg,True,True,460,648,RGB,JPEG,
21246,data/images/21246.jpg,True,True,460,658,RGB,JPEG,
21247,data/images/21247.jpg,True,True,225,337,RGB,JPEG,
21249,data/images/21249.jpg,True,True,460,648,RGB,JPEG,
21251,data/images/21251.jpg,True,True,225,312,RGB,JPEG,
21252,data/images/21252.jpg,True,True,230,345,RGB,JPEG,
21253,data/images/21253.jpg,True,True,225,310,RGB,JPEG,
21254,data/images/21254.jpg,True,True,225,342,RGB,JPEG,
21255,data/images/21255.jpg,True,True,460,617,RGB,JPEG,
21257,data/images/21257.jpg,True,True,460,644,RGB,JPEG,
21261,data/images/21261.jpg,True,True,460,647,RGB,JPEG,
21262,data/images/21262.jpg,True,True,460,648,RGB,JPEG,
21266,data/images/21266.jpg,True,True,460,656,RGB,JPEG,
21267,data/images/21267.jpg,True,True,225,318,RGB,JPEG,
21268,data/images/21268.jpg,True,True,460,650,RGB,JPEG,
21270,data/images/21270.jpg,True,True,460,690,RGB,JPEG,
21275,data/images/21275.jpg,True,True,460,690,RGB,JPEG,
21276,data/images/21276.jpg,True,True,225,318,RGB,JPEG,
21277,data/images/21277.jpg,True,True,230,331,RGB,JPEG,
21278,data/images/21278.jpg,True,True,225,322,RGB,JPEG,
21279,data/images/21279.jpg,True,True,225,306,RGB,JPEG,
21281,data/images/21281.jpg,True,True,230,345,RGB,JPEG,
21282,data/images/21282.jpg,True,True,230,330,RGB,JPEG,
21283,data/images/21283.jpg,True,True,460,642,RGB,JPEG,
21285,data/images/21285.jpg,True,True,225,316,RGB,JPEG,
21286,data/images/21286.jpg,True,True,460,632,RGB,JPEG,
21287,data/images/21287.jpg,True,True,460,690,RGB,JPEG,
21288,data/images/21288.jpg,True,True,225,315,RGB,JPEG,
21299,data/images/21299.jpg,True,True,225,326,RGB,JPEG,
21301,data/images/21301.jpg,True,True,225,320,RGB,JPEG,
21304,data/images/21304.jpg,True,True,400,565,RGB,JPEG,
21305,data/images/21305.jpg,True,True,225,126,RGB,JPEG,
21307,data/images/21307.jpg,True,True,460,633,RGB,JPEG,
21312,data/images/21312.jpg,True,True,460,625,RGB,JPEG,
21317,data/images/21317.jpg,True,True,225,302,RGB,JPEG,
21318,data/images/21318.jpg,True,True,225,314,RGB,JPEG,
21320,data/images/21320.jpg,True,True,460,690,RGB,JPEG,
21323,data/images/21323.jpg,True,True,460,651,RGB,JPEG,
21324,data/images/21324.jpg,True,True,460,690,RGB,JPEG,
21325,data/images/21325.jpg,True,True,225,350,RGB,JPEG,
21326,data/images/21326.jpg,True,True,460,626,RGB,JPEG,
21327,data/images/21327.jpg,True,True,230,326,RGB,JPEG,
21328,data/images/21328.jpg,True,True,225,319,RGB,JPEG,
21331,data/images/21331.jpg,True,True,225,316,RGB,JPEG,
21332,data/images/21332.jpg,True,True,460,649,RGB,JPEG,
21333,data/images/21333.jpg,True,True,225,322,RGB,JPEG,
21336,data/images/21336.jpg,True,True,225,321,RGB,JPEG,
21337,data/images/21337.jpg,True,True,225,316,RGB,JPEG,
21338,data/images/21338.jpg,True,True,225,337,RGB,JPEG,
21342,data/images/21342.jpg,True,True,225,310,RGB,JPEG,
21343,data/images/21343.jpg,True,True,225,318,RGB,JPEG,
21344,data/images/21344.jpg,True,True,225,126,RGB,JPEG,
21345,data/images/21345.jpg,True,True,460,690,RGB,JPEG,
21347,data/images/21347.jpg,True,True,225,337,RGB,JPEG,
21348,data/images/21348.jpg,True,True,460,640,RGB,JPEG,
21352,data/images/21352.jpg,True,True,225,127,RGB,JPEG,
21353,data/images/21353.jpg,True,True,225,183,RGB,JPEG,
21354,data/images/21354.jpg,True,True,225,317,RGB,JPEG,
21356,data/images/21356.jpg,True,True,460,611,RGB,JPEG,
21367,data/images/21367.jpg,True,True,460,311,RGB,JPEG,
21369,data/images/21369.jpg,True,True,225,314,RGB,JPEG,
21370,data/images/21370.jpg,True,True,225,315,RGB,JPEG,
21371,data/images/21371.jpg,True,True,400,572,RGB,JPEG,
21372,data/images/21372.jpg,True,True,460,653,RGB,JPEG,
21373,data/images/21373.jpg,True,True,225,315,RGB,JPEG,
21374,data/images/21374.jpg,True,True,225,321,RGB,JPEG,
21375,data/images/21375.jpg,True,True,225,302,RGB,JPEG,
21376,data/images/21376.jpg,True,True,460,617,RGB,JPEG,
21381,data/images/21381.jpg,True,True,225,330,RGB,JPEG,
21383,data/images/21383.jpg,True,True,225,321,RGB,JPEG,
21384,data/images/21384.jpg,True,True,460,690,RGB,JPEG,
21386,data/images/21386.jpg,True,True,460,643,RGB,JPEG,
21387,data/images/21387.jpg,True,True,225,310,RGB,JPEG,
21389,data/images/21389.jpg,True,True,460,651,RGB,JPEG,
21391,data/images/21391.jpg,True,True,225,353,RGB,JPEG,
21392,data/images/21392.jpg,True,True,460,665,RGB,JPEG,
21401,data/images/21401.jpg,True,True,460,644,RGB,JPEG,
21405,data/images/21405.jpg,True,True,225,300,RGB,JPEG,
21408,data/images/21408.jpg,True,True,225,319,RGB,JPEG,
21414,data/images/21414.jpg,True,True,460,655,RGB,JPEG,
21415,data/images/21415.jpg,True,True,225,305,RGB,JPEG,
21419,data/images/21419.jpg,True,True,225,318,RGB,JPEG,
21420,data/images/21420.jpg,True,True,225,315,RGB,JPEG,
21433,data/images/21433.jpg,True,True,225,333,RGB,JPEG,
21436,data/images/21436.jpg,True,True,460,595,RGB,JPEG,
21437,data/images/21437.jpg,True,True,225,316,RGB,JPEG,
21438,data/images/21438.jpg,True,True,225,318,RGB,JPEG,
21442,data/images/21442.jpg,True,True,225,317,RGB,JPEG,
21443,data/images/21443.jpg,True,True,460,661,RGB,JPEG,
21446,data/images/21446.jpg,True,True,225,320,RGB,JPEG,
21447,data/images/21447.jpg,True,True,225,320,RGB,JPEG,
21448,data/images/21448.jpg,True,True,225,327,RGB,JPEG,
21453,data/images/21453.jpg,True,True,225,318,RGB,JPEG,
21463,data/images/21463.jpg,True,True,225,313,RGB,JPEG,
21465,data/images/21465.jpg,True,True,460,622,RGB,JPEG,
21466,data/images/21466.jpg,True,True,225,314,RGB,JPEG,
21475,data/images/21475.jpg,True,True,225,321,RGB,JPEG,
21479,data/images/21479.jpg,True,True,225,320,RGB,JPEG,
21483,data/images/21483.jpg,True,True,225,284,RGB,JPEG,
21485,data/images/21485.jpg,True,True,225,323,RGB,JPEG,
21491,data/images/21491.jpg,True,True,225,280,RGB,JPEG,
21501,data/images/21501.jpg,True,True,225,338,RGB,JPEG,
21508,data/images/21508.jpg,True,True,460,690,RGB,JPEG,
21526,data/images/21526.jpg,True,True,225,321,RGB,JPEG,
21527,data/images/21527.jpg,True,True,225,315,RGB,JPEG,
21541,data/images/21541.jpg,True,True,230,322,RGB,JPEG,
21546,data/images/21546.jpg,True,True,225,319,RGB,JPEG,
21547,data/images/21547.jpg,True,True,225,315,RGB,JPEG,
21573,data/images/21573.jpg,True,True,225,281,RGB,JPEG,
21589,data/images/21589.jpg,True,True,230,127,RGB,JPEG,
21615,data/images/21615.jpg,True,True,225,315,RGB,JPEG,
21616,data/images/21616.jpg,True,True,225,319,RGB,JPEG,
21620,data/images/21620.jpg,True,True,225,321,RGB,JPEG,
21621,data/images/21621.jpg,True,True,225,321,RGB,JPEG,
21624,data/images/21624.jpg,True,True,460,666,RGB,JPEG,
21642,data/images/21642.jpg,True,True,460,690,RGB,JPEG,
21646,data/images/21646.jpg,True,True,460,648,RGB,JPEG,
21657,data/images/21657.jpg,True,True,460,690,RGB,JPEG,
21667,data/images/21667.jpg,True,True,225,321,RGB,JPEG,
21724,data/images/21724.jpg,True,True,460,690,RGB,JPEG,
21807,data/images/21807.jpg,True,True,225,339,RGB,JPEG,
21822,data/images/21822.jpg,True,True,225,307,RGB,JPEG,
21852,data/images/21852.jpg,True,True,460,618,RGB,JPEG,
21877,data/images/21877.jpg,True,True,225,126,RGB,JPEG,
21881,data/images/21881.jpg,True,True,225,244,RGB,JPEG,
97610,data/images/97610.jpg,True,True,230,286,RGB,JPEG,
97735,data/images/97735.jpg,True,True,460,619,RGB,JPEG,
97947,data/images/97947.jpg,True,True,230,358,RGB,JPEG,
97956,data/images/97956.jpg,True,True,230,327,RGB,JPEG,
97959,data/images/97959.jpg,True,True,230,307,RGB,JPEG,
97965,data/images/97965.jpg,True,True,230,336,RGB,JPEG,
97968,data/images/97968.jpg,True,True,230,333,RGB,JPEG,
98091,data/images/98091.jpg,True,True,230,121,RGB,JPEG,
98223,data/images/98223.jpg,True,True,460,642,RGB,JPEG,
98704,data/images/98704.jpg,True,True,400,557,RGB,JPEG,
98744,data/images/98744.jpg,True,True,230,326,RGB,JPEG,
98763,data/images/98763.jpg,True,True,400,508,RGB,JPEG,
98964,data/images/98964.jpg,True,True,230,326,RGB,JPEG,
98972,data/images/98972.jpg,True,True,400,567,RGB,JPEG,
99001,data/images/99001.jpg,True,True,230,160,RGB,JPEG,
99883,data/images/99883.jpg,True,True,230,324,RGB,JPEG,
100291,data/images/100291.jpg,True,True,460,650,RGB,JPEG,
100339,data/images/100339.jpg,True,True,400,567,RGB,JPEG,
100767,data/images/100767.jpg,True,True,400,563,RGB,JPEG,
101080,data/images/101080.jpg,True,True,230,317,RGB,JPEG,
101086,data/images/101086.jpg,True,True,230,257,RGB,JPEG,
101090,data/images/101090.jpg,True,True,400,567,RGB,JPEG,
101248,data/images/101248.jpg,True,True,230,246,RGB,JPEG,
101816,data/images/101816.jpg,True,True,230,325,RGB,JPEG,
102077,data/images/102077.jpg,True,True,230,308,RGB,JPEG,
102098,data/images/102098.jpg,True,True,400,544,RGB,JPEG,
102103,data/images/102103.jpg,True,True,230,292,RGB,JPEG,
102168,data/images/102168.jpg,True,True,400,463,RGB,JPEG,
102233,data/images/102233.jpg,True,True,230,307,RGB,JPEG,
102304,data/images/102304.jpg,True,True,400,600,RGB,JPEG,
102358,data/images/102358.jpg,True,True,400,560,RGB,JPEG,
102379,data/images/102379.jpg,True,True,230,322,RGB,JPEG,
102465,data/images/102465.jpg,True,True,230,323,RGB,JPEG,
102483,data/images/102483.jpg,True,True,230,309,RGB,JPEG,
102499,data/images/102499.jpg,True,True,460,671,RGB,JPEG,
102525,data/images/102525.jpg,True,True,230,325,RGB,JPEG,
102577,data/images/102577.jpg,True,True,400,567,RGB,JPEG,
102628,data/images/102628.jpg,True,True,400,573,RGB,JPEG,
102652,data/images/102652.jpg,True,True,230,345,RGB,JPEG,
102672,data/images/102672.jpg,True,True,230,358,RGB,JPEG,
102801,data/images/102801.jpg,True,True,230,317,RGB,JPEG,
104162,data/images/104162.jpg,True,True,460,613,RGB,JPEG,
104984,data/images/104984.jpg,True,True,230,326,RGB,JPEG,
105616,data/images/105616.jpg,True,True,230,136,RGB,JPEG,
106456,data/images/106456.jpg,True,True,230,121,RGB,JPEG,
106495,data/images/106495.jpg,True,True,460,651,RGB,JPEG,
107199,data/images/107199.jpg,True,True,230,325,RGB,JPEG,
108730,data/images/108730.jpg,True,True,230,287,RGB,JPEG,
108838,data/images/108838.jpg,True,True,230,358,RGB,JPEG,
109003,data/images/109003.jpg,True,True,230,267,RGB,JPEG,
109004,data/images/109004.jpg,True,True,230,291,RGB,JPEG,
109191,data/images/109191.jpg,True,True,230,326,RGB,JPEG,
115189,data/images/115189.jpg,True,True,460,690,RGB,JPEG,
115197,data/images/115197.jpg,True,True,460,690,RGB,JPEG,
117285,data/images/117285.jpg,True,True,460,626,RGB,JPEG,
119795,data/images/119795.jpg,True,True,230,288,RGB,JPEG,
119941,data/images/119941.jpg,True,True,460,652,RGB,JPEG,
120071,data/images/120071.jpg,True,True,230,133,RGB,JPEG,
125268,data/images/125268.jpg,True,True,230,286,RGB,JPEG,
125271,data/images/125271.jpg,True,True,230,288,RGB,JPEG,
126757,data/images/126757.jpg,True,True,230,300,RGB,JPEG,
126877,data/images/126877.jpg,True,True,230,329,RGB,JPEG,
127115,data/images/127115.jpg,True,True,230,298,RGB,JPEG,
131642,data/images/131642.jpg,True,True,460,613,RGB,JPEG,
133289,data/images/133289.jpg,True,True,460,690,RGB,JPEG,
135776,data/images/135776.jpg,True,True,460,653,RGB,JPEG,
143305,data/images/143305.jpg,True,True,230,328,RGB,JPEG,
145902,data/images/145902.jpg,True,True,460,690,RGB,JPEG,
147012,data/images/147012.jpg,True,True,230,125,RGB,JPEG,
147462,data/images/147462.jpg,True,True,230,325,RGB,JPEG,
147815,data/images/147815.jpg,True,True,230,329,RGB,JPEG,
166035,data/images/166035.jpg,True,True,460,690,RGB,JPEG,
174844,data/images/174844.jpg,True,True,230,328,RGB,JPEG,
176875,data/images/176875.jpg,True,True,230,327,RGB,JPEG,
181642,data/images/181642.jpg,True,True,230,304,RGB,JPEG,
187215,data/images/187215.jpg,True,True,460,341,RGB,JPEG,
189721,data/images/189721.jpg,True,True,230,325,RGB,JPEG,
189726,data/images/189726.jpg,True,True,230,129,RGB,JPEG,
200377,data/images/200377.jpg,True,True,230,336,RGB,JPEG,
200648,data/images/200648.jpg,True,True,230,130,RGB,JPEG,
206517,data/images/206517.jpg,True,True,230,330,RGB,JPEG,
9260,data/images/9260.jpg,True,True,460,662,RGB,JPEG,
15227,data/images/15227.jpg,True,True,460,652,RGB,JPEG,
20454,data/images/20454.jpg,True,True,460,639,RGB,JPEG,
20643,data/images/20643.jpg,True,True,460,639,RGB,JPEG,
20680,data/images/20680.jpg,True,True,460,651,RGB,JPEG,
20721,data/images/20721.jpg,True,True,225,320,RGB,JPEG,
20880,data/images/20880.jpg,True,True,460,640,RGB,JPEG,
20950,data/images/20950.jpg,True,True,225,318,RGB,JPEG,
20954,data/images/20954.jpg,True,True,460,651,RGB,JPEG,
20972,data/images/20972.jpg,True,True,460,638,RGB,JPEG,
21002,data/images/21002.jpg,True,True,460,690,RGB,JPEG,
21025,data/images/21025.jpg,True,True,460,658,RGB,JPEG,
21031,data/images/21031.jpg,True,True,460,650,RGB,JPEG,
21042,data/images/21042.jpg,True,True,460,655,RGB,JPEG,
21043,data/images/21043.jpg,True,True,460,690,RGB,JPEG,
21049,data/images/21049.jpg,True,True,460,690,RGB,JPEG,
21050,data/images/21050.jpg,True,True,460,618,RGB,JPEG,
21051,data/images/21051.jpg,True,True,460,652,RGB,JPEG,
21096,data/images/21096.jpg,True,True,460,618,RGB,JPEG,
21123,data/images/21123.jpg,True,True,460,667,RGB,JPEG,
21170,data/images/21170.jpg,True,True,460,690,RGB,JPEG,
21171,data/images/21171.jpg,True,True,460,651,RGB,JPEG,
21177,data/images/21177.jpg,True,True,460,630,RGB,JPEG,
21178,data/images/21178.jpg,True,True,460,690,RGB,JPEG,
21188,data/images/21188.jpg,True,True,460,676,RGB,JPEG,
21196,data/images/21196.jpg,True,True,460,651,RGB,JPEG,
21197,data/images/21197.jpg,True,True,460,660,RGB,JPEG,
21201,data/images/21201.jpg,True,True,460,664,RGB,JPEG,
21202,data/images/21202.jpg,True,True,460,650,RGB,JPEG,
21213,data/images/21213.jpg,True,True,460,637,RGB,JPEG,
21221,data/images/21221.jpg,True,True,460,680,RGB,JPEG,
21234,data/images/21234.jpg,True,True,460,690,RGB,JPEG,
21236,data/images/21236.jpg,True,True,460,690,RGB,JPEG,
21238,data/images/21238.jpg,True,True,460,646,RGB,JPEG,
21239,data/images/21239.jpg,True,True,460,605,RGB,JPEG,
21241,data/images/21241.jpg,True,True,400,573,RGB,JPEG,
21242,data/images/21242.jpg,True,True,460,655,RGB,JPEG,
21248,data/images/21248.jpg,True,True,230,327,RGB,JPEG,
21250,data/images/21250.jpg,True,True,460,651,RGB,JPEG,
21256,data/images/21256.jpg,True,True,460,648,RGB,JPEG,
21258,data/images/21258.jpg,True,True,460,655,RGB,JPEG,
21260,data/images/21260.jpg,True,True,460,640,RGB,JPEG,
21264,data/images/21264.jpg,True,True,460,650,RGB,JPEG,
21265,data/images/21265.jpg,True,True,460,689,RGB,JPEG,
21269,data/images/21269.jpg,True,True,460,650,RGB,JPEG,
21274,data/images/21274.jpg,True,True,460,690,RGB,JPEG,
21284,data/images/21284.jpg,True,True,460,680,RGB,JPEG,
21289,data/images/21289.jpg,True,True,225,318,RGB,JPEG,
21290,data/images/21290.jpg,True,True,460,703,RGB,JPEG,
21291,data/images/21291.jpg,True,True,460,655,RGB,JPEG,
21292,data/images/21292.jpg,True,True,460,668,RGB,JPEG,
21293,data/images/21293.jpg,True,True,230,335,RGB,JPEG,
21295,data/images/21295.jpg,True,True,225,328,RGB,JPEG,
21296,data/images/21296.jpg,True,True,460,652,RGB,JPEG,
21297,data/images/21297.jpg,True,True,225,318,RGB,JPEG,
21300,data/images/21300.jpg,True,True,460,638,RGB,JPEG,
21302,data/images/21302.jpg,True,True,225,307,RGB,JPEG,
21306,data/images/21306.jpg,True,True,460,690,RGB,JPEG,
21311,data/images/21311.jpg,True,True,460,642,RGB,JPEG,
21313,data/images/21313.jpg,True,True,460,627,RGB,JPEG,
21314,data/images/21314.jpg,True,True,460,651,RGB,JPEG,
21315,data/images/21315.jpg,True,True,225,318,RGB,JPEG,
21316,data/images/21316.jpg,True,True,460,651,RGB,JPEG,
21319,data/images/21319.jpg,True,True,460,619,RGB,JPEG,
21321,data/images/21321.jpg,True,True,460,652,RGB,JPEG,
21329,data/images/21329.jpg,True,True,460,646,RGB,JPEG,
21330,data/images/21330.jpg,True,True,460,651,RGB,JPEG,
21334,data/images/21334.jpg,True,True,460,621,RGB,JPEG,
21335,data/images/21335.jpg,True,True,460,690,RGB,JPEG,
21339,data/images/21339.jpg,True,True,460,643,RGB,JPEG,
21340,data/images/21340.jpg,True,True,460,624,RGB,JPEG,
21341,data/images/21341.jpg,True,True,460,651,RGB,JPEG,
21349,data/images/21349.jpg,True,True,460,691,RGB,JPEG,
21355,data/images/21355.jpg,True,True,460,632,RGB,JPEG,
21357,data/images/21357.jpg,True,True,460,652,RGB,JPEG,
21359,data/images/21359.jpg,True,True,460,635,RGB,JPEG,
21360,data/images/21360.jpg,True,True,460,640,RGB,JPEG,
21362,data/images/21362.jpg,True,True,460,654,RGB,JPEG,
21363,data/images/21363.jpg,True,True,225,325,RGB,JPEG,
21364,data/images/21364.jpg,True,True,460,652,RGB,JPEG,
21365,data/images/21365.jpg,True,True,460,652,RGB,JPEG,
21366,data/images/21366.jpg,True,True,460,652,RGB,JPEG,
21368,data/images/21368.jpg,True,True,230,251,RGB,JPEG,
21378,data/images/21378.jpg,True,True,460,676,RGB,JPEG,
21379,data/images/21379.jpg,True,True,460,640,RGB,JPEG,
21380,data/images/21380.jpg,True,True,460,651,RGB,JPEG,
21382,data/images/21382.jpg,True,True,460,652,RGB,JPEG,
21385,data/images/21385.jpg,True,True,460,651,RGB,JPEG,
21388,data/images/21388.jpg,True,True,230,321,RGB,JPEG,
21390,data/images/21390.jpg,True,True,460,651,RGB,JPEG,
21394,data/images/21394.jpg,True,True,460,652,RGB,JPEG,
21395,data/images/21395.jpg,True,True,225,318,RGB,JPEG,
21396,data/images/21396.jpg,True,True,225,318,RGB,JPEG,
21397,data/images/21397.jpg,True,True,225,320,RGB,JPEG,
21398,data/images/21398.jpg,True,True,225,318,RGB,JPEG,
21399,data/images/21399.jpg,True,True,460,653,RGB,JPEG,
21404,data/images/21404.jpg,True,True,460,650,RGB,JPEG,
21406,data/images/21406.jpg,True,True,460,646,RGB,JPEG,
21409,data/images/21409.jpg,True,True,460,647,RGB,JPEG,
21410,data/images/21410.jpg,True,True,460,650,RGB,JPEG,
21412,data/images/21412.jpg,True,True,230,328,RGB,JPEG,
21413,data/images/21413.jpg,True,True,225,339,RGB,JPEG,
21416,data/images/21416.jpg,True,True,460,573,RGB,JPEG,
21417,data/images/21417.jpg,True,True,460,652,RGB,JPEG,
21421,data/images/21421.jpg,True,True,460,651,RGB,JPEG,
21422,data/images/21422.jpg,True,True,225,322,RGB,JPEG,
21423,data/images/21423.jpg,True,True,460,649,RGB,JPEG,
21424,data/images/21424.jpg,True,True,460,670,RGB,JPEG,
21426,data/images/21426.jpg,True,True,460,680,RGB,JPEG,
21427,data/images/21427.jpg,True,True,225,317,RGB,JPEG,
21428,data/images/21428.jpg,True,True,460,645,RGB,JPEG,
21429,data/images/21429.jpg,True,True,230,325,RGB,JPEG,
21431,data/images/21431.jpg,True,True,460,591,RGB,JPEG,
21432,data/images/21432.jpg,True,True,230,325,RGB,JPEG,
21435,data/images/21435.jpg,True,True,460,650,RGB,JPEG,
21439,data/images/21439.jpg,True,True,460,647,RGB,JPEG,
21440,data/images/21440.jpg,True,True,225,318,RGB,JPEG,
21441,data/images/21441.jpg,True,True,230,326,RGB,JPEG,
21444,data/images/21444.jpg,True,True,460,591,RGB,JPEG,
21445,data/images/21445.jpg,True,True,460,658,RGB,JPEG,
21449,data/images/21449.jpg,True,True,225,337,RGB,JPEG,
21450,data/images/21450.jpg,True,True,460,651,RGB,JPEG,
21454,data/images/21454.jpg,True,True,460,610,RGB,JPEG,
21455,data/images/21455.jpg,True,True,460,650,RGB,JPEG,
21457,data/images/21457.jpg,True,True,460,690,RGB,JPEG,
21458,data/images/21458.jpg,True,True,460,631,RGB,JPEG,
21459,data/images/21459.jpg,True,True,460,653,RGB,JPEG,
21460,data/images/21460.jpg,True,True,460,638,RGB,JPEG,
21462,data/images/21462.jpg,True,True,460,649,RGB,JPEG,
21469,data/images/21469.jpg,True,True,225,311,RGB,JPEG,
21470,data/images/21470.jpg,True,True,460,634,RGB,JPEG,
21471,data/images/21471.jpg,True,True,460,651,RGB,JPEG,
21472,data/images/21472.jpg,True,True,460,651,RGB,JPEG,
21473,data/images/21473.jpg,True,True,225,319,RGB,JPEG,
21474,data/images/21474.jpg,True,True,460,631,RGB,JPEG,
21476,data/images/21476.jpg,True,True,460,690,RGB,JPEG,
21477,data/images/21477.jpg,True,True,460,663,RGB,JPEG,
21480,data/images/21480.jpg,True,True,225,314,RGB,JPEG,
21482,data/images/21482.jpg,True,True,460,709,RGB,JPEG,
21487,data/images/21487.jpg,True,True,460,649,RGB,JPEG,
21489,data/images/21489.jpg,True,True,460,599,RGB,JPEG,
21490,data/images/21490.jpg,True,True,225,319,RGB,JPEG,
21492,data/images/21492.jpg,True,True,225,300,RGB,JPEG,
21493,data/images/21493.jpg,True,True,225,318,RGB,JPEG,
21495,data/images/21495.jpg,True,True,460,651,RGB,JPEG,
21496,data/images/21496.jpg,True,True,460,652,RGB,JPEG,
21497,data/images/21497.jpg,True,True,460,651,RGB,JPEG,
21499,data/images/21499.jpg,True,True,460,669,RGB,JPEG,
21500,data/images/21500.jpg,True,True,460,660,RGB,JPEG,
21502,data/images/21502.jpg,True,True,225,318,RGB,JPEG,
21504,data/images/21504.jpg,True,True,460,626,RGB,JPEG,
21505,data/images/21505.jpg,True,True,225,319,RGB,JPEG,
21506,data/images/21506.jpg,True,True,460,646,RGB,JPEG,
21507,data/images/21507.jpg,True,True,460,649,RGB,JPEG,
21509,data/images/21509.jpg,True,True,460,690,RGB,JPEG,
21510,data/images/21510.jpg,True,True,225,277,RGB,JPEG,
21511,data/images/21511.jpg,True,True,460,630,RGB,JPEG,
21513,data/images/21513.jpg,True,True,225,317,RGB,JPEG,
21514,data/images/21514.jpg,True,True,460,655,RGB,JPEG,
21515,data/images/21515.jpg,True,True,225,342,RGB,JPEG,
21516,data/images/21516.jpg,True,True,460,651,RGB,JPEG,
21518,data/images/21518.jpg,True,True,460,624,RGB,JPEG,
21519,data/images/21519.jpg,True,True,460,690,RGB,JPEG,
21520,data/images/21520.jpg,True,True,460,638,RGB,JPEG,
21521,data/images/21521.jpg,True,True,225,319,RGB,JPEG,
21528,data/images/21528.jpg,True,True,225,324,RGB,JPEG,
21530,data/images/21530.jpg,True,True,230,362,RGB,JPEG,
21534,data/images/21534.jpg,True,True,460,656,RGB,JPEG,
21540,data/images/21540.jpg,True,True,460,648,RGB,JPEG,
21544,data/images/21544.jpg,True,True,225,337,RGB,JPEG,
21552,data/images/21552.jpg,True,True,230,325,RGB,JPEG,
21553,data/images/21553.jpg,True,True,460,649,RGB,JPEG,
21554,data/images/21554.jpg,True,True,460,690,RGB,JPEG,
21557,data/images/21557.jpg,True,True,460,651,RGB,JPEG,
21558,data/images/21558.jpg,True,True,460,640,RGB,JPEG,
21559,data/images/21559.jpg,True,True,225,318,RGB,JPEG,
21560,data/images/21560.jpg,True,True,460,650,RGB,JPEG,
21564,data/images/21564.jpg,True,True,225,302,RGB,JPEG,
21565,data/images/21565.jpg,True,True,230,311,RGB,JPEG,
21567,data/images/21567.jpg,True,True,460,663,RGB,JPEG,
21570,data/images/21570.jpg,True,True,460,625,RGB,JPEG,
21571,data/images/21571.jpg,True,True,225,225,RGB,JPEG,
21572,data/images/21572.jpg,True,True,225,337,RGB,JPEG,
21574,data/images/21574.jpg,True,True,460,642,RGB,JPEG,
21575,data/images/21575.jpg,True,True,460,712,RGB,JPEG,
21576,data/images/21576.jpg,True,True,225,335,RGB,JPEG,
21577,data/images/21577.jpg,True,True,460,690,RGB,JPEG,
21578,data/images/21578.jpg,True,True,460,626,RGB,JPEG,
21579,data/images/21579.jpg,True,True,225,321,RGB,JPEG,
21580,data/images/21580.jpg,True,True,400,560,RGB,JPEG,
21581,data/images/21581.jpg,True,True,460,644,RGB,JPEG,
21582,data/images/21582.jpg,True,True,225,315,RGB,JPEG,
21583,data/images/21583.jpg,True,True,225,316,RGB,JPEG,
21584,data/images/21584.jpg,True,True,460,651,RGB,JPEG,
21585,data/images/21585.jpg,True,True,460,657,RGB,JPEG,
21586,data/images/21586.jpg,True,True,460,573,RGB,JPEG,
21588,data/images/21588.jpg,True,True,460,663,RGB,JPEG,
21591,data/images/21591.jpg,True,True,225,354,RGB,JPEG,
21592,data/images/21592.jpg,True,True,225,315,RGB,JPEG,
21594,data/images/21594.jpg,True,True,230,326,RGB,JPEG,
21595,data/images/21595.jpg,True,True,460,652,RGB,JPEG,
21596,data/images/21596.jpg,True,True,460,708,RGB,JPEG,
21597,data/images/21597.jpg,True,True,460,690,RGB,JPEG,
21598,data/images/21598.jpg,True,True,225,225,RGB,JPEG,
21599,data/images/21599.jpg,True,True,460,620,RGB,JPEG,
21600,data/images/21600.jpg,True,True,225,360,RGB,JPEG,
21601,data/images/21601.jpg,True,True,225,326,RGB,JPEG,
21602,data/images/21602.jpg,True,True,460,655,RGB,JPEG,
21603,data/images/21603.jpg,True,True,460,649,RGB,JPEG,
21605,data/images/21605.jpg,True,True,460,690,RGB,JPEG,
21606,data/images/21606.jpg,True,True,225,318,RGB,JPEG,
21608,data/images/21608.jpg,True,True,460,650,RGB,JPEG,
21609,data/images/21609.jpg,True,True,460,654,RGB,JPEG,
21610,data/images/21610.jpg,True,True,460,704,RGB,JPEG,
21611,data/images/21611.jpg,True,True,460,670,RGB,JPEG,
21612,data/images/21612.jpg,True,True,460,690,RGB,JPEG,
21614,data/images/21614.jpg,True,True,225,319,RGB,JPEG,
21626,data/images/21626.jpg,True,True,460,640,RGB,JPEG,
21627,data/images/21627.jpg,True,True,460,670,RGB,JPEG,
21629,data/images/21629.jpg,True,True,460,690,RGB,JPEG,
21631,data/images/21631.jpg,True,True,460,651,RGB,JPEG,
21632,data/images/21632.jpg,True,True,225,315,RGB,JPEG,
21633,data/images/21633.jpg,True,True,460,644,RGB,JPEG,
21634,data/images/21634.jpg,True,True,230,313,RGB,JPEG,
21635,data/images/21635.jpg,True,True,460,690,RGB,JPEG,
21636,data/images/21636.jpg,True,True,225,337,RGB,JPEG,
21637,data/images/21637.jpg,True,True,460,639,RGB,JPEG,
21638,data/images/21638.jpg,True,True,460,647,RGB,JPEG,
21639,data/images/21639.jpg,True,True,460,690,RGB,JPEG,
21640,data/images/21640.jpg,True,True,460,649,RGB,JPEG,
21641,data/images/21641.jpg,True,True,460,650,RGB,JPEG,
21643,data/images/21643.jpg,True,True,460,649,RGB,JPEG,
21644,data/images/21644.jpg,True,True,460,650,RGB,JPEG,
21647,data/images/21647.jpg,True,True,460,630,RGB,JPEG,
21648,data/images/21648.jpg,True,True,460,690,RGB,JPEG,
21649,data/images/21649.jpg,True,True,225,317,RGB,JPEG,
21650,data/images/21650.jpg,True,True,225,297,RGB,JPEG,
21651,data/images/21651.jpg,True,True,460,650,RGB,JPEG,
21652,data/images/21652.jpg,True,True,460,649,RGB,JPEG,
21655,data/images/21655.jpg,True,True,225,337,RGB,JPEG,
21656,data/images/21656.jpg,True,True,225,302,RGB,JPEG,
21658,data/images/21658.jpg,True,True,460,650,RGB,JPEG,
21659,data/images/21659.jpg,True,True,460,690,RGB,JPEG,
21660,data/images/21660.jpg,True,True,460,653,RGB,JPEG,
21661,data/images/21661.jpg,True,True,230,374,RGB,JPEG,
21664,data/images/21664.jpg,True,True,460,690,RGB,JPEG,
21666,data/images/21666.jpg,True,True,460,653,RGB,JPEG,
21668,data/images/21668.jpg,True,True,225,315,RGB,JPEG,
21670,data/images/21670.jpg,True,True,225,320,RGB,JPEG,
21674,data/images/21674.jpg,True,True,460,676,RGB,JPEG,
21678,data/images/21678.jpg,True,True,460,642,RGB,JPEG,
21679,data/images/21679.jpg,True,True,460,643,RGB,JPEG,
21680,data/images/21680.jpg,True,True,460,646,RGB,JPEG,
21681,data/images/21681.jpg,True,True,225,317,RGB,JPEG,
21682,data/images/21682.jpg,True,True,230,319,RGB,JPEG,
21686,data/images/21686.jpg,True,True,460,653,RGB,JPEG,
21688,data/images/21688.jpg,True,True,460,650,RGB,JPEG,
21691,data/images/21691.jpg,True,True,460,690,RGB,JPEG,
21693,data/images/21693.jpg,True,True,400,580,RGB,JPEG,
21694,data/images/21694.jpg,True,True,225,317,RGB,JPEG,
21695,data/images/21695.jpg,True,True,460,640,RGB,JPEG,
21697,data/images/21697.jpg,True,True,460,650,RGB,JPEG,
21698,data/images/21698.jpg,True,True,460,650,RGB,JPEG,
21702,data/images/21702.jpg,True,True,460,690,RGB,JPEG,
21703,data/images/21703.jpg,True,True,460,650,RGB,JPEG,
21704,data/images/21704.jpg,True,True,460,650,RGB,JPEG,
21705,data/images/21705.jpg,True,True,225,267,RGB,JPEG,
21706,data/images/21706.jpg,True,True,225,225,RGB,JPEG,
21707,data/images/21707.jpg,True,True,460,688,RGB,JPEG,
21708,data/images/21708.jpg,True,True,460,651,RGB,JPEG,
21709,data/images/21709.jpg,True,True,460,645,RGB,JPEG,
21710,data/images/21710.jpg,True,True,460,650,RGB,JPEG,
21711,data/images/21711.jpg,True,True,460,690,RGB,JPEG,
21713,data/images/21713.jpg,True,True,460,690,RGB,JPEG,
21714,data/images/21714.jpg,True,True,460,659,RGB,JPEG,
21715,data/images/21715.jpg,True,True,460,652,RGB,JPEG,
21716,data/images/21716.jpg,True,True,230,327,RGB,JPEG,
21721,data/images/21721.jpg,True,True,225,257,RGB,JPEG,
21722,data/images/21722.jpg,True,True,225,320,RGB,JPEG,
21725,data/images/21725.jpg,True,True,230,325,RGB,JPEG,
21726,data/images/21726.jpg,True,True,460,607,RGB,JPEG,
21727,data/images/21727.jpg,True,True,460,690,RGB,JPEG,
21728,data/images/21728.jpg,True,True,460,640,RGB,JPEG,
21729,data/images/21729.jpg,True,True,460,650,RGB,JPEG,
21732,data/images/21732.jpg,True,True,400,566,RGB,JPEG,
21734,data/images/21734.jpg,True,True,225,357,RGB,JPEG,
21736,data/images/21736.jpg,True,True,225,321,RGB,JPEG,
21737,data/images/21737.jpg,True,True,225,279,RGB,JPEG,
21739,data/images/21739.jpg,True,True,230,324,RGB,JPEG,
21740,data/images/21740.jpg,True,True,460,652,RGB,JPEG,
21741,data/images/21741.jpg,True,True,460,626,RGB,JPEG,
21743,data/images/21743.jpg,True,True,225,310,RGB,JPEG,
21747,data/images/21747.jpg,True,True,460,647,RGB,JPEG,
21749,data/images/21749.jpg,True,True,460,626,RGB,JPEG,
21750,data/images/21750.jpg,True,True,460,651,RGB,JPEG,
21751,data/images/21751.jpg,True,True,225,318,RGB,JPEG,
21752,data/images/21752.jpg,True,True,460,683,RGB,JPEG,
21753,data/images/21753.jpg,True,True,230,323,RGB,JPEG,
21754,data/images/21754.jpg,True,True,400,566,RGB,JPEG,
21755,data/images/21755.jpg,True,True,460,690,RGB,JPEG,
21757,data/images/21757.jpg,True,True,460,650,RGB,JPEG,
21758,data/images/21758.jpg,True,True,225,306,RGB,JPEG,
21759,data/images/21759.jpg,True,True,225,317,RGB,JPEG,
21760,data/images/21760.jpg,True,True,225,251,RGB,JPEG,
21761,data/images/21761.jpg,True,True,225,290,RGB,JPEG,
21762,data/images/21762.jpg,True,True,225,315,RGB,JPEG,
21763,data/images/21763.jpg,True,True,230,325,RGB,JPEG,
21764,data/images/21764.jpg,True,True,460,632,RGB,JPEG,
21765,data/images/21765.jpg,True,True,460,582,RGB,JPEG,
21766,data/images/21766.jpg,True,True,460,690,RGB,JPEG,
21769,data/images/21769.jpg,True,True,460,623,RGB,JPEG,
21771,data/images/21771.jpg,True,True,460,650,RGB,JPEG,
21772,data/images/21772.jpg,True,True,460,690,RGB,JPEG,
21774,data/images/21774.jpg,True,True,225,318,RGB,JPEG,
21775,data/images/21775.jpg,True,True,230,358,RGB,JPEG,
21777,data/images/21777.jpg,True,True,460,690,RGB,JPEG,
21780,data/images/21780.jpg,True,True,225,337,RGB,JPEG,
21781,data/images/21781.jpg,True,True,225,317,RGB,JPEG,
21782,data/images/21782.jpg,True,True,225,313,RGB,JPEG,
21783,data/images/21783.jpg,True,True,225,321,RGB,JPEG,
21784,data/images/21784.jpg,True,True,460,658,RGB,JPEG,
21785,data/images/21785.jpg,True,True,400,572,RGB,JPEG,
21786,data/images/21786.jpg,True,True,225,278,RGB,JPEG,
21789,data/images/21789.jpg,True,True,460,667,RGB,JPEG,
21790,data/images/21790.jpg,True,True,225,324,RGB,JPEG,
21792,data/images/21792.jpg,True,True,225,356,RGB,JPEG,
21793,data/images/21793.jpg,True,True,460,651,RGB,JPEG,
21794,data/images/21794.jpg,True,True,225,315,RGB,JPEG,
21795,data/images/21795.jpg,True,True,460,640,RGB,JPEG,
21796,data/images/21796.jpg,True,True,230,320,RGB,JPEG,
21797,data/images/21797.jpg,True,True,230,290,RGB,JPEG,
21799,data/images/21799.jpg,True,True,460,653,RGB,JPEG,
21800,data/images/21800.jpg,True,True,225,318,RGB,JPEG,
21802,data/images/21802.jpg,True,True,230,326,RGB,JPEG,
21803,data/images/21803.jpg,True,True,230,325,RGB,JPEG,
21804,data/images/21804.jpg,True,True,460,650,RGB,JPEG,
21805,data/images/21805.jpg,True,True,230,326,RGB,JPEG,
21806,data/images/21806.jpg,True,True,460,651,RGB,JPEG,
21808,data/images/21808.jpg,True,True,225,339,RGB,JPEG,
21810,data/images/21810.jpg,True,True,225,225,RGB,JPEG,
21811,data/images/21811.jpg,True,True,225,122,RGB,JPEG,
21812,data/images/21812.jpg,True,True,225,250,RGB,JPEG,
21814,data/images/21814.jpg,True,True,460,690,RGB,JPEG,
21815,data/images/21815.jpg,True,True,460,636,RGB,JPEG,
21817,data/images/21817.jpg,True,True,230,333,RGB,JPEG,
21819,data/images/21819.jpg,True,True,225,315,RGB,JPEG,
21820,data/images/21820.jpg,True,True,460,690,RGB,JPEG,
21821,data/images/21821.jpg,True,True,460,666,RGB,JPEG,
21824,data/images/21824.jpg,True,True,460,690,RGB,JPEG,
21825,data/images/21825.jpg,True,True,460,652,RGB,JPEG,
21828,data/images/21828.jpg,True,True,460,667,RGB,JPEG,
21829,data/images/21829.jpg,True,True,230,324,RGB,JPEG,
21831,data/images/21831.jpg,True,True,460,665,RGB,JPEG,
21832,data/images/21832.jpg,True,True,460,653,RGB,JPEG,
21835,data/images/21835.jpg,True,True,225,313,RGB,JPEG,
21837,data/images/21837.jpg,True,True,460,655,RGB,JPEG,
21838,data/images/21838.jpg,True,True,460,650,RGB,JPEG,
21839,data/images/21839.jpg,True,True,460,654,RGB,JPEG,
21847,data/images/21847.jpg,True,True,225,318,RGB,JPEG,
21848,data/images/21848.jpg,True,True,460,651,RGB,JPEG,
21849,data/images/21849.jpg,True,True,225,319,RGB,JPEG,
21850,data/images/21850.jpg,True,True,460,666,RGB,JPEG,
21853,data/images/21853.jpg,True,True,230,329,RGB,JPEG,
21854,data/images/21854.jpg,True,True,230,326,RGB,JPEG,
21859,data/images/21859.jpg,True,True,225,319,RGB,JPEG,
21862,data/images/21862.jpg,True,True,460,651,RGB,JPEG,
21864,data/images/21864.jpg,True,True,460,652,RGB,JPEG,
21866,data/images/21866.jpg,True,True,460,628,RGB,JPEG,
21867,data/images/21867.jpg,True,True,225,322,RGB,JPEG,
21868,data/images/21868.jpg,True,True,225,319,RGB,JPEG,
21869,data/images/21869.jpg,True,True,400,573,RGB,JPEG,
21870,data/images/21870.jpg,True,True,225,321,RGB,JPEG,
21871,data/images/21871.jpg,True,True,460,640,RGB,JPEG,
21872,data/images/21872.jpg,True,True,460,642,RGB,JPEG,
21873,data/images/21873.jpg,True,True,230,305,RGB,JPEG,
21876,data/images/21876.jpg,True,True,230,326,RGB,JPEG,
21880,data/images/21880.jpg,True,True,400,633,RGB,JPEG,
21886,data/images/21886.jpg,True,True,460,686,RGB,JPEG,
21888,data/images/21888.jpg,True,True,230,322,RGB,JPEG,
21889,data/images/21889.jpg,True,True,225,315,RGB,JPEG,
21890,data/images/21890.jpg,True,True,230,330,RGB,JPEG,
21891,data/images/21891.jpg,True,True,230,276,RGB,JPEG,
21892,data/images/21892.jpg,True,True,225,319,RGB,JPEG,
21893,data/images/21893.jpg,True,True,460,690,RGB,JPEG,
21895,data/images/21895.jpg,True,True,460,690,RGB,JPEG,
21896,data/images/21896.jpg,True,True,225,316,RGB,JPEG,
21897,data/images/21897.jpg,True,True,230,327,RGB,JPEG,
87437,data/images/87437.jpg,True,True,230,325,RGB,JPEG,
87438,data/images/87438.jpg,True,True,460,652,RGB,JPEG,
87456,data/images/87456.jpg,True,True,400,560,RGB,JPEG,
87457,data/images/87457.jpg,True,True,400,566,RGB,JPEG,
87476,data/images/87476.jpg,True,True,460,690,RGB,JPEG,
87477,data/images/87477.jpg,True,True,230,170,RGB,JPEG,
87478,data/images/87478.jpg,True,True,460,652,RGB,JPEG,
87479,data/images/87479.jpg,True,True,230,320,RGB,JPEG,
87480,data/images/87480.jpg,True,True,230,345,RGB,JPEG,
87481,data/images/87481.jpg,True,True,230,326,RGB,JPEG,
87482,data/images/87482.jpg,True,True,230,326,RGB,JPEG,
87483,data/images/87483.jpg,True,True,230,326,RGB,JPEG,
87484,data/images/87484.jpg,True,True,230,147,RGB,JPEG,
87485,data/images/87485.jpg,True,True,230,327,RGB,JPEG,
87487,data/images/87487.jpg,True,True,230,326,RGB,JPEG,
87489,data/images/87489.jpg,True,True,230,337,RGB,JPEG,
87499,data/images/87499.jpg,True,True,460,690,RGB,JPEG,
87501,data/images/87501.jpg,True,True,230,351,RGB,JPEG,
87505,data/images/87505.jpg,True,True,230,322,RGB,JPEG,
87526,data/images/87526.jpg,True,True,230,314,RGB,JPEG,
87527,data/images/87527.jpg,True,True,230,362,RGB,JPEG,
87528,data/images/87528.jpg,True,True,460,690,RGB,JPEG,
87530,data/images/87530.jpg,True,True,460,690,RGB,JPEG,
87533,data/images/87533.jpg,True,True,230,334,RGB,JPEG,
87538,data/images/87538.jpg,True,True,230,316,RGB,JPEG,
97589,data/images/97589.jpg,True,True,230,267,RGB,JPEG,
97608,data/images/97608.jpg,True,True,230,324,RGB,JPEG,
97609,data/images/97609.jpg,True,True,230,325,RGB,JPEG,
97621,data/images/97621.jpg,True,True,230,322,RGB,JPEG,
97622,data/images/97622.jpg,True,True,230,329,RGB,JPEG,
97623,data/images/97623.jpg,True,True,460,658,RGB,JPEG,
97624,data/images/97624.jpg,True,True,400,566,RGB,JPEG,
97634,data/images/97634.jpg,True,True,460,651,RGB,JPEG,
97635,data/images/97635.jpg,True,True,230,324,RGB,JPEG,
97669,data/images/97669.jpg,True,True,460,651,RGB,JPEG,
97672,data/images/97672.jpg,True,True,460,650,RGB,JPEG,
97715,data/images/97715.jpg,True,True,230,130,RGB,JPEG,
97716,data/images/97716.jpg,True,True,460,699,RGB,JPEG,
97773,data/images/97773.jpg,True,True,230,312,RGB,JPEG,
97774,data/images/97774.jpg,True,True,460,655,RGB,JPEG,
97775,data/images/97775.jpg,True,True,400,571,RGB,JPEG,
97809,data/images/97809.jpg,True,True,460,650,RGB,JPEG,
97810,data/images/97810.jpg,True,True,230,328,RGB,JPEG,
97815,data/images/97815.jpg,True,True,460,648,RGB,JPEG,
97819,data/images/97819.jpg,True,True,230,321,RGB,JPEG,
97854,data/images/97854.jpg,True,True,400,570,RGB,JPEG,
97892,data/images/97892.jpg,True,True,400,566,RGB,JPEG,
97906,data/images/97906.jpg,True,True,230,327,RGB,JPEG,
97915,data/images/97915.jpg,True,True,460,568,RGB,JPEG,
97916,data/images/97916.jpg,True,True,230,127,RGB,JPEG,
97951,data/images/97951.jpg,True,True,460,690,RGB,JPEG,
97952,data/images/97952.jpg,True,True,460,460,RGB,JPEG,
97953,data/images/97953.jpg,True,True,230,325,RGB,JPEG,
97954,data/images/97954.jpg,True,True,230,325,RGB,JPEG,
97958,data/images/97958.jpg,True,True,230,335,RGB,JPEG,
97962,data/images/97962.jpg,True,True,230,307,RGB,JPEG,
97966,data/images/97966.jpg,True,True,230,307,RGB,JPEG,
97967,data/images/97967.jpg,True,True,230,288,RGB,JPEG,
97969,data/images/97969.jpg,True,True,230,328,RGB,JPEG,
97977,data/images/97977.jpg,True,True,230,329,RGB,JPEG,
98004,data/images/98004.jpg,True,True,230,345,RGB,JPEG,
98033,data/images/98033.jpg,True,True,460,650,RGB,JPEG,
98060,data/images/98060.jpg,True,True,460,587,RGB,JPEG,
98081,data/images/98081.jpg,True,True,230,326,RGB,JPEG,
98089,data/images/98089.jpg,True,True,230,290,RGB,JPEG,
98092,data/images/98092.jpg,True,True,230,319,RGB,JPEG,
98093,data/images/98093.jpg,True,True,230,192,RGB,JPEG,
98094,data/images/98094.jpg,True,True,230,291,RGB,JPEG,
98095,data/images/98095.jpg,True,True,230,322,RGB,JPEG,
98096,data/images/98096.jpg,True,True,400,565,RGB,JPEG,
98105,data/images/98105.jpg,True,True,230,129,RGB,JPEG,
98143,data/images/98143.jpg,True,True,460,661,RGB,JPEG,
98332,data/images/98332.jpg,True,True,400,566,RGB,JPEG,
98547,data/images/98547.jpg,True,True,400,497,RGB,JPEG,
98582,data/images/98582.jpg,True,True,230,330,RGB,JPEG,
98604,data/images/98604.jpg,True,True,460,650,RGB,JPEG,
98662,data/images/98662.jpg,True,True,460,640,RGB,JPEG,
98746,data/images/98746.jpg,True,True,460,647,RGB,JPEG,
98759,data/images/98759.jpg,True,True,230,327,RGB,JPEG,
98760,data/images/98760.jpg,True,True,230,324,RGB,JPEG,
98764,data/images/98764.jpg,True,True,400,508,RGB,JPEG,
98785,data/images/98785.jpg,True,True,230,345,RGB,JPEG,
98814,data/images/98814.jpg,True,True,460,645,RGB,JPEG,
98833,data/images/98833.jpg,True,True,400,567,RGB,JPEG,
98971,data/images/98971.jpg,True,True,230,338,RGB,JPEG,
99002,data/images/99002.jpg,True,True,460,667,RGB,JPEG,
99059,data/images/99059.jpg,True,True,460,652,RGB,JPEG,
99112,data/images/99112.jpg,True,True,230,333,RGB,JPEG,
99214,data/images/99214.jpg,True,True,230,342,RGB,JPEG,
99841,data/images/99841.jpg,True,True,230,309,RGB,JPEG,
100071,data/images/100071.jpg,True,True,230,266,RGB,JPEG,
100176,data/images/100176.jpg,True,True,460,625,RGB,JPEG,
100289,data/images/100289.jpg,True,True,460,656,RGB,JPEG,
100658,data/images/100658.jpg,True,True,230,317,RGB,JPEG,
100721,data/images/100721.jpg,True,True,230,230,RGB,JPEG,
100768,data/images/100768.jpg,True,True,230,328,RGB,JPEG,
101102,data/images/101102.jpg,True,True,400,568,RGB,JPEG,
101904,data/images/101904.jpg,True,True,230,345,RGB,JPEG,
101905,data/images/101905.jpg,True,True,230,324,RGB,JPEG,
101911,data/images/101911.jpg,True,True,460,634,RGB,JPEG,
102001,data/images/102001.jpg,True,True,460,618,RGB,JPEG,
102058,data/images/102058.jpg,True,True,230,325,RGB,JPEG,
102093,data/images/102093.jpg,True,True,460,657,RGB,JPEG,
102101,data/images/102101.jpg,True,True,230,325,RGB,JPEG,
102102,data/images/102102.jpg,True,True,230,125,RGB,JPEG,
102380,data/images/102380.jpg,True,True,400,567,RGB,JPEG,
102429,data/images/102429.jpg,True,True,400,535,RGB,JPEG,
102431,data/images/102431.jpg,True,True,400,260,RGB,JPEG,
102449,data/images/102449.jpg,True,True,400,538,RGB,JPEG,
102450,data/images/102450.jpg,True,True,400,565,RGB,JPEG,
102503,data/images/102503.jpg,True,True,230,326,RGB,JPEG,
102505,data/images/102505.jpg,True,True,230,130,RGB,JPEG,
102508,data/images/102508.jpg,True,True,230,331,RGB,JPEG,
102528,data/images/102528.jpg,True,True,230,305,RGB,JPEG,
102578,data/images/102578.jpg,True,True,230,336,RGB,JPEG,
102596,data/images/102596.jpg,True,True,230,173,RGB,JPEG,
102597,data/images/102597.jpg,True,True,230,157,RGB,JPEG,
102644,data/images/102644.jpg,True,True,400,581,RGB,JPEG,
102723,data/images/102723.jpg,True,True,230,129,RGB,JPEG,
102786,data/images/102786.jpg,True,True,230,321,RGB,JPEG,
102787,data/images/102787.jpg,True,True,230,321,RGB,JPEG,
102800,data/images/102800.jpg,True,True,230,130,RGB,JPEG,
102836,data/images/102836.jpg,True,True,460,644,RGB,JPEG,
102839,data/images/102839.jpg,True,True,460,644,RGB,JPEG,
104396,data/images/104396.jpg,True,True,230,345,RGB,JPEG,
105859,data/images/105859.jpg,True,True,460,394,RGB,JPEG,
105892,data/images/105892.jpg,True,True,460,259,RGB,JPEG,
105974,data/images/105974.jpg,True,True,460,690,RGB,JPEG,
106320,data/images/106320.jpg,True,True,460,656,RGB,JPEG,
106499,data/images/106499.jpg,True,True,460,651,RGB,JPEG,
107141,data/images/107141.jpg,True,True,230,323,RGB,JPEG,
107175,data/images/107175.jpg,True,True,460,617,RGB,JPEG,
107352,data/images/107352.jpg,True,True,230,331,RGB,JPEG,
108309,data/images/108309.jpg,True,True,460,652,RGB,JPEG,
108597,data/images/108597.jpg,True,True,230,345,RGB,JPEG,
108760,data/images/108760.jpg,True,True,230,129,RGB,JPEG,
108973,data/images/108973.jpg,True,True,230,326,RGB,JPEG,
108997,data/images/108997.jpg,True,True,460,690,RGB,JPEG,
109005,data/images/109005.jpg,True,True,460,690,RGB,JPEG,
110208,data/images/110208.jpg,True,True,460,652,RGB,JPEG,
110578,data/images/110578.jpg,True,True,230,325,RGB,JPEG,
113050,data/images/113050.jpg,True,True,460,619,RGB,JPEG,
113330,data/images/113330.jpg,True,True,230,324,RGB,JPEG,
115188,data/images/115188.jpg,True,True,460,690,RGB,JPEG,
115200,data/images/115200.jpg,True,True,460,690,RGB,JPEG,
116015,data/images/116015.jpg,True,True,460,690,RGB,JPEG,
116150,data/images/116150.jpg,True,True,460,690,RGB,JPEG,
117286,data/images/117286.jpg,True,True,230,325,RGB,JPEG,
117287,data/images/117287.jpg,True,True,230,286,RGB,JPEG,
117876,data/images/117876.jpg,True,True,230,327,RGB,JPEG,
119402,data/images/119402.jpg,True,True,460,651,RGB,JPEG,
119947,data/images/119947.jpg,True,True,460,690,RGB,JPEG,
120074,data/images/120074.jpg,True,True,230,217,RGB,JPEG,
121663,data/images/121663.jpg,True,True,230,325,RGB,JPEG,
121718,data/images/121718.jpg,True,True,460,651,RGB,JPEG,
122758,data/images/122758.jpg,True,True,460,647,RGB,JPEG,
122922,data/images/122922.jpg,True,True,230,333,RGB,JPEG,
126179,data/images/126179.jpg,True,True,230,150,RGB,JPEG,
126606,data/images/126606.jpg,True,True,230,345,RGB,JPEG,
126649,data/images/126649.jpg,True,True,230,326,RGB,JPEG,
128020,data/images/128020.jpg,True,True,230,345,RGB,JPEG,
131641,data/images/131641.jpg,True,True,460,652,RGB,JPEG,
135460,data/images/135460.jpg,True,True,230,129,RGB,JPEG,
143393,data/images/143393.jpg,True,True,460,611,RGB,JPEG,
145492,data/images/145492.jpg,True,True,460,656,RGB,JPEG,
145680,data/images/145680.jpg,True,True,460,658,RGB,JPEG,
145745,data/images/145745.jpg,True,True,460,462,RGB,JPEG,
148642,data/images/148642.jpg,True,True,230,326,RGB,JPEG,
150078,data/images/150078.jpg,True,True,460,690,RGB,JPEG,
170629,data/images/170629.jpg,True,True,230,345,RGB,JPEG,
174843,data/images/174843.jpg,True,True,230,350,RGB,JPEG,
176877,data/images/176877.jpg,True,True,230,127,RGB,JPEG,
177226,data/images/177226.jpg,True,True,230,270,RGB,JPEG,
177443,data/images/177443.jpg,True,True,230,130,RGB,JPEG,
179759,data/images/179759.jpg,True,True,230,129,RGB,JPEG,
183800,data/images/183800.jpg,True,True,460,460,RGB,JPEG,
188038,data/images/188038.jpg,True,True,230,325,RGB,JPEG,
189722,data/images/189722.jpg,True,True,460,649,RGB,JPEG,
196325,data/images/196325.jpg,True,True,460,625,RGB,JPEG,
199485,data/images/199485.jpg,True,True,230,345,RGB,JPEG,
206867,data/images/206867.jpg,True,True,460,446,RGB,JPEG,
17947,data/images/17947.jpg,True,True,230,325,RGB,JPEG,
20705,data/images/20705.jpg,True,True,460,650,RGB,JPEG,
20791,data/images/20791.jpg,True,True,460,666,RGB,JPEG,
20919,data/images/20919.jpg,True,True,460,647,RGB,JPEG,
20958,data/images/20958.jpg,True,True,460,648,RGB,JPEG,
20986,data/images/20986.jpg,True,True,460,653,RGB,JPEG,
21126,data/images/21126.jpg,True,True,460,657,RGB,JPEG,
21180,data/images/21180.jpg,True,True,400,565,RGB,JPEG,
21184,data/images/21184.jpg,True,True,460,640,RGB,JPEG,
21191,data/images/21191.jpg,True,True,460,657,RGB,JPEG,
21298,data/images/21298.jpg,True,True,460,652,RGB,JPEG,
21361,data/images/21361.jpg,True,True,400,580,RGB,JPEG,
21377,data/images/21377.jpg,True,True,460,649,RGB,JPEG,
21400,data/images/21400.jpg,True,True,460,646,RGB,JPEG,
21403,data/images/21403.jpg,True,True,460,650,RGB,JPEG,
21407,data/images/21407.jpg,True,True,460,651,RGB,JPEG,
21425,data/images/21425.jpg,True,True,460,657,RGB,JPEG,
21452,data/images/21452.jpg,True,True,460,649,RGB,JPEG,
21461,data/images/21461.jpg,True,True,400,567,RGB,JPEG,
21464,data/images/21464.jpg,True,True,460,651,RGB,JPEG,
21498,data/images/21498.jpg,True,True,460,690,RGB,JPEG,
21517,data/images/21517.jpg,True,True,460,656,RGB,JPEG,
21555,data/images/21555.jpg,True,True,400,560,RGB,JPEG,
21563,data/images/21563.jpg,True,True,400,556,RGB,JPEG,
21568,data/images/21568.jpg,True,True,400,503,RGB,JPEG,
21613,data/images/21613.jpg,True,True,460,689,RGB,JPEG,
21645,data/images/21645.jpg,True,True,460,690,RGB,JPEG,
21662,data/images/21662.jpg,True,True,460,652,RGB,JPEG,
21672,data/images/21672.jpg,True,True,460,690,RGB,JPEG,
21676,data/images/21676.jpg,True,True,460,663,RGB,JPEG,
21677,data/images/21677.jpg,True,True,460,690,RGB,JPEG,
21683,data/images/21683.jpg,True,True,460,651,RGB,JPEG,
21684,data/images/21684.jpg,True,True,400,568,RGB,JPEG,
21685,data/images/21685.jpg,True,True,460,690,RGB,JPEG,
21696,data/images/21696.jpg,True,True,460,629,RGB,JPEG,
21699,data/images/21699.jpg,True,True,460,690,RGB,JPEG,
21700,data/images/21700.jpg,True,True,460,684,RGB,JPEG,
21701,data/images/21701.jpg,True,True,460,654,RGB,JPEG,
21730,data/images/21730.jpg,True,True,460,651,RGB,JPEG,
21731,data/images/21731.jpg,True,True,460,663,RGB,JPEG,
21733,data/images/21733.jpg,True,True,460,690,RGB,JPEG,
21738,data/images/21738.jpg,True,True,400,570,RGB,JPEG,
21742,data/images/21742.jpg,True,True,460,651,RGB,JPEG,
21744,data/images/21744.jpg,True,True,225,318,RGB,JPEG,
21745,data/images/21745.jpg,True,True,460,621,RGB,JPEG,
21756,data/images/21756.jpg,True,True,230,329,RGB,JPEG,
21773,data/images/21773.jpg,True,True,230,324,RGB,JPEG,
21776,data/images/21776.jpg,True,True,460,690,RGB,JPEG,
21778,data/images/21778.jpg,True,True,460,640,RGB,JPEG,
21787,data/images/21787.jpg,True,True,400,565,RGB,JPEG,
21788,data/images/21788.jpg,True,True,460,651,RGB,JPEG,
21791,data/images/21791.jpg,True,True,460,642,RGB,JPEG,
21813,data/images/21813.jpg,True,True,460,639,RGB,JPEG,
21823,data/images/21823.jpg,True,True,460,646,RGB,JPEG,
21830,data/images/21830.jpg,True,True,460,649,RGB,JPEG,
21833,data/images/21833.jpg,True,True,460,626,RGB,JPEG,
21836,data/images/21836.jpg,True,True,460,633,RGB,JPEG,
21842,data/images/21842.jpg,True,True,460,690,RGB,JPEG,
21843,data/images/21843.jpg,True,True,460,652,RGB,JPEG,
21844,data/images/21844.jpg,True,True,460,650,RGB,JPEG,
21846,data/images/21846.jpg,True,True,460,650,RGB,JPEG,
21851,data/images/21851.jpg,True,True,460,646,RGB,JPEG,
21855,data/images/21855.jpg,True,True,400,578,RGB,JPEG,
21856,data/images/21856.jpg,True,True,460,650,RGB,JPEG,
21857,data/images/21857.jpg,True,True,460,669,RGB,JPEG,
21858,data/images/21858.jpg,True,True,460,666,RGB,JPEG,
21860,data/images/21860.jpg,True,True,460,640,RGB,JPEG,
21861,data/images/21861.jpg,True,True,460,650,RGB,JPEG,
21865,data/images/21865.jpg,True,True,400,568,RGB,JPEG,
21874,data/images/21874.jpg,True,True,460,691,RGB,JPEG,
21875,data/images/21875.jpg,True,True,460,653,RGB,JPEG,
21878,data/images/21878.jpg,True,True,460,650,RGB,JPEG,
21887,data/images/21887.jpg,True,True,460,628,RGB,JPEG,
21894,data/images/21894.jpg,True,True,460,648,RGB,JPEG,
21898,data/images/21898.jpg,True,True,225,320,RGB,JPEG,
87435,data/images/87435.jpg,True,True,460,685,RGB,JPEG,
87458,data/images/87458.jpg,True,True,460,651,RGB,JPEG,
87486,data/images/87486.jpg,True,True,460,648,RGB,JPEG,
87494,data/images/87494.jpg,True,True,400,566,RGB,JPEG,
87496,data/images/87496.jpg,True,True,460,658,RGB,JPEG,
87498,data/images/87498.jpg,True,True,460,690,RGB,JPEG,
87500,data/images/87500.jpg,True,True,400,565,RGB,JPEG,
87506,data/images/87506.jpg,True,True,230,345,RGB,JPEG,
87507,data/images/87507.jpg,True,True,230,326,RGB,JPEG,
87517,data/images/87517.jpg,True,True,460,652,RGB,JPEG,
87539,data/images/87539.jpg,True,True,460,652,RGB,JPEG,
97590,data/images/97590.jpg,True,True,460,690,RGB,JPEG,
97592,data/images/97592.jpg,True,True,460,651,RGB,JPEG,
97607,data/images/97607.jpg,True,True,230,323,RGB,JPEG,
97617,data/images/97617.jpg,True,True,400,568,RGB,JPEG,
97618,data/images/97618.jpg,True,True,460,690,RGB,JPEG,
97619,data/images/97619.jpg,True,True,460,690,RGB,JPEG,
97625,data/images/97625.jpg,True,True,400,643,RGB,JPEG,
97631,data/images/97631.jpg,True,True,230,345,RGB,JPEG,
97636,data/images/97636.jpg,True,True,460,582,RGB,JPEG,
97637,data/images/97637.jpg,True,True,460,690,RGB,JPEG,
97638,data/images/97638.jpg,True,True,460,690,RGB,JPEG,
97642,data/images/97642.jpg,True,True,460,643,RGB,JPEG,
97643,data/images/97643.jpg,True,True,460,655,RGB,JPEG,
97645,data/images/97645.jpg,True,True,460,690,RGB,JPEG,
97660,data/images/97660.jpg,True,True,400,569,RGB,JPEG,
97663,data/images/97663.jpg,True,True,460,651,RGB,JPEG,
97665,data/images/97665.jpg,True,True,460,666,RGB,JPEG,
97667,data/images/97667.jpg,True,True,400,563,RGB,JPEG,
97670,data/images/97670.jpg,True,True,460,652,RGB,JPEG,
97673,data/images/97673.jpg,True,True,460,690,RGB,JPEG,
97674,data/images/97674.jpg,True,True,230,335,RGB,JPEG,
97682,data/images/97682.jpg,True,True,400,533,RGB,JPEG,
97683,data/images/97683.jpg,True,True,400,566,RGB,JPEG,
97707,data/images/97707.jpg,True,True,230,326,RGB,JPEG,
97709,data/images/97709.jpg,True,True,230,345,RGB,JPEG,
97730,data/images/97730.jpg,True,True,460,625,RGB,JPEG,
97734,data/images/97734.jpg,True,True,460,640,RGB,JPEG,
97745,data/images/97745.jpg,True,True,460,654,RGB,JPEG,
97757,data/images/97757.jpg,True,True,230,327,RGB,JPEG,
97765,data/images/97765.jpg,True,True,460,601,RGB,JPEG,
97766,data/images/97766.jpg,True,True,460,650,RGB,JPEG,
97769,data/images/97769.jpg,True,True,460,647,RGB,JPEG,
97776,data/images/97776.jpg,True,True,460,657,RGB,JPEG,
97818,data/images/97818.jpg,True,True,230,319,RGB,JPEG,
97820,data/images/97820.jpg,True,True,230,326,RGB,JPEG,
97821,data/images/97821.jpg,True,True,460,650,RGB,JPEG,
97833,data/images/97833.jpg,True,True,460,614,RGB,JPEG,
97850,data/images/97850.jpg,True,True,400,550,RGB,JPEG,
97851,data/images/97851.jpg,True,True,400,566,RGB,JPEG,
97853,data/images/97853.jpg,True,True,460,651,RGB,JPEG,
97855,data/images/97855.jpg,True,True,400,570,RGB,JPEG,
97856,data/images/97856.jpg,True,True,230,326,RGB,JPEG,
97857,data/images/97857.jpg,True,True,460,681,RGB,JPEG,
97858,data/images/97858.jpg,True,True,460,645,RGB,JPEG,
97859,data/images/97859.jpg,True,True,460,639,RGB,JPEG,
97860,data/images/97860.jpg,True,True,460,650,RGB,JPEG,
97862,data/images/97862.jpg,True,True,400,565,RGB,JPEG,
97863,data/images/97863.jpg,True,True,460,651,RGB,JPEG,
97874,data/images/97874.jpg,True,True,460,636,RGB,JPEG,
97875,data/images/97875.jpg,True,True,460,646,RGB,JPEG,
97876,data/images/97876.jpg,True,True,400,565,RGB,JPEG,
97886,data/images/97886.jpg,True,True,400,565,RGB,JPEG,
97887,data/images/97887.jpg,True,True,460,648,RGB,JPEG,
97889,data/images/97889.jpg,True,True,460,650,RGB,JPEG,
97890,data/images/97890.jpg,True,True,230,327,RGB,JPEG,
97891,data/images/97891.jpg,True,True,460,651,RGB,JPEG,
97903,data/images/97903.jpg,True,True,460,648,RGB,JPEG,
97904,data/images/97904.jpg,True,True,400,554,RGB,JPEG,
97905,data/images/97905.jpg,True,True,400,560,RGB,JPEG,
97908,data/images/97908.jpg,True,True,460,650,RGB,JPEG,
97909,data/images/97909.jpg,True,True,230,327,RGB,JPEG,
97911,data/images/97911.jpg,True,True,230,339,RGB,JPEG,
97912,data/images/97912.jpg,True,True,400,568,RGB,JPEG,
97913,data/images/97913.jpg,True,True,400,563,RGB,JPEG,
97914,data/images/97914.jpg,True,True,230,348,RGB,JPEG,
97917,data/images/97917.jpg,True,True,460,647,RGB,JPEG,
97920,data/images/97920.jpg,True,True,400,563,RGB,JPEG,
97921,data/images/97921.jpg,True,True,400,538,RGB,JPEG,
97922,data/images/97922.jpg,True,True,460,650,RGB,JPEG,
97932,data/images/97932.jpg,True,True,400,559,RGB,JPEG,
97933,data/images/97933.jpg,True,True,230,345,RGB,JPEG,
97937,data/images/97937.jpg,True,True,460,690,RGB,JPEG,
97938,data/images/97938.jpg,True,True,460,651,RGB,JPEG,
97939,data/images/97939.jpg,True,True,460,665,RGB,JPEG,
97940,data/images/97940.jpg,True,True,460,650,RGB,JPEG,
97979,data/images/97979.jpg,True,True,460,676,RGB,JPEG,
97980,data/images/97980.jpg,True,True,460,690,RGB,JPEG,
97981,data/images/97981.jpg,True,True,460,628,RGB,JPEG,
97983,data/images/97983.jpg,True,True,460,647,RGB,JPEG,
97984,data/images/97984.jpg,True,True,460,656,RGB,JPEG,
97985,data/images/97985.jpg,True,True,230,345,RGB,JPEG,
97986,data/images/97986.jpg,True,True,460,677,RGB,JPEG,
97988,data/images/97988.jpg,True,True,460,689,RGB,JPEG,
97994,data/images/97994.jpg,True,True,460,654,RGB,JPEG,
97996,data/images/97996.jpg,True,True,230,269,RGB,JPEG,
98005,data/images/98005.jpg,True,True,460,690,RGB,JPEG,
98032,data/images/98032.jpg,True,True,400,568,RGB,JPEG,
98035,data/images/98035.jpg,True,True,460,648,RGB,JPEG,
98045,data/images/98045.jpg,True,True,230,283,RGB,JPEG,
98051,data/images/98051.jpg,True,True,230,128,RGB,JPEG,
98058,data/images/98058.jpg,True,True,230,320,RGB,JPEG,
98059,data/images/98059.jpg,True,True,460,650,RGB,JPEG,
98069,data/images/98069.jpg,True,True,400,565,RGB,JPEG,
98077,data/images/98077.jpg,True,True,230,325,RGB,JPEG,
98078,data/images/98078.jpg,True,True,230,313,RGB,JPEG,
98079,data/images/98079.jpg,True,True,460,680,RGB,JPEG,
98080,data/images/98080.jpg,True,True,230,306,RGB,JPEG,
98090,data/images/98090.jpg,True,True,230,362,RGB,JPEG,
98104,data/images/98104.jpg,True,True,230,325,RGB,JPEG,
98107,data/images/98107.jpg,True,True,460,652,RGB,JPEG,
98108,data/images/98108.jpg,True,True,400,559,RGB,JPEG,
98144,data/images/98144.jpg,True,True,400,564,RGB,JPEG,
98149,data/images/98149.jpg,True,True,460,681,RGB,JPEG,
98153,data/images/98153.jpg,True,True,230,268,RGB,JPEG,
98186,data/images/98186.jpg,True,True,230,345,RGB,JPEG,
98202,data/images/98202.jpg,True,True,460,679,RGB,JPEG,
98203,data/images/98203.jpg,True,True,460,636,RGB,JPEG,
98205,data/images/98205.jpg,True,True,400,560,RGB,JPEG,
98206,data/images/98206.jpg,True,True,400,566,RGB,JPEG,
98209,data/images/98209.jpg,True,True,400,587,RGB,JPEG,
98212,data/images/98212.jpg,True,True,400,567,RGB,JPEG,
98213,data/images/98213.jpg,True,True,230,290,RGB,JPEG,
98220,data/images/98220.jpg,True,True,230,287,RGB,JPEG,
98222,data/images/98222.jpg,True,True,460,634,RGB,JPEG,
98224,data/images/98224.jpg,True,True,460,646,RGB,JPEG,
98228,data/images/98228.jpg,True,True,460,651,RGB,JPEG,
98229,data/images/98229.jpg,True,True,400,562,RGB,JPEG,
98231,data/images/98231.jpg,True,True,460,689,RGB,JPEG,
98238,data/images/98238.jpg,True,True,230,345,RGB,JPEG,
98239,data/images/98239.jpg,True,True,460,690,RGB,JPEG,
98240,data/images/98240.jpg,True,True,460,649,RGB,JPEG,
98249,data/images/98249.jpg,True,True,460,599,RGB,JPEG,
98251,data/images/98251.jpg,True,True,230,327,RGB,JPEG,
98252,data/images/98252.jpg,True,True,400,564,RGB,JPEG,
98289,data/images/98289.jpg,True,True,460,690,RGB,JPEG,
98290,data/images/98290.jpg,True,True,230,128,RGB,JPEG,
98291,data/images/98291.jpg,True,True,460,649,RGB,JPEG,
98292,data/images/98292.jpg,True,True,460,654,RGB,JPEG,
98297,data/images/98297.jpg,True,True,460,656,RGB,JPEG,
98298,data/images/98298.jpg,True,True,460,681,RGB,JPEG,
98306,data/images/98306.jpg,True,True,400,566,RGB,JPEG,
98307,data/images/98307.jpg,True,True,230,323,RGB,JPEG,
98308,data/images/98308.jpg,True,True,400,567,RGB,JPEG,
98309,data/images/98309.jpg,True,True,230,299,RGB,JPEG,
98310,data/images/98310.jpg,True,True,460,640,RGB,JPEG,
98314,data/images/98314.jpg,True,True,230,320,RGB,JPEG,
98320,data/images/98320.jpg,True,True,460,651,RGB,JPEG,
98338,data/images/98338.jpg,True,True,460,618,RGB,JPEG,
98344,data/images/98344.jpg,True,True,460,648,RGB,JPEG,
98349,data/images/98349.jpg,True,True,400,565,RGB,JPEG,
98378,data/images/98378.jpg,True,True,460,652,RGB,JPEG,
98379,data/images/98379.jpg,True,True,460,690,RGB,JPEG,
98383,data/images/98383.jpg,True,True,400,600,RGB,JPEG,
98402,data/images/98402.jpg,True,True,460,640,RGB,JPEG,
98420,data/images/98420.jpg,True,True,460,646,RGB,JPEG,
98421,data/images/98421.jpg,True,True,400,575,RGB,JPEG,
98425,data/images/98425.jpg,True,True,230,306,RGB,JPEG,
98432,data/images/98432.jpg,True,True,400,567,RGB,JPEG,
98433,data/images/98433.jpg,True,True,400,567,RGB,JPEG,
98434,data/images/98434.jpg,True,True,400,560,RGB,JPEG,
98435,data/images/98435.jpg,True,True,400,561,RGB,JPEG,
98436,data/images/98436.jpg,True,True,460,649,RGB,JPEG,
98438,data/images/98438.jpg,True,True,400,570,RGB,JPEG,
98441,data/images/98441.jpg,True,True,400,569,RGB,JPEG,
98442,data/images/98442.jpg,True,True,460,668,RGB,JPEG,
98443,data/images/98443.jpg,True,True,400,566,RGB,JPEG,
98448,data/images/98448.jpg,True,True,400,575,RGB,JPEG,
98449,data/images/98449.jpg,True,True,460,650,RGB,JPEG,
98451,data/images/98451.jpg,True,True,230,129,RGB,JPEG,
98452,data/images/98452.jpg,True,True,460,651,RGB,JPEG,
98465,data/images/98465.jpg,True,True,400,500,RGB,JPEG,
98467,data/images/98467.jpg,True,True,230,362,RGB,JPEG,
98469,data/images/98469.jpg,True,True,460,690,RGB,JPEG,
98472,data/images/98472.jpg,True,True,400,566,RGB,JPEG,
98475,data/images/98475.jpg,True,True,400,566,RGB,JPEG,
98478,data/images/98478.jpg,True,True,460,650,RGB,JPEG,
98480,data/images/98480.jpg,True,True,400,566,RGB,JPEG,
98491,data/images/98491.jpg,True,True,400,560,RGB,JPEG,
98495,data/images/98495.jpg,True,True,460,693,RGB,JPEG,
98496,data/images/98496.jpg,True,True,460,675,RGB,JPEG,
98497,data/images/98497.jpg,True,True,460,651,RGB,JPEG,
98501,data/images/98501.jpg,True,True,460,637,RGB,JPEG,
98502,data/images/98502.jpg,True,True,460,690,RGB,JPEG,
98504,data/images/98504.jpg,True,True,460,648,RGB,JPEG,
98505,data/images/98505.jpg,True,True,460,664,RGB,JPEG,
98506,data/images/98506.jpg,True,True,400,549,RGB,JPEG,
98507,data/images/98507.jpg,True,True,400,579,RGB,JPEG,
98511,data/images/98511.jpg,True,True,460,644,RGB,JPEG,
98512,data/images/98512.jpg,True,True,400,594,RGB,JPEG,
98513,data/images/98513.jpg,True,True,400,565,RGB,JPEG,
98517,data/images/98517.jpg,True,True,230,329,RGB,JPEG,
98518,data/images/98518.jpg,True,True,400,711,RGB,JPEG,
98519,data/images/98519.jpg,True,True,460,690,RGB,JPEG,
98521,data/images/98521.jpg,True,True,460,690,RGB,JPEG,
98524,data/images/98524.jpg,True,True,460,570,RGB,JPEG,
98525,data/images/98525.jpg,True,True,400,566,RGB,JPEG,
98526,data/images/98526.jpg,True,True,460,642,RGB,JPEG,
98527,data/images/98527.jpg,True,True,400,568,RGB,JPEG,
98528,data/images/98528.jpg,True,True,400,567,RGB,JPEG,
98536,data/images/98536.jpg,True,True,400,566,RGB,JPEG,
98542,data/images/98542.jpg,True,True,400,585,RGB,JPEG,
98546,data/images/98546.jpg,True,True,460,635,RGB,JPEG,
98548,data/images/98548.jpg,True,True,400,581,RGB,JPEG,
98553,data/images/98553.jpg,True,True,230,326,RGB,JPEG,
98554,data/images/98554.jpg,True,True,400,546,RGB,JPEG,
98556,data/images/98556.jpg,True,True,400,522,RGB,JPEG,
98557,data/images/98557.jpg,True,True,460,657,RGB,JPEG,
98565,data/images/98565.jpg,True,True,460,651,RGB,JPEG,
98566,data/images/98566.jpg,True,True,400,575,RGB,JPEG,
98572,data/images/98572.jpg,True,True,460,635,RGB,JPEG,
98573,data/images/98573.jpg,True,True,400,564,RGB,JPEG,
98576,data/images/98576.jpg,True,True,400,566,RGB,JPEG,
98578,data/images/98578.jpg,True,True,400,568,RGB,JPEG,
98579,data/images/98579.jpg,True,True,400,589,RGB,JPEG,
98580,data/images/98580.jpg,True,True,460,690,RGB,JPEG,
98586,data/images/98586.jpg,True,True,230,345,RGB,JPEG,
98595,data/images/98595.jpg,True,True,460,653,RGB,JPEG,
98596,data/images/98596.jpg,True,True,460,649,RGB,JPEG,
98599,data/images/98599.jpg,True,True,230,326,RGB,JPEG,
98603,data/images/98603.jpg,True,True,400,565,RGB,JPEG,
98607,data/images/98607.jpg,True,True,400,562,RGB,JPEG,
98615,data/images/98615.jpg,True,True,400,558,RGB,JPEG,
98621,data/images/98621.jpg,True,True,400,542,RGB,JPEG,
98622,data/images/98622.jpg,True,True,460,690,RGB,JPEG,
98623,data/images/98623.jpg,True,True,400,567,RGB,JPEG,
98629,data/images/98629.jpg,True,True,400,600,RGB,JPEG,
98630,data/images/98630.jpg,True,True,400,567,RGB,JPEG,
98631,data/images/98631.jpg,True,True,460,634,RGB,JPEG,
98632,data/images/98632.jpg,True,True,400,464,RGB,JPEG,
98642,data/images/98642.jpg,True,True,230,315,RGB,JPEG,
98655,data/images/98655.jpg,True,True,230,307,RGB,JPEG,
98657,data/images/98657.jpg,True,True,400,566,RGB,JPEG,
98659,data/images/98659.jpg,True,True,460,716,RGB,JPEG,
98660,data/images/98660.jpg,True,True,400,567,RGB,JPEG,
98663,data/images/98663.jpg,True,True,230,324,RGB,JPEG,
98697,data/images/98697.jpg,True,True,400,570,RGB,JPEG,
98702,data/images/98702.jpg,True,True,460,690,RGB,JPEG,
98707,data/images/98707.jpg,True,True,460,690,RGB,JPEG,
98715,data/images/98715.jpg,True,True,400,570,RGB,JPEG,
98739,data/images/98739.jpg,True,True,460,534,RGB,JPEG,
98751,data/images/98751.jpg,True,True,400,265,RGB,JPEG,
98752,data/images/98752.jpg,True,True,400,400,RGB,JPEG,
98765,data/images/98765.jpg,True,True,460,650,RGB,JPEG,
98766,data/images/98766.jpg,True,True,400,567,RGB,JPEG,
98767,data/images/98767.jpg,True,True,230,325,RGB,JPEG,
98768,data/images/98768.jpg,True,True,400,568,RGB,JPEG,
98769,data/images/98769.jpg,True,True,230,316,RGB,JPEG,
98772,data/images/98772.jpg,True,True,400,566,RGB,JPEG,
98778,data/images/98778.jpg,True,True,460,652,RGB,JPEG,
98790,data/images/98790.jpg,True,True,400,500,RGB,JPEG,
98791,data/images/98791.jpg,True,True,230,371,RGB,JPEG,
98820,data/images/98820.jpg,True,True,460,648,RGB,JPEG,
98843,data/images/98843.jpg,True,True,230,341,RGB,JPEG,
98846,data/images/98846.jpg,True,True,400,574,RGB,JPEG,
98847,data/images/98847.jpg,True,True,460,651,RGB,JPEG,
98851,data/images/98851.jpg,True,True,400,564,RGB,JPEG,
98856,data/images/98856.jpg,True,True,230,326,RGB,JPEG,
98868,data/images/98868.jpg,True,True,460,649,RGB,JPEG,
98872,data/images/98872.jpg,True,True,400,571,RGB,JPEG,
98873,data/images/98873.jpg,True,True,460,649,RGB,JPEG,
98874,data/images/98874.jpg,True,True,460,649,RGB,JPEG,
98876,data/images/98876.jpg,True,True,460,666,RGB,JPEG,
98878,data/images/98878.jpg,True,True,230,345,RGB,JPEG,
98884,data/images/98884.jpg,True,True,460,656,RGB,JPEG,
98885,data/images/98885.jpg,True,True,460,649,RGB,JPEG,
98891,data/images/98891.jpg,True,True,460,644,RGB,JPEG,
98897,data/images/98897.jpg,True,True,460,690,RGB,JPEG,
98951,data/images/98951.jpg,True,True,460,650,RGB,JPEG,
98959,data/images/98959.jpg,True,True,400,500,RGB,JPEG,
98966,data/images/98966.jpg,True,True,230,339,RGB,JPEG,
98977,data/images/98977.jpg,True,True,460,643,RGB,JPEG,
98978,data/images/98978.jpg,True,True,230,328,RGB,JPEG,
98997,data/images/98997.jpg,True,True,460,649,RGB,JPEG,
98998,data/images/98998.jpg,True,True,230,325,RGB,JPEG,
98999,data/images/98999.jpg,True,True,230,343,RGB,JPEG,
99054,data/images/99054.jpg,True,True,460,690,RGB,JPEG,
99055,data/images/99055.jpg,True,True,460,690,RGB,JPEG,
99083,data/images/99083.jpg,True,True,400,565,RGB,JPEG,
99085,data/images/99085.jpg,True,True,460,650,RGB,JPEG,
99255,data/images/99255.jpg,True,True,400,564,RGB,JPEG,
99268,data/images/99268.jpg,True,True,400,568,RGB,JPEG,
99302,data/images/99302.jpg,True,True,460,656,RGB,JPEG,
99347,data/images/99347.jpg,True,True,230,327,RGB,JPEG,
99348,data/images/99348.jpg,True,True,230,327,RGB,JPEG,
99349,data/images/99349.jpg,True,True,230,327,RGB,JPEG,
99363,data/images/99363.jpg,True,True,460,690,RGB,JPEG,
99391,data/images/99391.jpg,True,True,230,299,RGB,JPEG,
99394,data/images/99394.jpg,True,True,400,510,RGB,JPEG,
99420,data/images/99420.jpg,True,True,460,653,RGB,JPEG,
99441,data/images/99441.jpg,True,True,400,567,RGB,JPEG,
99518,data/images/99518.jpg,True,True,400,566,RGB,JPEG,
99534,data/images/99534.jpg,True,True,230,273,RGB,JPEG,
99547,data/images/99547.jpg,True,True,460,652,RGB,JPEG,
99555,data/images/99555.jpg,True,True,400,566,RGB,JPEG,
99556,data/images/99556.jpg,True,True,230,322,RGB,JPEG,
99582,data/images/99582.jpg,True,True,400,338,RGB,JPEG,
99634,data/images/99634.jpg,True,True,460,656,RGB,JPEG,
99636,data/images/99636.jpg,True,True,400,564,RGB,JPEG,
99642,data/images/99642.jpg,True,True,460,650,RGB,JPEG,
99672,data/images/99672.jpg,True,True,400,553,RGB,JPEG,
99685,data/images/99685.jpg,True,True,400,568,RGB,JPEG,
99698,data/images/99698.jpg,True,True,400,558,RGB,JPEG,
99714,data/images/99714.jpg,True,True,460,648,RGB,JPEG,
99718,data/images/99718.jpg,True,True,230,317,RGB,JPEG,
99726,data/images/99726.jpg,True,True,460,640,RGB,JPEG,
99731,data/images/99731.jpg,True,True,400,565,RGB,JPEG,
99732,data/images/99732.jpg,True,True,400,550,RGB,JPEG,
99733,data/images/99733.jpg,True,True,460,690,RGB,JPEG,
99741,data/images/99741.jpg,True,True,460,650,RGB,JPEG,
99742,data/images/99742.jpg,True,True,460,601,RGB,JPEG,
99743,data/images/99743.jpg,True,True,400,568,RGB,JPEG,
99790,data/images/99790.jpg,True,True,230,286,RGB,JPEG,
99796,data/images/99796.jpg,True,True,230,327,RGB,JPEG,
99817,data/images/99817.jpg,True,True,230,327,RGB,JPEG,
99818,data/images/99818.jpg,True,True,400,566,RGB,JPEG,
99819,data/images/99819.jpg,True,True,400,566,RGB,JPEG,
99856,data/images/99856.jpg,True,True,400,567,RGB,JPEG,
99894,data/images/99894.jpg,True,True,460,643,RGB,JPEG,
99911,data/images/99911.jpg,True,True,400,563,RGB,JPEG,
99912,data/images/99912.jpg,True,True,230,335,RGB,JPEG,
99937,data/images/99937.jpg,True,True,460,530,RGB,JPEG,
99938,data/images/99938.jpg,True,True,460,690,RGB,JPEG,
99939,data/images/99939.jpg,True,True,460,690,RGB,JPEG,
99945,data/images/99945.jpg,True,True,400,556,RGB,JPEG,
99964,data/images/99964.jpg,True,True,400,567,RGB,JPEG,
99994,data/images/99994.jpg,True,True,460,690,RGB,JPEG,
100003,data/images/100003.jpg,True,True,400,566,RGB,JPEG,
100004,data/images/100004.jpg,True,True,400,568,RGB,JPEG,
100006,data/images/100006.jpg,True,True,400,574,RGB,JPEG,
100072,data/images/100072.jpg,True,True,230,329,RGB,JPEG,
100108,data/images/100108.jpg,True,True,400,567,RGB,JPEG,
100167,data/images/100167.jpg,True,True,400,568,RGB,JPEG,
100168,data/images/100168.jpg,True,True,460,650,RGB,JPEG,
100180,data/images/100180.jpg,True,True,460,259,RGB,JPEG,
100184,data/images/100184.jpg,True,True,230,234,RGB,JPEG,
100211,data/images/100211.jpg,True,True,400,531,RGB,JPEG,
100225,data/images/100225.jpg,True,True,230,300,RGB,JPEG,
100227,data/images/100227.jpg,True,True,230,325,RGB,JPEG,
100255,data/images/100255.jpg,True,True,230,325,RGB,JPEG,
100256,data/images/100256.jpg,True,True,460,658,RGB,JPEG,
100262,data/images/100262.jpg,True,True,230,325,RGB,JPEG,
100282,data/images/100282.jpg,True,True,230,323,RGB,JPEG,
100283,data/images/100283.jpg,True,True,460,690,RGB,JPEG,
100287,data/images/100287.jpg,True,True,230,330,RGB,JPEG,
100288,data/images/100288.jpg,True,True,400,567,RGB,JPEG,
100290,data/images/100290.jpg,True,True,230,325,RGB,JPEG,
100305,data/images/100305.jpg,True,True,400,568,RGB,JPEG,
100328,data/images/100328.jpg,True,True,230,138,RGB,JPEG,
100356,data/images/100356.jpg,True,True,460,644,RGB,JPEG,
100469,data/images/100469.jpg,True,True,230,339,RGB,JPEG,
100484,data/images/100484.jpg,True,True,400,600,RGB,JPEG,
100517,data/images/100517.jpg,True,True,230,412,RGB,JPEG,
100519,data/images/100519.jpg,True,True,400,564,RGB,JPEG,
100522,data/images/100522.jpg,True,True,400,565,RGB,JPEG,
100570,data/images/100570.jpg,True,True,400,566,RGB,JPEG,
100656,data/images/100656.jpg,True,True,230,345,RGB,JPEG,
100659,data/images/100659.jpg,True,True,460,659,RGB,JPEG,
100684,data/images/100684.jpg,True,True,400,553,RGB,JPEG,
100720,data/images/100720.jpg,True,True,400,565,RGB,JPEG,
100728,data/images/100728.jpg,True,True,460,648,RGB,JPEG,
100729,data/images/100729.jpg,True,True,460,650,RGB,JPEG,
100791,data/images/100791.jpg,True,True,460,647,RGB,JPEG,
100812,data/images/100812.jpg,True,True,230,323,RGB,JPEG,
100979,data/images/100979.jpg,True,True,460,596,RGB,JPEG,
100981,data/images/100981.jpg,True,True,230,230,RGB,JPEG,
101034,data/images/101034.jpg,True,True,400,564,RGB,JPEG,
101082,data/images/101082.jpg,True,True,230,345,RGB,JPEG,
101084,data/images/101084.jpg,True,True,230,129,RGB,JPEG,
101098,data/images/101098.jpg,True,True,230,325,RGB,JPEG,
101104,data/images/101104.jpg,True,True,460,690,RGB,JPEG,
101339,data/images/101339.jpg,True,True,460,690,RGB,JPEG,
101811,data/images/101811.jpg,True,True,460,651,RGB,JPEG,
101913,data/images/101913.jpg,True,True,460,690,RGB,JPEG,
101965,data/images/101965.jpg,True,True,460,580,RGB,JPEG,
101996,data/images/101996.jpg,True,True,400,569,RGB,JPEG,
101999,data/images/101999.jpg,True,True,230,325,RGB,JPEG,
102051,data/images/102051.jpg,True,True,400,567,RGB,JPEG,
102167,data/images/102167.jpg,True,True,230,324,RGB,JPEG,
102454,data/images/102454.jpg,True,True,230,321,RGB,JPEG,
102457,data/images/102457.jpg,True,True,230,321,RGB,JPEG,
102647,data/images/102647.jpg,True,True,460,652,RGB,JPEG,
102656,data/images/102656.jpg,True,True,230,322,RGB,JPEG,
102702,data/images/102702.jpg,True,True,230,322,RGB,JPEG,
102940,data/images/102940.jpg,True,True,400,549,RGB,JPEG,
102946,data/images/102946.jpg,True,True,460,690,RGB,JPEG,
103373,data/images/103373.jpg,True,True,230,130,RGB,JPEG,
103441,data/images/103441.jpg,True,True,460,668,RGB,JPEG,
103740,data/images/103740.jpg,True,True,230,325,RGB,JPEG,
103809,data/images/103809.jpg,True,True,400,500,RGB,JPEG,
104395,data/images/104395.jpg,True,True,230,128,RGB,JPEG,
104557,data/images/104557.jpg,True,True,460,642,RGB,JPEG,
107348,data/images/107348.jpg,True,True,230,334,RGB,JPEG,
107351,data/images/107351.jpg,True,True,230,320,RGB,JPEG,
107622,data/images/107622.jpg,True,True,230,325,RGB,JPEG,
107875,data/images/107875.jpg,True,True,460,650,RGB,JPEG,
110219,data/images/110219.jpg,True,True,230,283,RGB,JPEG,
110286,data/images/110286.jpg,True,True,230,130,RGB,JPEG,
110292,data/images/110292.jpg,True,True,230,345,RGB,JPEG,
110452,data/images/110452.jpg,True,True,230,324,RGB,JPEG,
110643,data/images/110643.jpg,True,True,230,295,RGB,JPEG,
110694,data/images/110694.jpg,True,True,230,325,RGB,JPEG,
112900,data/images/112900.jpg,True,True,230,293,RGB,JPEG,
113139,data/images/113139.jpg,True,True,230,130,RGB,JPEG,
114420,data/images/114420.jpg,True,True,230,175,RGB,JPEG,
114814,data/images/114814.jpg,True,True,460,690,RGB,JPEG,
114843,data/images/114843.jpg,True,True,230,326,RGB,JPEG,
115087,data/images/115087.jpg,True,True,460,683,RGB,JPEG,
115191,data/images/115191.jpg,True,True,460,690,RGB,JPEG,
115195,data/images/115195.jpg,True,True,460,690,RGB,JPEG,
115345,data/images/115345.jpg,True,True,460,690,RGB,JPEG,
115437,data/images/115437.jpg,True,True,460,690,RGB,JPEG,
115763,data/images/115763.jpg,True,True,460,690,RGB,JPEG,
115914,data/images/115914.jpg,True,True,460,652,RGB,JPEG,
116053,data/images/116053.jpg,True,True,460,690,RGB,JPEG,
116059,data/images/116059.jpg,True,True,460,647,RGB,JPEG,
116785,data/images/116785.jpg,True,True,230,129,RGB,JPEG,
117403,data/images/117403.jpg,True,True,460,325,RGB,JPEG,
117960,data/images/117960.jpg,True,True,230,325,RGB,JPEG,
119788,data/images/119788.jpg,True,True,460,259,RGB,JPEG,
119872,data/images/119872.jpg,True,True,460,652,RGB,JPEG,
119873,data/images/119873.jpg,True,True,230,171,RGB,JPEG,
120378,data/images/120378.jpg,True,True,460,648,RGB,JPEG,
121672,data/images/121672.jpg,True,True,460,690,RGB,JPEG,
121689,data/images/121689.jpg,True,True,230,409,RGB,JPEG,
121891,data/images/121891.jpg,True,True,460,658,RGB,JPEG,
122062,data/images/122062.jpg,True,True,230,345,RGB,JPEG,
122173,data/images/122173.jpg,True,True,230,345,RGB,JPEG,
122205,data/images/122205.jpg,True,True,460,690,RGB,JPEG,
122206,data/images/122206.jpg,True,True,460,690,RGB,JPEG,
123056,data/images/123056.jpg,True,True,230,130,RGB,JPEG,
126167,data/images/126167.jpg,True,True,460,690,RGB,JPEG,
126605,data/images/126605.jpg,True,True,230,324,RGB,JPEG,
126910,data/images/126910.jpg,True,True,460,689,RGB,JPEG,
126911,data/images/126911.jpg,True,True,230,307,RGB,JPEG,
127507,data/images/127507.jpg,True,True,230,322,RGB,JPEG,
130183,data/images/130183.jpg,True,True,460,649,RGB,JPEG,
130244,data/images/130244.jpg,True,True,230,322,RGB,JPEG,
130741,data/images/130741.jpg,True,True,230,325,RGB,JPEG,
132016,data/images/132016.jpg,True,True,230,329,RGB,JPEG,
135443,data/images/135443.jpg,True,True,460,690,RGB,JPEG,
138971,data/images/138971.jpg,True,True,230,345,RGB,JPEG,
139037,data/images/139037.jpg,True,True,230,324,RGB,JPEG,
139082,data/images/139082.jpg,True,True,460,690,RGB,JPEG,
140113,data/images/140113.jpg,True,True,460,613,RGB,JPEG,
145746,data/images/145746.jpg,True,True,460,462,RGB,JPEG,
155014,data/images/155014.jpg,True,True,230,130,RGB,JPEG,
158627,data/images/158627.jpg,True,True,230,325,RGB,JPEG,
168581,data/images/168581.jpg,True,True,230,162,RGB,JPEG,
174841,data/images/174841.jpg,True,True,230,325,RGB,JPEG,
177227,data/images/177227.jpg,True,True,230,271,RGB,JPEG,
177442,data/images/177442.jpg,True,True,230,313,RGB,JPEG,
180848,data/images/180848.jpg,True,True,460,303,RGB,JPEG,
180851,data/images/180851.jpg,True,True,460,652,RGB,JPEG,
183420,data/images/183420.jpg,True,True,230,327,RGB,JPEG,
185122,data/images/185122.jpg,True,True,230,130,RGB,JPEG,
187052,data/images/187052.jpg,True,True,230,125,RGB,JPEG,
188037,data/images/188037.jpg,True,True,230,326,RGB,JPEG,
189723,data/images/189723.jpg,True,True,460,649,RGB,JPEG,
204615,data/images/204615.jpg,True,True,230,129,RGB,JPEG,
20574,data/images/20574.jpg,True,True,460,643,RGB,JPEG,
20628,data/images/20628.jpg,True,True,400,586,RGB,JPEG,
20875,data/images/20875.jpg,True,True,400,569,RGB,JPEG,
21127,data/images/21127.jpg,True,True,460,647,RGB,JPEG,
21451,data/images/21451.jpg,True,True,460,650,RGB,JPEG,
21665,data/images/21665.jpg,True,True,400,564,RGB,JPEG,
21712,data/images/21712.jpg,True,True,400,561,RGB,JPEG,
21717,data/images/21717.jpg,True,True,400,560,RGB,JPEG,
21746,data/images/21746.jpg,True,True,460,690,RGB,JPEG,
21748,data/images/21748.jpg,True,True,460,690,RGB,JPEG,
21770,data/images/21770.jpg,True,True,400,495,RGB,JPEG,
21798,data/images/21798.jpg,True,True,460,640,RGB,JPEG,
21827,data/images/21827.jpg,True,True,460,644,RGB,JPEG,
21879,data/images/21879.jpg,True,True,460,660,RGB,JPEG,
87495,data/images/87495.jpg,True,True,460,650,RGB,JPEG,
87504,data/images/87504.jpg,True,True,400,581,RGB,JPEG,
97604,data/images/97604.jpg,True,True,400,568,RGB,JPEG,
97767,data/images/97767.jpg,True,True,400,561,RGB,JPEG,
97768,data/images/97768.jpg,True,True,460,651,RGB,JPEG,
97832,data/images/97832.jpg,True,True,460,683,RGB,JPEG,
97873,data/images/97873.jpg,True,True,400,591,RGB,JPEG,
97881,data/images/97881.jpg,True,True,460,652,RGB,JPEG,
97888,data/images/97888.jpg,True,True,460,653,RGB,JPEG,
97907,data/images/97907.jpg,True,True,460,652,RGB,JPEG,
97910,data/images/97910.jpg,True,True,460,690,RGB,JPEG,
97919,data/images/97919.jpg,True,True,460,691,RGB,JPEG,
97989,data/images/97989.jpg,True,True,460,604,RGB,JPEG,
98034,data/images/98034.jpg,True,True,400,565,RGB,JPEG,
98073,data/images/98073.jpg,True,True,460,690,RGB,JPEG,
98217,data/images/98217.jpg,True,True,400,565,RGB,JPEG,
98319,data/images/98319.jpg,True,True,230,315,RGB,JPEG,
98384,data/images/98384.jpg,True,True,460,595,RGB,JPEG,
98385,data/images/98385.jpg,True,True,460,652,RGB,JPEG,
98389,data/images/98389.jpg,True,True,400,566,RGB,JPEG,
98437,data/images/98437.jpg,True,True,460,650,RGB,JPEG,
98439,data/images/98439.jpg,True,True,460,652,RGB,JPEG,
98444,data/images/98444.jpg,True,True,460,640,RGB,JPEG,
98460,data/images/98460.jpg,True,True,460,650,RGB,JPEG,
98470,data/images/98470.jpg,True,True,460,697,RGB,JPEG,
98473,data/images/98473.jpg,True,True,400,566,RGB,JPEG,
98479,data/images/98479.jpg,True,True,400,546,RGB,JPEG,
98503,data/images/98503.jpg,True,True,460,657,RGB,JPEG,
98514,data/images/98514.jpg,True,True,460,652,RGB,JPEG,
98516,data/images/98516.jpg,True,True,400,566,RGB,JPEG,
98520,data/images/98520.jpg,True,True,460,650,RGB,JPEG,
98529,data/images/98529.jpg,True,True,400,566,RGB,JPEG,
98549,data/images/98549.jpg,True,True,400,566,RGB,JPEG,
98635,data/images/98635.jpg,True,True,460,690,RGB,JPEG,
98658,data/images/98658.jpg,True,True,460,690,RGB,JPEG,
98693,data/images/98693.jpg,True,True,230,332,RGB,JPEG,
98747,data/images/98747.jpg,True,True,400,565,RGB,JPEG,
98762,data/images/98762.jpg,True,True,460,651,RGB,JPEG,
98779,data/images/98779.jpg,True,True,460,652,RGB,JPEG,
98866,data/images/98866.jpg,True,True,460,649,RGB,JPEG,
99084,data/images/99084.jpg,True,True,460,690,RGB,JPEG,
99131,data/images/99131.jpg,True,True,460,652,RGB,JPEG,
99147,data/images/99147.jpg,True,True,460,630,RGB,JPEG,
99148,data/images/99148.jpg,True,True,460,641,RGB,JPEG,
99196,data/images/99196.jpg,True,True,460,649,RGB,JPEG,
99197,data/images/99197.jpg,True,True,400,530,RGB,JPEG,
99366,data/images/99366.jpg,True,True,460,651,RGB,JPEG,
99390,data/images/99390.jpg,True,True,460,616,RGB,JPEG,
99412,data/images/99412.jpg,True,True,400,552,RGB,JPEG,
99413,data/images/99413.jpg,True,True,400,565,RGB,JPEG,
99423,data/images/99423.jpg,True,True,400,565,RGB,JPEG,
99424,data/images/99424.jpg,True,True,400,559,RGB,JPEG,
99426,data/images/99426.jpg,True,True,460,644,RGB,JPEG,
99457,data/images/99457.jpg,True,True,460,640,RGB,JPEG,
99468,data/images/99468.jpg,True,True,460,648,RGB,JPEG,
99476,data/images/99476.jpg,True,True,460,651,RGB,JPEG,
99478,data/images/99478.jpg,True,True,400,565,RGB,JPEG,
99483,data/images/99483.jpg,True,True,400,565,RGB,JPEG,
99507,data/images/99507.jpg,True,True,400,538,RGB,JPEG,
99531,data/images/99531.jpg,True,True,460,690,RGB,JPEG,
99539,data/images/99539.jpg,True,True,460,640,RGB,JPEG,
99540,data/images/99540.jpg,True,True,400,564,RGB,JPEG,
99557,data/images/99557.jpg,True,True,460,667,RGB,JPEG,
99568,data/images/99568.jpg,True,True,400,484,RGB,JPEG,
99569,data/images/99569.jpg,True,True,460,650,RGB,JPEG,
99578,data/images/99578.jpg,True,True,460,640,RGB,JPEG,
99586,data/images/99586.jpg,True,True,460,656,RGB,JPEG,
99614,data/images/99614.jpg,True,True,460,575,RGB,JPEG,
99629,data/images/99629.jpg,True,True,460,648,RGB,JPEG,
99637,data/images/99637.jpg,True,True,460,690,RGB,JPEG,
99638,data/images/99638.jpg,True,True,230,329,RGB,JPEG,
99639,data/images/99639.jpg,True,True,400,566,RGB,JPEG,
99693,data/images/99693.jpg,True,True,460,647,RGB,JPEG,
99699,data/images/99699.jpg,True,True,460,650,RGB,JPEG,
99720,data/images/99720.jpg,True,True,400,568,RGB,JPEG,
99725,data/images/99725.jpg,True,True,400,565,RGB,JPEG,
99727,data/images/99727.jpg,True,True,400,566,RGB,JPEG,
99734,data/images/99734.jpg,True,True,400,577,RGB,JPEG,
99748,data/images/99748.jpg,True,True,460,651,RGB,JPEG,
99749,data/images/99749.jpg,True,True,460,690,RGB,JPEG,
99750,data/images/99750.jpg,True,True,460,653,RGB,JPEG,
99753,data/images/99753.jpg,True,True,400,539,RGB,JPEG,
99888,data/images/99888.jpg,True,True,230,325,RGB,JPEG,
99893,data/images/99893.jpg,True,True,400,565,RGB,JPEG,
99916,data/images/99916.jpg,True,True,460,690,RGB,JPEG,
99940,data/images/99940.jpg,True,True,400,564,RGB,JPEG,
99963,data/images/99963.jpg,True,True,400,561,RGB,JPEG,
99995,data/images/99995.jpg,True,True,400,566,RGB,JPEG,
100009,data/images/100009.jpg,True,True,400,569,RGB,JPEG,
100010,data/images/100010.jpg,True,True,460,699,RGB,JPEG,
100049,data/images/100049.jpg,True,True,460,652,RGB,JPEG,
100077,data/images/100077.jpg,True,True,460,690,RGB,JPEG,
100083,data/images/100083.jpg,True,True,400,564,RGB,JPEG,
100085,data/images/100085.jpg,True,True,400,569,RGB,JPEG,
100093,data/images/100093.jpg,True,True,460,650,RGB,JPEG,
100133,data/images/100133.jpg,True,True,400,567,RGB,JPEG,
100166,data/images/100166.jpg,True,True,460,653,RGB,JPEG,
100178,data/images/100178.jpg,True,True,460,650,RGB,JPEG,
100179,data/images/100179.jpg,True,True,400,578,RGB,JPEG,
100181,data/images/100181.jpg,True,True,460,630,RGB,JPEG,
100182,data/images/100182.jpg,True,True,460,650,RGB,JPEG,
100183,data/images/100183.jpg,True,True,400,565,RGB,JPEG,
100185,data/images/100185.jpg,True,True,460,658,RGB,JPEG,
100240,data/images/100240.jpg,True,True,400,567,RGB,JPEG,
100245,data/images/100245.jpg,True,True,460,690,RGB,JPEG,
100248,data/images/100248.jpg,True,True,460,649,RGB,JPEG,
100251,data/images/100251.jpg,True,True,460,654,RGB,JPEG,
100268,data/images/100268.jpg,True,True,460,657,RGB,JPEG,
100298,data/images/100298.jpg,True,True,230,326,RGB,JPEG,
100306,data/images/100306.jpg,True,True,460,658,RGB,JPEG,
100332,data/images/100332.jpg,True,True,460,691,RGB,JPEG,
100341,data/images/100341.jpg,True,True,460,661,RGB,JPEG,
100353,data/images/100353.jpg,True,True,460,690,RGB,JPEG,
100359,data/images/100359.jpg,True,True,400,566,RGB,JPEG,
100382,data/images/100382.jpg,True,True,460,651,RGB,JPEG,
100388,data/images/100388.jpg,True,True,460,651,RGB,JPEG,
100397,data/images/100397.jpg,True,True,460,652,RGB,JPEG,
100400,data/images/100400.jpg,True,True,400,560,RGB,JPEG,
100401,data/images/100401.jpg,True,True,400,541,RGB,JPEG,
100402,data/images/100402.jpg,True,True,460,648,RGB,JPEG,
100408,data/images/100408.jpg,True,True,400,566,RGB,JPEG,
100432,data/images/100432.jpg,True,True,400,575,RGB,JPEG,
100436,data/images/100436.jpg,True,True,400,568,RGB,JPEG,
100450,data/images/100450.jpg,True,True,400,563,RGB,JPEG,
100451,data/images/100451.jpg,True,True,400,560,RGB,JPEG,
100465,data/images/100465.jpg,True,True,400,540,RGB,JPEG,
100479,data/images/100479.jpg,True,True,400,550,RGB,JPEG,
100483,data/images/100483.jpg,True,True,400,568,RGB,JPEG,
100485,data/images/100485.jpg,True,True,400,568,RGB,JPEG,
100486,data/images/100486.jpg,True,True,400,550,RGB,JPEG,
100500,data/images/100500.jpg,True,True,460,622,RGB,JPEG,
100518,data/images/100518.jpg,True,True,230,303,RGB,JPEG,
100526,data/images/100526.jpg,True,True,460,653,RGB,JPEG,
100527,data/images/100527.jpg,True,True,460,651,RGB,JPEG,
100532,data/images/100532.jpg,True,True,400,544,RGB,JPEG,
100537,data/images/100537.jpg,True,True,400,566,RGB,JPEG,
100556,data/images/100556.jpg,True,True,400,573,RGB,JPEG,
100561,data/images/100561.jpg,True,True,460,639,RGB,JPEG,
100562,data/images/100562.jpg,True,True,460,651,RGB,JPEG,
100569,data/images/100569.jpg,True,True,460,666,RGB,JPEG,
100620,data/images/100620.jpg,True,True,460,647,RGB,JPEG,
100635,data/images/100635.jpg,True,True,460,651,RGB,JPEG,
100641,data/images/100641.jpg,True,True,400,567,RGB,JPEG,
100644,data/images/100644.jpg,True,True,460,652,RGB,JPEG,
100645,data/images/100645.jpg,True,True,400,562,RGB,JPEG,
100652,data/images/100652.jpg,True,True,460,648,RGB,JPEG,
100653,data/images/100653.jpg,True,True,460,651,RGB,JPEG,
100654,data/images/100654.jpg,True,True,230,288,RGB,JPEG,
100655,data/images/100655.jpg,True,True,400,509,RGB,JPEG,
100657,data/images/100657.jpg,True,True,400,563,RGB,JPEG,
100661,data/images/100661.jpg,True,True,460,621,RGB,JPEG,
100665,data/images/100665.jpg,True,True,460,637,RGB,JPEG,
100666,data/images/100666.jpg,True,True,460,690,RGB,JPEG,
100667,data/images/100667.jpg,True,True,400,561,RGB,JPEG,
100673,data/images/100673.jpg,True,True,400,579,RGB,JPEG,
100714,data/images/100714.jpg,True,True,460,690,RGB,JPEG,
100715,data/images/100715.jpg,True,True,400,566,RGB,JPEG,
100723,data/images/100723.jpg,True,True,460,638,RGB,JPEG,
100727,data/images/100727.jpg,True,True,230,323,RGB,JPEG,
100735,data/images/100735.jpg,True,True,400,566,RGB,JPEG,
100741,data/images/100741.jpg,True,True,460,664,RGB,JPEG,
100744,data/images/100744.jpg,True,True,460,680,RGB,JPEG,
100745,data/images/100745.jpg,True,True,400,568,RGB,JPEG,
100748,data/images/100748.jpg,True,True,400,566,RGB,JPEG,
100749,data/images/100749.jpg,True,True,460,690,RGB,JPEG,
100762,data/images/100762.jpg,True,True,400,566,RGB,JPEG,
100773,data/images/100773.jpg,True,True,400,536,RGB,JPEG,
100784,data/images/100784.jpg,True,True,460,645,RGB,JPEG,
100785,data/images/100785.jpg,True,True,460,690,RGB,JPEG,
100790,data/images/100790.jpg,True,True,400,565,RGB,JPEG,
100814,data/images/100814.jpg,True,True,460,690,RGB,JPEG,
100849,data/images/100849.jpg,True,True,460,690,RGB,JPEG,
100852,data/images/100852.jpg,True,True,230,325,RGB,JPEG,
100855,data/images/100855.jpg,True,True,460,644,RGB,JPEG,
100871,data/images/100871.jpg,True,True,230,329,RGB,JPEG,
100873,data/images/100873.jpg,True,True,400,566,RGB,JPEG,
100910,data/images/100910.jpg,True,True,230,319,RGB,JPEG,
100911,data/images/100911.jpg,True,True,400,567,RGB,JPEG,
100912,data/images/100912.jpg,True,True,400,567,RGB,JPEG,
100922,data/images/100922.jpg,True,True,460,671,RGB,JPEG,
100923,data/images/100923.jpg,True,True,460,644,RGB,JPEG,
100957,data/images/100957.jpg,True,True,460,627,RGB,JPEG,
100966,data/images/100966.jpg,True,True,460,650,RGB,JPEG,
100977,data/images/100977.jpg,True,True,460,661,RGB,JPEG,
100978,data/images/100978.jpg,True,True,460,651,RGB,JPEG,
100990,data/images/100990.jpg,True,True,400,558,RGB,JPEG,
101001,data/images/101001.jpg,True,True,460,651,RGB,JPEG,
101002,data/images/101002.jpg,True,True,400,567,RGB,JPEG,
101004,data/images/101004.jpg,True,True,460,643,RGB,JPEG,
101013,data/images/101013.jpg,True,True,400,542,RGB,JPEG,
101014,data/images/101014.jpg,True,True,460,649,RGB,JPEG,
101015,data/images/101015.jpg,True,True,230,327,RGB,JPEG,
101016,data/images/101016.jpg,True,True,230,350,RGB,JPEG,
101020,data/images/101020.jpg,True,True,400,559,RGB,JPEG,
101021,data/images/101021.jpg,True,True,460,652,RGB,JPEG,
101024,data/images/101024.jpg,True,True,400,566,RGB,JPEG,
101033,data/images/101033.jpg,True,True,400,551,RGB,JPEG,
101036,data/images/101036.jpg,True,True,400,536,RGB,JPEG,
101037,data/images/101037.jpg,True,True,460,669,RGB,JPEG,
101042,data/images/101042.jpg,True,True,400,566,RGB,JPEG,
101043,data/images/101043.jpg,True,True,460,651,RGB,JPEG,
101044,data/images/101044.jpg,True,True,460,658,RGB,JPEG,
101045,data/images/101045.jpg,True,True,400,571,RGB,JPEG,
101046,data/images/101046.jpg,True,True,400,566,RGB,JPEG,
101078,data/images/101078.jpg,True,True,400,567,RGB,JPEG,
101083,data/images/101083.jpg,True,True,230,325,RGB,JPEG,
101085,data/images/101085.jpg,True,True,400,560,RGB,JPEG,
101089,data/images/101089.jpg,True,True,230,408,RGB,JPEG,
101097,data/images/101097.jpg,True,True,400,567,RGB,JPEG,
101100,data/images/101100.jpg,True,True,460,572,RGB,JPEG,
101101,data/images/101101.jpg,True,True,460,636,RGB,JPEG,
101115,data/images/101115.jpg,True,True,460,690,RGB,JPEG,
101117,data/images/101117.jpg,True,True,460,654,RGB,JPEG,
101124,data/images/101124.jpg,True,True,400,570,RGB,JPEG,
101125,data/images/101125.jpg,True,True,400,575,RGB,JPEG,
101126,data/images/101126.jpg,True,True,460,640,RGB,JPEG,
101160,data/images/101160.jpg,True,True,460,671,RGB,JPEG,
101161,data/images/101161.jpg,True,True,460,612,RGB,JPEG,
101165,data/images/101165.jpg,True,True,460,663,RGB,JPEG,
101169,data/images/101169.jpg,True,True,460,652,RGB,JPEG,
101206,data/images/101206.jpg,True,True,460,690,RGB,JPEG,
101210,data/images/101210.jpg,True,True,400,558,RGB,JPEG,
101213,data/images/101213.jpg,True,True,460,690,RGB,JPEG,
101228,data/images/101228.jpg,True,True,400,558,RGB,JPEG,
101231,data/images/101231.jpg,True,True,460,692,RGB,JPEG,
101240,data/images/101240.jpg,True,True,400,571,RGB,JPEG,
101249,data/images/101249.jpg,True,True,230,343,RGB,JPEG,
101267,data/images/101267.jpg,True,True,460,652,RGB,JPEG,
101277,data/images/101277.jpg,True,True,400,566,RGB,JPEG,
101280,data/images/101280.jpg,True,True,460,652,RGB,JPEG,
101289,data/images/101289.jpg,True,True,460,653,RGB,JPEG,
101290,data/images/101290.jpg,True,True,400,221,RGB,JPEG,
101291,data/images/101291.jpg,True,True,460,652,RGB,JPEG,
101292,data/images/101292.jpg,True,True,400,567,RGB,JPEG,
101301,data/images/101301.jpg,True,True,230,326,RGB,JPEG,
101302,data/images/101302.jpg,True,True,460,651,RGB,JPEG,
101309,data/images/101309.jpg,True,True,400,566,RGB,JPEG,
101310,data/images/101310.jpg,True,True,400,566,RGB,JPEG,
101313,data/images/101313.jpg,True,True,400,505,RGB,JPEG,
101316,data/images/101316.jpg,True,True,460,651,RGB,JPEG,
101318,data/images/101318.jpg,True,True,400,567,RGB,JPEG,
101336,data/images/101336.jpg,True,True,400,561,RGB,JPEG,
101340,data/images/101340.jpg,True,True,460,653,RGB,JPEG,
101351,data/images/101351.jpg,True,True,460,652,RGB,JPEG,
101352,data/images/101352.jpg,True,True,460,563,RGB,JPEG,
101354,data/images/101354.jpg,True,True,460,690,RGB,JPEG,
101359,data/images/101359.jpg,True,True,400,563,RGB,JPEG,
101360,data/images/101360.jpg,True,True,460,690,RGB,JPEG,
101361,data/images/101361.jpg,True,True,400,566,RGB,JPEG,
101368,data/images/101368.jpg,True,True,460,646,RGB,JPEG,
101369,data/images/101369.jpg,True,True,400,569,RGB,JPEG,
101370,data/images/101370.jpg,True,True,400,600,RGB,JPEG,
101371,data/images/101371.jpg,True,True,460,667,RGB,JPEG,
101372,data/images/101372.jpg,True,True,400,566,RGB,JPEG,
101373,data/images/101373.jpg,True,True,400,556,RGB,JPEG,
101374,data/images/101374.jpg,True,True,400,565,RGB,JPEG,
101380,data/images/101380.jpg,True,True,400,562,RGB,JPEG,
101381,data/images/101381.jpg,True,True,460,686,RGB,JPEG,
101382,data/images/101382.jpg,True,True,400,564,RGB,JPEG,
101384,data/images/101384.jpg,True,True,400,567,RGB,JPEG,
101385,data/images/101385.jpg,True,True,400,563,RGB,JPEG,
101411,data/images/101411.jpg,True,True,460,650,RGB,JPEG,
101425,data/images/101425.jpg,True,True,230,301,RGB,JPEG,
101426,data/images/101426.jpg,True,True,460,657,RGB,JPEG,
101432,data/images/101432.jpg,True,True,460,648,RGB,JPEG,
101435,data/images/101435.jpg,True,True,400,564,RGB,JPEG,
101470,data/images/101470.jpg,True,True,460,639,RGB,JPEG,
101471,data/images/101471.jpg,True,True,230,326,RGB,JPEG,
101474,data/images/101474.jpg,True,True,460,649,RGB,JPEG,
101478,data/images/101478.jpg,True,True,460,690,RGB,JPEG,
101496,data/images/101496.jpg,True,True,400,566,RGB,JPEG,
101498,data/images/101498.jpg,True,True,230,319,RGB,JPEG,
101500,data/images/101500.jpg,True,True,400,567,RGB,JPEG,
101501,data/images/101501.jpg,True,True,230,325,RGB,JPEG,
101505,data/images/101505.jpg,True,True,460,641,RGB,JPEG,
101506,data/images/101506.jpg,True,True,400,568,RGB,JPEG,
101523,data/images/101523.jpg,True,True,230,325,RGB,JPEG,
101525,data/images/101525.jpg,True,True,460,690,RGB,JPEG,
101546,data/images/101546.jpg,True,True,230,325,RGB,JPEG,
101554,data/images/101554.jpg,True,True,460,660,RGB,JPEG,
101555,data/images/101555.jpg,True,True,460,647,RGB,JPEG,
101571,data/images/101571.jpg,True,True,230,325,RGB,JPEG,
101573,data/images/101573.jpg,True,True,460,652,RGB,JPEG,
101580,data/images/101580.jpg,True,True,400,566,RGB,JPEG,
101581,data/images/101581.jpg,True,True,400,632,RGB,JPEG,
101593,data/images/101593.jpg,True,True,400,567,RGB,JPEG,
101594,data/images/101594.jpg,True,True,400,563,RGB,JPEG,
101596,data/images/101596.jpg,True,True,460,676,RGB,JPEG,
101608,data/images/101608.jpg,True,True,460,652,RGB,JPEG,
101609,data/images/101609.jpg,True,True,400,556,RGB,JPEG,
101631,data/images/101631.jpg,True,True,460,645,RGB,JPEG,
101632,data/images/101632.jpg,True,True,400,567,RGB,JPEG,
101695,data/images/101695.jpg,True,True,230,358,RGB,JPEG,
101696,data/images/101696.jpg,True,True,400,519,RGB,JPEG,
101697,data/images/101697.jpg,True,True,400,571,RGB,JPEG,
101743,data/images/101743.jpg,True,True,460,613,RGB,JPEG,
101775,data/images/101775.jpg,True,True,460,663,RGB,JPEG,
101812,data/images/101812.jpg,True,True,460,662,RGB,JPEG,
101813,data/images/101813.jpg,True,True,460,655,RGB,JPEG,
101830,data/images/101830.jpg,True,True,400,563,RGB,JPEG,
101844,data/images/101844.jpg,True,True,400,565,RGB,JPEG,
101859,data/images/101859.jpg,True,True,460,652,RGB,JPEG,
101865,data/images/101865.jpg,True,True,400,566,RGB,JPEG,
101875,data/images/101875.jpg,True,True,400,562,RGB,JPEG,
101902,data/images/101902.jpg,True,True,400,566,RGB,JPEG,
101903,data/images/101903.jpg,True,True,460,648,RGB,JPEG,
101908,data/images/101908.jpg,True,True,460,652,RGB,JPEG,
101915,data/images/101915.jpg,True,True,460,651,RGB,JPEG,
101918,data/images/101918.jpg,True,True,460,650,RGB,JPEG,
101924,data/images/101924.jpg,True,True,460,690,RGB,JPEG,
101925,data/images/101925.jpg,True,True,460,690,RGB,JPEG,
101926,data/images/101926.jpg,True,True,400,567,RGB,JPEG,
101943,data/images/101943.jpg,True,True,400,562,RGB,JPEG,
101970,data/images/101970.jpg,True,True,400,566,RGB,JPEG,
101981,data/images/101981.jpg,True,True,460,629,RGB,JPEG,
101985,data/images/101985.jpg,True,True,460,652,RGB,JPEG,
102004,data/images/102004.jpg,True,True,460,613,RGB,JPEG,
102005,data/images/102005.jpg,True,True,460,647,RGB,JPEG,
102309,data/images/102309.jpg,True,True,400,566,RGB,JPEG,
102313,data/images/102313.jpg,True,True,400,566,RGB,JPEG,
102346,data/images/102346.jpg,True,True,460,640,RGB,JPEG,
102347,data/images/102347.jpg,True,True,460,640,RGB,JPEG,
102348,data/images/102348.jpg,True,True,460,690,RGB,JPEG,
102349,data/images/102349.jpg,True,True,460,690,RGB,JPEG,
102350,data/images/102350.jpg,True,True,460,690,RGB,JPEG,
102351,data/images/102351.jpg,True,True,460,651,RGB,JPEG,
102352,data/images/102352.jpg,True,True,230,288,RGB,JPEG,
102353,data/images/102353.jpg,True,True,460,638,RGB,JPEG,
102385,data/images/102385.jpg,True,True,230,345,RGB,JPEG,
102436,data/images/102436.jpg,True,True,460,647,RGB,JPEG,
102441,data/images/102441.jpg,True,True,460,651,RGB,JPEG,
102573,data/images/102573.jpg,True,True,460,690,RGB,JPEG,
102604,data/images/102604.jpg,True,True,230,329,RGB,JPEG,
102622,data/images/102622.jpg,True,True,230,127,RGB,JPEG,
102631,data/images/102631.jpg,True,True,230,321,RGB,JPEG,
102822,data/images/102822.jpg,True,True,400,571,RGB,JPEG,
102832,data/images/102832.jpg,True,True,460,690,RGB,JPEG,
102860,data/images/102860.jpg,True,True,400,566,RGB,JPEG,
102875,data/images/102875.jpg,True,True,460,690,RGB,JPEG,
102883,data/images/102883.jpg,True,True,460,630,RGB,JPEG,
102925,data/images/102925.jpg,True,True,400,549,RGB,JPEG,
102927,data/images/102927.jpg,True,True,230,329,RGB,JPEG,
102933,data/images/102933.jpg,True,True,460,666,RGB,JPEG,
102941,data/images/102941.jpg,True,True,400,557,RGB,JPEG,
102969,data/images/102969.jpg,True,True,230,327,RGB,JPEG,
102974,data/images/102974.jpg,True,True,400,566,RGB,JPEG,
102977,data/images/102977.jpg,True,True,460,651,RGB,JPEG,
102978,data/images/102978.jpg,True,True,400,567,RGB,JPEG,
102979,data/images/102979.jpg,True,True,230,325,RGB,JPEG,
103000,data/images/103000.jpg,True,True,400,566,RGB,JPEG,
103050,data/images/103050.jpg,True,True,460,650,RGB,JPEG,
103054,data/images/103054.jpg,True,True,230,328,RGB,JPEG,
103076,data/images/103076.jpg,True,True,400,567,RGB,JPEG,
103077,data/images/103077.jpg,True,True,400,568,RGB,JPEG,
103136,data/images/103136.jpg,True,True,460,652,RGB,JPEG,
103148,data/images/103148.jpg,True,True,400,566,RGB,JPEG,
103181,data/images/103181.jpg,True,True,230,126,RGB,JPEG,
103209,data/images/103209.jpg,True,True,230,351,RGB,JPEG,
103237,data/images/103237.jpg,True,True,460,652,RGB,JPEG,
103254,data/images/103254.jpg,True,True,400,563,RGB,JPEG,
103256,data/images/103256.jpg,True,True,460,651,RGB,JPEG,
103311,data/images/103311.jpg,True,True,400,566,RGB,JPEG,
103312,data/images/103312.jpg,True,True,400,567,RGB,JPEG,
103574,data/images/103574.jpg,True,True,400,565,RGB,JPEG,
103588,data/images/103588.jpg,True,True,400,568,RGB,JPEG,
103611,data/images/103611.jpg,True,True,400,576,RGB,JPEG,
103643,data/images/103643.jpg,True,True,400,563,RGB,JPEG,
103690,data/images/103690.jpg,True,True,400,566,RGB,JPEG,
103717,data/images/103717.jpg,True,True,460,690,RGB,JPEG,
103847,data/images/103847.jpg,True,True,460,621,RGB,JPEG,
103871,data/images/103871.jpg,True,True,460,650,RGB,JPEG,
103872,data/images/103872.jpg,True,True,230,320,RGB,JPEG,
103873,data/images/103873.jpg,True,True,400,711,RGB,JPEG,
103886,data/images/103886.jpg,True,True,230,408,RGB,JPEG,
103887,data/images/103887.jpg,True,True,400,565,RGB,JPEG,
103888,data/images/103888.jpg,True,True,230,408,RGB,JPEG,
103923,data/images/103923.jpg,True,True,460,650,RGB,JPEG,
103924,data/images/103924.jpg,True,True,400,566,RGB,JPEG,
103925,data/images/103925.jpg,True,True,460,652,RGB,JPEG,
104003,data/images/104003.jpg,True,True,400,711,RGB,JPEG,
104004,data/images/104004.jpg,True,True,230,112,RGB,JPEG,
104006,data/images/104006.jpg,True,True,400,565,RGB,JPEG,
104029,data/images/104029.jpg,True,True,460,652,RGB,JPEG,
104041,data/images/104041.jpg,True,True,400,567,RGB,JPEG,
104059,data/images/104059.jpg,True,True,460,660,RGB,JPEG,
104073,data/images/104073.jpg,True,True,400,566,RGB,JPEG,
104077,data/images/104077.jpg,True,True,400,566,RGB,JPEG,
104078,data/images/104078.jpg,True,True,400,567,RGB,JPEG,
104082,data/images/104082.jpg,True,True,400,600,RGB,JPEG,
104103,data/images/104103.jpg,True,True,230,345,RGB,JPEG,
104104,data/images/104104.jpg,True,True,460,690,RGB,JPEG,
104117,data/images/104117.jpg,True,True,400,567,RGB,JPEG,
104139,data/images/104139.jpg,True,True,460,652,RGB,JPEG,
104170,data/images/104170.jpg,True,True,460,584,RGB,JPEG,
104175,data/images/104175.jpg,True,True,460,649,RGB,JPEG,
104187,data/images/104187.jpg,True,True,230,155,RGB,JPEG,
104188,data/images/104188.jpg,True,True,460,690,RGB,JPEG,
104211,data/images/104211.jpg,True,True,230,163,RGB,JPEG,
104214,data/images/104214.jpg,True,True,460,650,RGB,JPEG,
104243,data/images/104243.jpg,True,True,400,567,RGB,JPEG,
104257,data/images/104257.jpg,True,True,400,541,RGB,JPEG,
104278,data/images/104278.jpg,True,True,460,690,RGB,JPEG,
104308,data/images/104308.jpg,True,True,400,567,RGB,JPEG,
104330,data/images/104330.jpg,True,True,460,690,RGB,JPEG,
104334,data/images/104334.jpg,True,True,230,289,RGB,JPEG,
104351,data/images/104351.jpg,True,True,400,567,RGB,JPEG,
104368,data/images/104368.jpg,True,True,400,566,RGB,JPEG,
104437,data/images/104437.jpg,True,True,230,130,RGB,JPEG,
104530,data/images/104530.jpg,True,True,460,690,RGB,JPEG,
104580,data/images/104580.jpg,True,True,460,651,RGB,JPEG,
104746,data/images/104746.jpg,True,True,230,325,RGB,JPEG,
104854,data/images/104854.jpg,True,True,460,429,RGB,JPEG,
105096,data/images/105096.jpg,True,True,460,651,RGB,JPEG,
105191,data/images/105191.jpg,True,True,460,818,RGB,JPEG,
105562,data/images/105562.jpg,True,True,460,652,RGB,JPEG,
105662,data/images/105662.jpg,True,True,460,635,RGB,JPEG,
105663,data/images/105663.jpg,True,True,460,656,RGB,JPEG,
105901,data/images/105901.jpg,True,True,460,653,RGB,JPEG,
105964,data/images/105964.jpg,True,True,460,656,RGB,JPEG,
106146,data/images/106146.jpg,True,True,230,341,RGB,JPEG,
106169,data/images/106169.jpg,True,True,460,655,RGB,JPEG,
106215,data/images/106215.jpg,True,True,230,345,RGB,JPEG,
106223,data/images/106223.jpg,True,True,460,652,RGB,JPEG,
106438,data/images/106438.jpg,True,True,230,410,RGB,JPEG,
106494,data/images/106494.jpg,True,True,460,651,RGB,JPEG,
106506,data/images/106506.jpg,True,True,460,631,RGB,JPEG,
106570,data/images/106570.jpg,True,True,230,322,RGB,JPEG,
106674,data/images/106674.jpg,True,True,230,130,RGB,JPEG,
106862,data/images/106862.jpg,True,True,460,690,RGB,JPEG,
106915,data/images/106915.jpg,True,True,460,741,RGB,JPEG,
107198,data/images/107198.jpg,True,True,460,690,RGB,JPEG,
107264,data/images/107264.jpg,True,True,230,325,RGB,JPEG,
107298,data/images/107298.jpg,True,True,460,653,RGB,JPEG,
107755,data/images/107755.jpg,True,True,460,690,RGB,JPEG,
107874,data/images/107874.jpg,True,True,460,690,RGB,JPEG,
108534,data/images/108534.jpg,True,True,230,409,RGB,JPEG,
108939,data/images/108939.jpg,True,True,230,329,RGB,JPEG,
108942,data/images/108942.jpg,True,True,460,621,RGB,JPEG,
108944,data/images/108944.jpg,True,True,230,163,RGB,JPEG,
109097,data/images/109097.jpg,True,True,460,603,RGB,JPEG,
109189,data/images/109189.jpg,True,True,230,325,RGB,JPEG,
109203,data/images/109203.jpg,True,True,230,316,RGB,JPEG,
109670,data/images/109670.jpg,True,True,230,168,RGB,JPEG,
109930,data/images/109930.jpg,True,True,460,657,RGB,JPEG,
110330,data/images/110330.jpg,True,True,230,146,RGB,JPEG,
110331,data/images/110331.jpg,True,True,230,163,RGB,JPEG,
110344,data/images/110344.jpg,True,True,230,130,RGB,JPEG,
112004,data/images/112004.jpg,True,True,230,301,RGB,JPEG,
115007,data/images/115007.jpg,True,True,460,690,RGB,JPEG,
115669,data/images/115669.jpg,True,True,460,690,RGB,JPEG,
115916,data/images/115916.jpg,True,True,460,613,RGB,JPEG,
115918,data/images/115918.jpg,True,True,460,690,RGB,JPEG,
116784,data/images/116784.jpg,True,True,230,115,RGB,JPEG,
117395,data/images/117395.jpg,True,True,230,129,RGB,JPEG,
117398,data/images/117398.jpg,True,True,460,654,RGB,JPEG,
118124,data/images/118124.jpg,True,True,230,346,RGB,JPEG,
119368,data/images/119368.jpg,True,True,230,171,RGB,JPEG,
121707,data/images/121707.jpg,True,True,460,654,RGB,JPEG,
121802,data/images/121802.jpg,True,True,230,317,RGB,JPEG,
122207,data/images/122207.jpg,True,True,460,690,RGB,JPEG,
126322,data/images/126322.jpg,True,True,230,408,RGB,JPEG,
126652,data/images/126652.jpg,True,True,230,345,RGB,JPEG,
126758,data/images/126758.jpg,True,True,230,322,RGB,JPEG,
126759,data/images/126759.jpg,True,True,230,135,RGB,JPEG,
126843,data/images/126843.jpg,True,True,230,326,RGB,JPEG,
126888,data/images/126888.jpg,True,True,460,288,RGB,JPEG,
126889,data/images/126889.jpg,True,True,230,130,RGB,JPEG,
129844,data/images/129844.jpg,True,True,460,689,RGB,JPEG,
132014,data/images/132014.jpg,True,True,230,322,RGB,JPEG,
136222,data/images/136222.jpg,True,True,230,345,RGB,JPEG,
138961,data/images/138961.jpg,True,True,230,129,RGB,JPEG,
143303,data/images/143303.jpg,True,True,460,623,RGB,JPEG,
144713,data/images/144713.jpg,True,True,460,653,RGB,JPEG,
145494,data/images/145494.jpg,True,True,230,130,RGB,JPEG,
145557,data/images/145557.jpg,True,True,230,365,RGB,JPEG,
145985,data/images/145985.jpg,True,True,460,569,RGB,JPEG,
148103,data/images/148103.jpg,True,True,460,690,RGB,JPEG,
148584,data/images/148584.jpg,True,True,460,641,RGB,JPEG,
151640,data/images/151640.jpg,True,True,230,113,RGB,JPEG,
154125,data/images/154125.jpg,True,True,460,569,RGB,JPEG,
154956,data/images/154956.jpg,True,True,460,690,RGB,JPEG,
155017,data/images/155017.jpg,True,True,230,309,RGB,JPEG,
162690,data/images/162690.jpg,True,True,460,690,RGB,JPEG,
163275,data/images/163275.jpg,True,True,230,408,RGB,JPEG,
166043,data/images/166043.jpg,True,True,230,345,RGB,JPEG,
174842,data/images/174842.jpg,True,True,230,326,RGB,JPEG,
177228,data/images/177228.jpg,True,True,230,271,RGB,JPEG,
179777,data/images/179777.jpg,True,True,230,130,RGB,JPEG,
180770,data/images/180770.jpg,True,True,230,345,RGB,JPEG,
183826,data/images/183826.jpg,True,True,460,287,RGB,JPEG,
187053,data/images/187053.jpg,True,True,230,124,RGB,JPEG,
204373,data/images/204373.jpg,True,True,230,345,RGB,JPEG,
206846,data/images/206846.jpg,True,True,460,259,RGB,JPEG,
213101,data/images/213101.jpg,True,True,230,325,RGB,JPEG,
9488,data/images/9488.jpg,True,True,460,650,RGB,JPEG,
21322,data/images/21322.jpg,True,True,460,690,RGB,JPEG,
21512,data/images/21512.jpg,True,True,460,650,RGB,JPEG,
21673,data/images/21673.jpg,True,True,460,645,RGB,JPEG,
21718,data/images/21718.jpg,True,True,460,644,RGB,JPEG,
97668,data/images/97668.jpg,True,True,460,651,RGB,JPEG,
97880,data/images/97880.jpg,True,True,460,656,RGB,JPEG,
97918,data/images/97918.jpg,True,True,460,648,RGB,JPEG,
97995,data/images/97995.jpg,True,True,460,650,RGB,JPEG,
98056,data/images/98056.jpg,True,True,460,690,RGB,JPEG,
98784,data/images/98784.jpg,True,True,460,650,RGB,JPEG,
99000,data/images/99000.jpg,True,True,460,648,RGB,JPEG,
99230,data/images/99230.jpg,True,True,460,650,RGB,JPEG,
99263,data/images/99263.jpg,True,True,460,698,RGB,JPEG,
99425,data/images/99425.jpg,True,True,460,607,RGB,JPEG,
99470,data/images/99470.jpg,True,True,460,646,RGB,JPEG,
99624,data/images/99624.jpg,True,True,460,650,RGB,JPEG,
100112,data/images/100112.jpg,True,True,460,612,RGB,JPEG,
100186,data/images/100186.jpg,True,True,460,638,RGB,JPEG,
100246,data/images/100246.jpg,True,True,460,690,RGB,JPEG,
100269,data/images/100269.jpg,True,True,460,650,RGB,JPEG,
100280,data/images/100280.jpg,True,True,460,651,RGB,JPEG,
100523,data/images/100523.jpg,True,True,460,619,RGB,JPEG,
100663,data/images/100663.jpg,True,True,460,627,RGB,JPEG,
100668,data/images/100668.jpg,True,True,460,640,RGB,JPEG,
100675,data/images/100675.jpg,True,True,460,660,RGB,JPEG,
100722,data/images/100722.jpg,True,True,460,686,RGB,JPEG,
100780,data/images/100780.jpg,True,True,460,690,RGB,JPEG,
100815,data/images/100815.jpg,True,True,460,690,RGB,JPEG,
100876,data/images/100876.jpg,True,True,460,625,RGB,JPEG,
100878,data/images/100878.jpg,True,True,460,682,RGB,JPEG,
100891,data/images/100891.jpg,True,True,460,650,RGB,JPEG,
100965,data/images/100965.jpg,True,True,460,654,RGB,JPEG,
101123,data/images/101123.jpg,True,True,460,650,RGB,JPEG,
101166,data/images/101166.jpg,True,True,460,650,RGB,JPEG,
101167,data/images/101167.jpg,True,True,460,650,RGB,JPEG,
101215,data/images/101215.jpg,True,True,460,656,RGB,JPEG,
101227,data/images/101227.jpg,True,True,460,632,RGB,JPEG,
101239,data/images/101239.jpg,True,True,460,646,RGB,JPEG,
101261,data/images/101261.jpg,True,True,460,635,RGB,JPEG,
101281,data/images/101281.jpg,True,True,460,650,RGB,JPEG,
101283,data/images/101283.jpg,True,True,400,557,RGB,JPEG,
101317,data/images/101317.jpg,True,True,460,652,RGB,JPEG,
101337,data/images/101337.jpg,True,True,460,648,RGB,JPEG,
101338,data/images/101338.jpg,True,True,460,640,RGB,JPEG,
101343,data/images/101343.jpg,True,True,460,651,RGB,JPEG,
101344,data/images/101344.jpg,True,True,460,652,RGB,JPEG,
101345,data/images/101345.jpg,True,True,460,649,RGB,JPEG,
101347,data/images/101347.jpg,True,True,460,650,RGB,JPEG,
101348,data/images/101348.jpg,True,True,460,649,RGB,JPEG,
101349,data/images/101349.jpg,True,True,460,644,RGB,JPEG,
101379,data/images/101379.jpg,True,True,460,651,RGB,JPEG,
101386,data/images/101386.jpg,True,True,460,657,RGB,JPEG,
101547,data/images/101547.jpg,True,True,460,676,RGB,JPEG,
101579,data/images/101579.jpg,True,True,400,566,RGB,JPEG,
101597,data/images/101597.jpg,True,True,230,329,RGB,JPEG,
101610,data/images/101610.jpg,True,True,460,681,RGB,JPEG,
101633,data/images/101633.jpg,True,True,400,563,RGB,JPEG,
101759,data/images/101759.jpg,True,True,460,648,RGB,JPEG,
101773,data/images/101773.jpg,True,True,230,329,RGB,JPEG,
101814,data/images/101814.jpg,True,True,460,651,RGB,JPEG,
101921,data/images/101921.jpg,True,True,460,655,RGB,JPEG,
101922,data/images/101922.jpg,True,True,460,639,RGB,JPEG,
101930,data/images/101930.jpg,True,True,460,651,RGB,JPEG,
101992,data/images/101992.jpg,True,True,460,649,RGB,JPEG,
102064,data/images/102064.jpg,True,True,460,675,RGB,JPEG,
102090,data/images/102090.jpg,True,True,460,653,RGB,JPEG,
102427,data/images/102427.jpg,True,True,460,618,RGB,JPEG,
102649,data/images/102649.jpg,True,True,460,654,RGB,JPEG,
102680,data/images/102680.jpg,True,True,460,655,RGB,JPEG,
102835,data/images/102835.jpg,True,True,460,602,RGB,JPEG,
102882,data/images/102882.jpg,True,True,460,634,RGB,JPEG,
102926,data/images/102926.jpg,True,True,460,644,RGB,JPEG,
102928,data/images/102928.jpg,True,True,460,680,RGB,JPEG,
102939,data/images/102939.jpg,True,True,460,651,RGB,JPEG,
102949,data/images/102949.jpg,True,True,460,647,RGB,JPEG,
102976,data/images/102976.jpg,True,True,460,649,RGB,JPEG,
103048,data/images/103048.jpg,True,True,460,614,RGB,JPEG,
103049,data/images/103049.jpg,True,True,400,542,RGB,JPEG,
103139,data/images/103139.jpg,True,True,460,651,RGB,JPEG,
103221,data/images/103221.jpg,True,True,460,639,RGB,JPEG,
103222,data/images/103222.jpg,True,True,460,624,RGB,JPEG,
103223,data/images/103223.jpg,True,True,460,643,RGB,JPEG,
103275,data/images/103275.jpg,True,True,460,651,RGB,JPEG,
103301,data/images/103301.jpg,True,True,460,635,RGB,JPEG,
103302,data/images/103302.jpg,True,True,460,661,RGB,JPEG,
103555,data/images/103555.jpg,True,True,460,680,RGB,JPEG,
103572,data/images/103572.jpg,True,True,460,690,RGB,JPEG,
103631,data/images/103631.jpg,True,True,460,632,RGB,JPEG,
103638,data/images/103638.jpg,True,True,460,647,RGB,JPEG,
103735,data/images/103735.jpg,True,True,460,655,RGB,JPEG,
103870,data/images/103870.jpg,True,True,460,687,RGB,JPEG,
103874,data/images/103874.jpg,True,True,460,659,RGB,JPEG,
103900,data/images/103900.jpg,True,True,460,647,RGB,JPEG,
104008,data/images/104008.jpg,True,True,460,690,RGB,JPEG,
104009,data/images/104009.jpg,True,True,460,651,RGB,JPEG,
104038,data/images/104038.jpg,True,True,460,620,RGB,JPEG,
104052,data/images/104052.jpg,True,True,460,653,RGB,JPEG,
104071,data/images/104071.jpg,True,True,460,648,RGB,JPEG,
104102,data/images/104102.jpg,True,True,400,569,RGB,JPEG,
104115,data/images/104115.jpg,True,True,460,669,RGB,JPEG,
104147,data/images/104147.jpg,True,True,460,652,RGB,JPEG,
104157,data/images/104157.jpg,True,True,460,690,RGB,JPEG,
104158,data/images/104158.jpg,True,True,460,651,RGB,JPEG,
104159,data/images/104159.jpg,True,True,460,645,RGB,JPEG,
104174,data/images/104174.jpg,True,True,460,653,RGB,JPEG,
104199,data/images/104199.jpg,True,True,460,648,RGB,JPEG,
104200,data/images/104200.jpg,True,True,460,649,RGB,JPEG,
104212,data/images/104212.jpg,True,True,230,324,RGB,JPEG,
104213,data/images/104213.jpg,True,True,460,658,RGB,JPEG,
104217,data/images/104217.jpg,True,True,460,645,RGB,JPEG,
104252,data/images/104252.jpg,True,True,460,655,RGB,JPEG,
104253,data/images/104253.jpg,True,True,460,654,RGB,JPEG,
104276,data/images/104276.jpg,True,True,460,650,RGB,JPEG,
104284,data/images/104284.jpg,True,True,460,651,RGB,JPEG,
104286,data/images/104286.jpg,True,True,400,565,RGB,JPEG,
104291,data/images/104291.jpg,True,True,230,322,RGB,JPEG,
104292,data/images/104292.jpg,True,True,460,651,RGB,JPEG,
104307,data/images/104307.jpg,True,True,460,664,RGB,JPEG,
104324,data/images/104324.jpg,True,True,400,565,RGB,JPEG,
104325,data/images/104325.jpg,True,True,460,650,RGB,JPEG,
104378,data/images/104378.jpg,True,True,460,690,RGB,JPEG,
104382,data/images/104382.jpg,True,True,460,650,RGB,JPEG,
104451,data/images/104451.jpg,True,True,460,651,RGB,JPEG,
104454,data/images/104454.jpg,True,True,460,651,RGB,JPEG,
104463,data/images/104463.jpg,True,True,460,652,RGB,JPEG,
104464,data/images/104464.jpg,True,True,460,690,RGB,JPEG,
104562,data/images/104562.jpg,True,True,400,568,RGB,JPEG,
104578,data/images/104578.jpg,True,True,460,649,RGB,JPEG,
104674,data/images/104674.jpg,True,True,460,650,RGB,JPEG,
104679,data/images/104679.jpg,True,True,460,690,RGB,JPEG,
104712,data/images/104712.jpg,True,True,460,650,RGB,JPEG,
104721,data/images/104721.jpg,True,True,460,652,RGB,JPEG,
104722,data/images/104722.jpg,True,True,460,690,RGB,JPEG,
104723,data/images/104723.jpg,True,True,460,651,RGB,JPEG,
104750,data/images/104750.jpg,True,True,460,690,RGB,JPEG,
104979,data/images/104979.jpg,True,True,460,596,RGB,JPEG,
104989,data/images/104989.jpg,True,True,460,671,RGB,JPEG,
104990,data/images/104990.jpg,True,True,460,660,RGB,JPEG,
105018,data/images/105018.jpg,True,True,460,651,RGB,JPEG,
105066,data/images/105066.jpg,True,True,460,651,RGB,JPEG,
105074,data/images/105074.jpg,True,True,460,644,RGB,JPEG,
105081,data/images/105081.jpg,True,True,460,645,RGB,JPEG,
105143,data/images/105143.jpg,True,True,460,650,RGB,JPEG,
105156,data/images/105156.jpg,True,True,460,650,RGB,JPEG,
105200,data/images/105200.jpg,True,True,460,651,RGB,JPEG,
105238,data/images/105238.jpg,True,True,460,652,RGB,JPEG,
105246,data/images/105246.jpg,True,True,460,642,RGB,JPEG,
105310,data/images/105310.jpg,True,True,460,690,RGB,JPEG,
105333,data/images/105333.jpg,True,True,460,679,RGB,JPEG,
105334,data/images/105334.jpg,True,True,460,626,RGB,JPEG,
105387,data/images/105387.jpg,True,True,460,650,RGB,JPEG,
105391,data/images/105391.jpg,True,True,460,632,RGB,JPEG,
105596,data/images/105596.jpg,True,True,460,639,RGB,JPEG,
105606,data/images/105606.jpg,True,True,460,669,RGB,JPEG,
105655,data/images/105655.jpg,True,True,460,640,RGB,JPEG,
105749,data/images/105749.jpg,True,True,460,662,RGB,JPEG,
105807,data/images/105807.jpg,True,True,460,628,RGB,JPEG,
105857,data/images/105857.jpg,True,True,460,651,RGB,JPEG,
105893,data/images/105893.jpg,True,True,460,648,RGB,JPEG,
105907,data/images/105907.jpg,True,True,460,631,RGB,JPEG,
105914,data/images/105914.jpg,True,True,460,633,RGB,JPEG,
105928,data/images/105928.jpg,True,True,460,633,RGB,JPEG,
105932,data/images/105932.jpg,True,True,460,654,RGB,JPEG,
105934,data/images/105934.jpg,True,True,460,591,RGB,JPEG,
105962,data/images/105962.jpg,True,True,230,313,RGB,JPEG,
105970,data/images/105970.jpg,True,True,460,652,RGB,JPEG,
105989,data/images/105989.jpg,True,True,460,641,RGB,JPEG,
106051,data/images/106051.jpg,True,True,460,705,RGB,JPEG,
106149,data/images/106149.jpg,True,True,460,691,RGB,JPEG,
106165,data/images/106165.jpg,True,True,460,658,RGB,JPEG,
106206,data/images/106206.jpg,True,True,460,651,RGB,JPEG,
106239,data/images/106239.jpg,True,True,460,660,RGB,JPEG,
106240,data/images/106240.jpg,True,True,460,690,RGB,JPEG,
106286,data/images/106286.jpg,True,True,460,649,RGB,JPEG,
106287,data/images/106287.jpg,True,True,460,690,RGB,JPEG,
106322,data/images/106322.jpg,True,True,460,651,RGB,JPEG,
106433,data/images/106433.jpg,True,True,460,690,RGB,JPEG,
106493,data/images/106493.jpg,True,True,460,651,RGB,JPEG,
106508,data/images/106508.jpg,True,True,230,327,RGB,JPEG,
106509,data/images/106509.jpg,True,True,460,650,RGB,JPEG,
106568,data/images/106568.jpg,True,True,460,650,RGB,JPEG,
106578,data/images/106578.jpg,True,True,460,652,RGB,JPEG,
106579,data/images/106579.jpg,True,True,460,617,RGB,JPEG,
106607,data/images/106607.jpg,True,True,460,650,RGB,JPEG,
106690,data/images/106690.jpg,True,True,230,325,RGB,JPEG,
106750,data/images/106750.jpg,True,True,460,652,RGB,JPEG,
106858,data/images/106858.jpg,True,True,460,635,RGB,JPEG,
106893,data/images/106893.jpg,True,True,460,650,RGB,JPEG,
106894,data/images/106894.jpg,True,True,460,690,RGB,JPEG,
106896,data/images/106896.jpg,True,True,460,640,RGB,JPEG,
106918,data/images/106918.jpg,True,True,460,650,RGB,JPEG,
106967,data/images/106967.jpg,True,True,460,652,RGB,JPEG,
107012,data/images/107012.jpg,True,True,460,690,RGB,JPEG,
107068,data/images/107068.jpg,True,True,460,653,RGB,JPEG,
107075,data/images/107075.jpg,True,True,460,651,RGB,JPEG,
107076,data/images/107076.jpg,True,True,460,649,RGB,JPEG,
107131,data/images/107131.jpg,True,True,460,651,RGB,JPEG,
107132,data/images/107132.jpg,True,True,460,643,RGB,JPEG,
107136,data/images/107136.jpg,True,True,460,652,RGB,JPEG,
107138,data/images/107138.jpg,True,True,460,652,RGB,JPEG,
107202,data/images/107202.jpg,True,True,460,651,RGB,JPEG,
107208,data/images/107208.jpg,True,True,460,654,RGB,JPEG,
107219,data/images/107219.jpg,True,True,460,651,RGB,JPEG,
107226,data/images/107226.jpg,True,True,460,652,RGB,JPEG,
107252,data/images/107252.jpg,True,True,460,660,RGB,JPEG,
107313,data/images/107313.jpg,True,True,460,690,RGB,JPEG,
107339,data/images/107339.jpg,True,True,460,652,RGB,JPEG,
107346,data/images/107346.jpg,True,True,460,633,RGB,JPEG,
107418,data/images/107418.jpg,True,True,460,657,RGB,JPEG,
107444,data/images/107444.jpg,True,True,460,632,RGB,JPEG,
107447,data/images/107447.jpg,True,True,460,650,RGB,JPEG,
107490,data/images/107490.jpg,True,True,460,690,RGB,JPEG,
107506,data/images/107506.jpg,True,True,460,530,RGB,JPEG,
107535,data/images/107535.jpg,True,True,460,654,RGB,JPEG,
107653,data/images/107653.jpg,True,True,460,417,RGB,JPEG,
107660,data/images/107660.jpg,True,True,460,650,RGB,JPEG,
107663,data/images/107663.jpg,True,True,460,651,RGB,JPEG,
107666,data/images/107666.jpg,True,True,230,325,RGB,JPEG,
107672,data/images/107672.jpg,True,True,460,637,RGB,JPEG,
107692,data/images/107692.jpg,True,True,230,358,RGB,JPEG,
107693,data/images/107693.jpg,True,True,460,650,RGB,JPEG,
107727,data/images/107727.jpg,True,True,460,690,RGB,JPEG,
107860,data/images/107860.jpg,True,True,230,325,RGB,JPEG,
107864,data/images/107864.jpg,True,True,460,650,RGB,JPEG,
107876,data/images/107876.jpg,True,True,460,690,RGB,JPEG,
107881,data/images/107881.jpg,True,True,460,650,RGB,JPEG,
107905,data/images/107905.jpg,True,True,460,651,RGB,JPEG,
107908,data/images/107908.jpg,True,True,460,650,RGB,JPEG,
107956,data/images/107956.jpg,True,True,460,689,RGB,JPEG,
107961,data/images/107961.jpg,True,True,460,640,RGB,JPEG,
107974,data/images/107974.jpg,True,True,460,650,RGB,JPEG,
107993,data/images/107993.jpg,True,True,460,690,RGB,JPEG,
108039,data/images/108039.jpg,True,True,460,652,RGB,JPEG,
108040,data/images/108040.jpg,True,True,460,649,RGB,JPEG,
108041,data/images/108041.jpg,True,True,460,651,RGB,JPEG,
108062,data/images/108062.jpg,True,True,460,695,RGB,JPEG,
108064,data/images/108064.jpg,True,True,460,651,RGB,JPEG,
108111,data/images/108111.jpg,True,True,460,644,RGB,JPEG,
108113,data/images/108113.jpg,True,True,460,677,RGB,JPEG,
108147,data/images/108147.jpg,True,True,230,329,RGB,JPEG,
108253,data/images/108253.jpg,True,True,460,644,RGB,JPEG,
108263,data/images/108263.jpg,True,True,460,652,RGB,JPEG,
108268,data/images/108268.jpg,True,True,460,652,RGB,JPEG,
108301,data/images/108301.jpg,True,True,460,460,RGB,JPEG,
108307,data/images/108307.jpg,True,True,460,651,RGB,JPEG,
108354,data/images/108354.jpg,True,True,460,690,RGB,JPEG,
108355,data/images/108355.jpg,True,True,460,650,RGB,JPEG,
108358,data/images/108358.jpg,True,True,460,690,RGB,JPEG,
108388,data/images/108388.jpg,True,True,460,650,RGB,JPEG,
108411,data/images/108411.jpg,True,True,460,650,RGB,JPEG,
108413,data/images/108413.jpg,True,True,460,651,RGB,JPEG,
108430,data/images/108430.jpg,True,True,460,649,RGB,JPEG,
108444,data/images/108444.jpg,True,True,460,634,RGB,JPEG,
108478,data/images/108478.jpg,True,True,460,649,RGB,JPEG,
108487,data/images/108487.jpg,True,True,460,666,RGB,JPEG,
108548,data/images/108548.jpg,True,True,230,284,RGB,JPEG,
108553,data/images/108553.jpg,True,True,460,690,RGB,JPEG,
108554,data/images/108554.jpg,True,True,460,648,RGB,JPEG,
108577,data/images/108577.jpg,True,True,460,645,RGB,JPEG,
108581,data/images/108581.jpg,True,True,230,345,RGB,JPEG,
108598,data/images/108598.jpg,True,True,460,690,RGB,JPEG,
108625,data/images/108625.jpg,True,True,460,648,RGB,JPEG,
108626,data/images/108626.jpg,True,True,460,690,RGB,JPEG,
108726,data/images/108726.jpg,True,True,460,259,RGB,JPEG,
108728,data/images/108728.jpg,True,True,460,690,RGB,JPEG,
108734,data/images/108734.jpg,True,True,460,648,RGB,JPEG,
108735,data/images/108735.jpg,True,True,460,650,RGB,JPEG,
108742,data/images/108742.jpg,True,True,460,652,RGB,JPEG,
108758,data/images/108758.jpg,True,True,460,608,RGB,JPEG,
108759,data/images/108759.jpg,True,True,460,651,RGB,JPEG,
108761,data/images/108761.jpg,True,True,460,651,RGB,JPEG,
108767,data/images/108767.jpg,True,True,460,650,RGB,JPEG,
108810,data/images/108810.jpg,True,True,460,574,RGB,JPEG,
108811,data/images/108811.jpg,True,True,460,651,RGB,JPEG,
108852,data/images/108852.jpg,True,True,460,650,RGB,JPEG,
108853,data/images/108853.jpg,True,True,460,654,RGB,JPEG,
108859,data/images/108859.jpg,True,True,460,644,RGB,JPEG,
108891,data/images/108891.jpg,True,True,460,645,RGB,JPEG,
108928,data/images/108928.jpg,True,True,460,650,RGB,JPEG,
108945,data/images/108945.jpg,True,True,460,690,RGB,JPEG,
109089,data/images/109089.jpg,True,True,460,649,RGB,JPEG,
109153,data/images/109153.jpg,True,True,460,543,RGB,JPEG,
109190,data/images/109190.jpg,True,True,460,651,RGB,JPEG,
109215,data/images/109215.jpg,True,True,460,649,RGB,JPEG,
109260,data/images/109260.jpg,True,True,460,654,RGB,JPEG,
109280,data/images/109280.jpg,True,True,230,128,RGB,JPEG,
109299,data/images/109299.jpg,True,True,460,657,RGB,JPEG,
109300,data/images/109300.jpg,True,True,460,643,RGB,JPEG,
109304,data/images/109304.jpg,True,True,460,652,RGB,JPEG,
109321,data/images/109321.jpg,True,True,460,651,RGB,JPEG,
109326,data/images/109326.jpg,True,True,460,651,RGB,JPEG,
109382,data/images/109382.jpg,True,True,460,651,RGB,JPEG,
109418,data/images/109418.jpg,True,True,460,690,RGB,JPEG,
109492,data/images/109492.jpg,True,True,460,618,RGB,JPEG,
109562,data/images/109562.jpg,True,True,460,649,RGB,JPEG,
109603,data/images/109603.jpg,True,True,460,650,RGB,JPEG,
109616,data/images/109616.jpg,True,True,460,651,RGB,JPEG,
109621,data/images/109621.jpg,True,True,460,652,RGB,JPEG,
109639,data/images/109639.jpg,True,True,230,326,RGB,JPEG,
109737,data/images/109737.jpg,True,True,460,642,RGB,JPEG,
109819,data/images/109819.jpg,True,True,460,690,RGB,JPEG,
109929,data/images/109929.jpg,True,True,460,651,RGB,JPEG,
109931,data/images/109931.jpg,True,True,460,663,RGB,JPEG,
109955,data/images/109955.jpg,True,True,460,275,RGB,JPEG,
109963,data/images/109963.jpg,True,True,460,691,RGB,JPEG,
110088,data/images/110088.jpg,True,True,460,690,RGB,JPEG,
110089,data/images/110089.jpg,True,True,460,650,RGB,JPEG,
110124,data/images/110124.jpg,True,True,460,650,RGB,JPEG,
110131,data/images/110131.jpg,True,True,460,651,RGB,JPEG,
110173,data/images/110173.jpg,True,True,460,690,RGB,JPEG,
110201,data/images/110201.jpg,True,True,230,345,RGB,JPEG,
110229,data/images/110229.jpg,True,True,460,651,RGB,JPEG,
110261,data/images/110261.jpg,True,True,460,651,RGB,JPEG,
110287,data/images/110287.jpg,True,True,460,640,RGB,JPEG,
110291,data/images/110291.jpg,True,True,230,322,RGB,JPEG,
110317,data/images/110317.jpg,True,True,230,214,RGB,JPEG,
110318,data/images/110318.jpg,True,True,460,658,RGB,JPEG,
110336,data/images/110336.jpg,True,True,460,642,RGB,JPEG,
110347,data/images/110347.jpg,True,True,460,650,RGB,JPEG,
110359,data/images/110359.jpg,True,True,460,651,RGB,JPEG,
110382,data/images/110382.jpg,True,True,460,255,RGB,JPEG,
110413,data/images/110413.jpg,True,True,460,691,RGB,JPEG,
110419,data/images/110419.jpg,True,True,460,636,RGB,JPEG,
110642,data/images/110642.jpg,True,True,460,307,RGB,JPEG,
110686,data/images/110686.jpg,True,True,460,650,RGB,JPEG,
110730,data/images/110730.jpg,True,True,460,652,RGB,JPEG,
110734,data/images/110734.jpg,True,True,460,427,RGB,JPEG,
110736,data/images/110736.jpg,True,True,460,652,RGB,JPEG,
110738,data/images/110738.jpg,True,True,460,690,RGB,JPEG,
110786,data/images/110786.jpg,True,True,460,690,RGB,JPEG,
110788,data/images/110788.jpg,True,True,460,690,RGB,JPEG,
110789,data/images/110789.jpg,True,True,460,690,RGB,JPEG,
110810,data/images/110810.jpg,True,True,460,645,RGB,JPEG,
110811,data/images/110811.jpg,True,True,230,326,RGB,JPEG,
110851,data/images/110851.jpg,True,True,460,650,RGB,JPEG,
110867,data/images/110867.jpg,True,True,460,691,RGB,JPEG,
110881,data/images/110881.jpg,True,True,460,690,RGB,JPEG,
111001,data/images/111001.jpg,True,True,460,635,RGB,JPEG,
111015,data/images/111015.jpg,True,True,460,690,RGB,JPEG,
111048,data/images/111048.jpg,True,True,460,663,RGB,JPEG,
111082,data/images/111082.jpg,True,True,460,690,RGB,JPEG,
111121,data/images/111121.jpg,True,True,460,652,RGB,JPEG,
111126,data/images/111126.jpg,True,True,460,651,RGB,JPEG,
111131,data/images/111131.jpg,True,True,460,613,RGB,JPEG,
111144,data/images/111144.jpg,True,True,460,655,RGB,JPEG,
111188,data/images/111188.jpg,True,True,460,651,RGB,JPEG,
111290,data/images/111290.jpg,True,True,460,659,RGB,JPEG,
111306,data/images/111306.jpg,True,True,230,324,RGB,JPEG,
111319,data/images/111319.jpg,True,True,460,652,RGB,JPEG,
111320,data/images/111320.jpg,True,True,460,652,RGB,JPEG,
111400,data/images/111400.jpg,True,True,460,650,RGB,JPEG,
111656,data/images/111656.jpg,True,True,460,651,RGB,JPEG,
111728,data/images/111728.jpg,True,True,460,650,RGB,JPEG,
111729,data/images/111729.jpg,True,True,460,650,RGB,JPEG,
111730,data/images/111730.jpg,True,True,460,345,RGB,JPEG,
111732,data/images/111732.jpg,True,True,460,678,RGB,JPEG,
111733,data/images/111733.jpg,True,True,460,679,RGB,JPEG,
111789,data/images/111789.jpg,True,True,460,627,RGB,JPEG,
111905,data/images/111905.jpg,True,True,460,652,RGB,JPEG,
111931,data/images/111931.jpg,True,True,460,665,RGB,JPEG,
111932,data/images/111932.jpg,True,True,460,690,RGB,JPEG,
111952,data/images/111952.jpg,True,True,460,242,RGB,JPEG,
111964,data/images/111964.jpg,True,True,460,690,RGB,JPEG,
112008,data/images/112008.jpg,True,True,230,325,RGB,JPEG,
112010,data/images/112010.jpg,True,True,230,337,RGB,JPEG,
112031,data/images/112031.jpg,True,True,460,650,RGB,JPEG,
112034,data/images/112034.jpg,True,True,460,690,RGB,JPEG,
112036,data/images/112036.jpg,True,True,460,651,RGB,JPEG,
112135,data/images/112135.jpg,True,True,460,709,RGB,JPEG,
112153,data/images/112153.jpg,True,True,460,690,RGB,JPEG,
112190,data/images/112190.jpg,True,True,460,645,RGB,JPEG,
112233,data/images/112233.jpg,True,True,460,654,RGB,JPEG,
112308,data/images/112308.jpg,True,True,460,651,RGB,JPEG,
112356,data/images/112356.jpg,True,True,460,635,RGB,JPEG,
112455,data/images/112455.jpg,True,True,230,325,RGB,JPEG,
112472,data/images/112472.jpg,True,True,230,326,RGB,JPEG,
112625,data/images/112625.jpg,True,True,230,322,RGB,JPEG,
112658,data/images/112658.jpg,True,True,460,635,RGB,JPEG,
112685,data/images/112685.jpg,True,True,460,644,RGB,JPEG,
112732,data/images/112732.jpg,True,True,460,634,RGB,JPEG,
113138,data/images/113138.jpg,True,True,230,325,RGB,JPEG,
113221,data/images/113221.jpg,True,True,230,345,RGB,JPEG,
113242,data/images/113242.jpg,True,True,460,654,RGB,JPEG,
113273,data/images/113273.jpg,True,True,460,654,RGB,JPEG,
113302,data/images/113302.jpg,True,True,460,690,RGB,JPEG,
113348,data/images/113348.jpg,True,True,460,581,RGB,JPEG,
113654,data/images/113654.jpg,True,True,460,261,RGB,JPEG,
113655,data/images/113655.jpg,True,True,460,690,RGB,JPEG,
113828,data/images/113828.jpg,True,True,460,690,RGB,JPEG,
113924,data/images/113924.jpg,True,True,460,690,RGB,JPEG,
113993,data/images/113993.jpg,True,True,460,690,RGB,JPEG,
114234,data/images/114234.jpg,True,True,460,690,RGB,JPEG,
114317,data/images/114317.jpg,True,True,460,660,RGB,JPEG,
114338,data/images/114338.jpg,True,True,230,116,RGB,JPEG,
114474,data/images/114474.jpg,True,True,460,658,RGB,JPEG,
114750,data/images/114750.jpg,True,True,460,652,RGB,JPEG,
115142,data/images/115142.jpg,True,True,460,690,RGB,JPEG,
115238,data/images/115238.jpg,True,True,460,690,RGB,JPEG,
115908,data/images/115908.jpg,True,True,460,613,RGB,JPEG,
116073,data/images/116073.jpg,True,True,460,650,RGB,JPEG,
116222,data/images/116222.jpg,True,True,230,325,RGB,JPEG,
116225,data/images/116225.jpg,True,True,460,653,RGB,JPEG,
116354,data/images/116354.jpg,True,True,460,650,RGB,JPEG,
116801,data/images/116801.jpg,True,True,460,651,RGB,JPEG,
117396,data/images/117396.jpg,True,True,230,345,RGB,JPEG,
117408,data/images/117408.jpg,True,True,230,326,RGB,JPEG,
118123,data/images/118123.jpg,True,True,460,639,RGB,JPEG,
119403,data/images/119403.jpg,True,True,460,722,RGB,JPEG,
120257,data/images/120257.jpg,True,True,460,621,RGB,JPEG,
120266,data/images/120266.jpg,True,True,230,358,RGB,JPEG,
120317,data/images/120317.jpg,True,True,460,388,RGB,JPEG,
120998,data/images/120998.jpg,True,True,230,345,RGB,JPEG,
121043,data/images/121043.jpg,True,True,460,690,RGB,JPEG,
121687,data/images/121687.jpg,True,True,460,648,RGB,JPEG,
121690,data/images/121690.jpg,True,True,460,690,RGB,JPEG,
121720,data/images/121720.jpg,True,True,460,651,RGB,JPEG,
121833,data/images/121833.jpg,True,True,460,650,RGB,JPEG,
122208,data/images/122208.jpg,True,True,460,690,RGB,JPEG,
123284,data/images/123284.jpg,True,True,460,690,RGB,JPEG,
124138,data/images/124138.jpg,True,True,230,345,RGB,JPEG,
124337,data/images/124337.jpg,True,True,460,654,RGB,JPEG,
124756,data/images/124756.jpg,True,True,460,654,RGB,JPEG,
126876,data/images/126876.jpg,True,True,460,663,RGB,JPEG,
126886,data/images/126886.jpg,True,True,460,690,RGB,JPEG,
128738,data/images/128738.jpg,True,True,230,130,RGB,JPEG,
128739,data/images/128739.jpg,True,True,230,279,RGB,JPEG,
129159,data/images/129159.jpg,True,True,230,346,RGB,JPEG,
129815,data/images/129815.jpg,True,True,460,544,RGB,JPEG,
131458,data/images/131458.jpg,True,True,230,331,RGB,JPEG,
131741,data/images/131741.jpg,True,True,460,325,RGB,JPEG,
132694,data/images/132694.jpg,True,True,460,650,RGB,JPEG,
132695,data/images/132695.jpg,True,True,460,650,RGB,JPEG,
132849,data/images/132849.jpg,True,True,460,652,RGB,JPEG,
138103,data/images/138103.jpg,True,True,460,570,RGB,JPEG,
138675,data/images/138675.jpg,True,True,230,121,RGB,JPEG,
138953,data/images/138953.jpg,True,True,230,129,RGB,JPEG,
142480,data/images/142480.jpg,True,True,460,259,RGB,JPEG,
154174,data/images/154174.jpg,True,True,230,307,RGB,JPEG,
154175,data/images/154175.jpg,True,True,460,613,RGB,JPEG,
166051,data/images/166051.jpg,True,True,460,643,RGB,JPEG,
169685,data/images/169685.jpg,True,True,460,690,RGB,JPEG,
177229,data/images/177229.jpg,True,True,230,273,RGB,JPEG,
179875,data/images/179875.jpg,True,True,230,317,RGB,JPEG,
187054,data/images/187054.jpg,True,True,230,125,RGB,JPEG,
189724,data/images/189724.jpg,True,True,460,649,RGB,JPEG,
199495,data/images/199495.jpg,True,True,230,325,RGB,JPEG,
203021,data/images/203021.jpg,True,True,460,654,RGB,JPEG,
204629,data/images/204629.jpg,True,True,460,533,RGB,JPEG,
21719,data/images/21719.jpg,True,True,460,644,RGB,JPEG,
98515,data/images/98515.jpg,True,True,460,690,RGB,JPEG,
98776,data/images/98776.jpg,True,True,460,645,RGB,JPEG,
98875,data/images/98875.jpg,True,True,230,325,RGB,JPEG,
99807,data/images/99807.jpg,True,True,460,654,RGB,JPEG,
100643,data/images/100643.jpg,True,True,460,651,RGB,JPEG,
101168,data/images/101168.jpg,True,True,460,647,RGB,JPEG,
101350,data/images/101350.jpg,True,True,460,650,RGB,JPEG,
101367,data/images/101367.jpg,True,True,460,690,RGB,JPEG,
101499,data/images/101499.jpg,True,True,460,656,RGB,JPEG,
101574,data/images/101574.jpg,True,True,460,651,RGB,JPEG,
101634,data/images/101634.jpg,True,True,460,611,RGB,JPEG,
103047,data/images/103047.jpg,True,True,460,642,RGB,JPEG,
103110,data/images/103110.jpg,True,True,460,676,RGB,JPEG,
103119,data/images/103119.jpg,True,True,460,656,RGB,JPEG,
103276,data/images/103276.jpg,True,True,460,644,RGB,JPEG,
104040,data/images/104040.jpg,True,True,460,651,RGB,JPEG,
104051,data/images/104051.jpg,True,True,460,650,RGB,JPEG,
104198,data/images/104198.jpg,True,True,460,650,RGB,JPEG,
104391,data/images/104391.jpg,True,True,460,690,RGB,JPEG,
104461,data/images/104461.jpg,True,True,460,651,RGB,JPEG,
104462,data/images/104462.jpg,True,True,460,648,RGB,JPEG,
104647,data/images/104647.jpg,True,True,460,654,RGB,JPEG,
104749,data/images/104749.jpg,True,True,460,634,RGB,JPEG,
104936,data/images/104936.jpg,True,True,460,690,RGB,JPEG,
104937,data/images/104937.jpg,True,True,460,647,RGB,JPEG,
105190,data/images/105190.jpg,True,True,460,650,RGB,JPEG,
105228,data/images/105228.jpg,True,True,460,651,RGB,JPEG,
105244,data/images/105244.jpg,True,True,460,690,RGB,JPEG,
106154,data/images/106154.jpg,True,True,460,680,RGB,JPEG,
106319,data/images/106319.jpg,True,True,460,651,RGB,JPEG,
106479,data/images/106479.jpg,True,True,460,690,RGB,JPEG,
106625,data/images/106625.jpg,True,True,460,650,RGB,JPEG,
106863,data/images/106863.jpg,True,True,460,690,RGB,JPEG,
107067,data/images/107067.jpg,True,True,460,690,RGB,JPEG,
107201,data/images/107201.jpg,True,True,460,655,RGB,JPEG,
107294,data/images/107294.jpg,True,True,460,651,RGB,JPEG,
107420,data/images/107420.jpg,True,True,460,644,RGB,JPEG,
107651,data/images/107651.jpg,True,True,460,690,RGB,JPEG,
107871,data/images/107871.jpg,True,True,460,690,RGB,JPEG,
107880,data/images/107880.jpg,True,True,460,616,RGB,JPEG,
108092,data/images/108092.jpg,True,True,460,681,RGB,JPEG,
108241,data/images/108241.jpg,True,True,460,656,RGB,JPEG,
108260,data/images/108260.jpg,True,True,460,690,RGB,JPEG,
108266,data/images/108266.jpg,True,True,460,649,RGB,JPEG,
108267,data/images/108267.jpg,True,True,230,323,RGB,JPEG,
108356,data/images/108356.jpg,True,True,460,681,RGB,JPEG,
108450,data/images/108450.jpg,True,True,460,651,RGB,JPEG,
108463,data/images/108463.jpg,True,True,460,650,RGB,JPEG,
108489,data/images/108489.jpg,True,True,460,650,RGB,JPEG,
108522,data/images/108522.jpg,True,True,460,651,RGB,JPEG,
108617,data/images/108617.jpg,True,True,460,652,RGB,JPEG,
108623,data/images/108623.jpg,True,True,460,714,RGB,JPEG,
108628,data/images/108628.jpg,True,True,460,653,RGB,JPEG,
108629,data/images/108629.jpg,True,True,460,648,RGB,JPEG,
108630,data/images/108630.jpg,True,True,460,690,RGB,JPEG,
108632,data/images/108632.jpg,True,True,460,630,RGB,JPEG,
108713,data/images/108713.jpg,True,True,460,656,RGB,JPEG,
108714,data/images/108714.jpg,True,True,460,643,RGB,JPEG,
108941,data/images/108941.jpg,True,True,460,604,RGB,JPEG,
109019,data/images/109019.jpg,True,True,460,645,RGB,JPEG,
109020,data/images/109020.jpg,True,True,460,690,RGB,JPEG,
109125,data/images/109125.jpg,True,True,460,650,RGB,JPEG,
109171,data/images/109171.jpg,True,True,460,640,RGB,JPEG,
109287,data/images/109287.jpg,True,True,460,650,RGB,JPEG,
109298,data/images/109298.jpg,True,True,460,690,RGB,JPEG,
109586,data/images/109586.jpg,True,True,460,651,RGB,JPEG,
109638,data/images/109638.jpg,True,True,230,329,RGB,JPEG,
109856,data/images/109856.jpg,True,True,460,654,RGB,JPEG,
109964,data/images/109964.jpg,True,True,460,690,RGB,JPEG,
110028,data/images/110028.jpg,True,True,460,654,RGB,JPEG,
110090,data/images/110090.jpg,True,True,460,641,RGB,JPEG,
110130,data/images/110130.jpg,True,True,460,651,RGB,JPEG,
110178,data/images/110178.jpg,True,True,460,647,RGB,JPEG,
110270,data/images/110270.jpg,True,True,460,650,RGB,JPEG,
110337,data/images/110337.jpg,True,True,460,741,RGB,JPEG,
110349,data/images/110349.jpg,True,True,460,640,RGB,JPEG,
110350,data/images/110350.jpg,True,True,460,690,RGB,JPEG,
110353,data/images/110353.jpg,True,True,460,641,RGB,JPEG,
110354,data/images/110354.jpg,True,True,460,659,RGB,JPEG,
110355,data/images/110355.jpg,True,True,460,647,RGB,JPEG,
110371,data/images/110371.jpg,True,True,460,690,RGB,JPEG,
110445,data/images/110445.jpg,True,True,230,345,RGB,JPEG,
110446,data/images/110446.jpg,True,True,230,324,RGB,JPEG,
110458,data/images/110458.jpg,True,True,460,651,RGB,JPEG,
110495,data/images/110495.jpg,True,True,460,650,RGB,JPEG,
110547,data/images/110547.jpg,True,True,460,617,RGB,JPEG,
110613,data/images/110613.jpg,True,True,230,324,RGB,JPEG,
110615,data/images/110615.jpg,True,True,460,690,RGB,JPEG,
110632,data/images/110632.jpg,True,True,460,650,RGB,JPEG,
110857,data/images/110857.jpg,True,True,460,650,RGB,JPEG,
111137,data/images/111137.jpg,True,True,460,648,RGB,JPEG,
111145,data/images/111145.jpg,True,True,460,651,RGB,JPEG,
111305,data/images/111305.jpg,True,True,460,640,RGB,JPEG,
111310,data/images/111310.jpg,True,True,460,690,RGB,JPEG,
111312,data/images/111312.jpg,True,True,460,653,RGB,JPEG,
111323,data/images/111323.jpg,True,True,460,645,RGB,JPEG,
111324,data/images/111324.jpg,True,True,460,655,RGB,JPEG,
111428,data/images/111428.jpg,True,True,460,655,RGB,JPEG,
111500,data/images/111500.jpg,True,True,460,640,RGB,JPEG,
111501,data/images/111501.jpg,True,True,460,690,RGB,JPEG,
111734,data/images/111734.jpg,True,True,460,640,RGB,JPEG,
111762,data/images/111762.jpg,True,True,460,651,RGB,JPEG,
111790,data/images/111790.jpg,True,True,460,650,RGB,JPEG,
111852,data/images/111852.jpg,True,True,460,647,RGB,JPEG,
111944,data/images/111944.jpg,True,True,460,690,RGB,JPEG,
111951,data/images/111951.jpg,True,True,460,690,RGB,JPEG,
111965,data/images/111965.jpg,True,True,460,649,RGB,JPEG,
112033,data/images/112033.jpg,True,True,460,690,RGB,JPEG,
112124,data/images/112124.jpg,True,True,460,652,RGB,JPEG,
112125,data/images/112125.jpg,True,True,460,644,RGB,JPEG,
112151,data/images/112151.jpg,True,True,460,646,RGB,JPEG,
112166,data/images/112166.jpg,True,True,460,652,RGB,JPEG,
112177,data/images/112177.jpg,True,True,460,654,RGB,JPEG,
112258,data/images/112258.jpg,True,True,460,652,RGB,JPEG,
112293,data/images/112293.jpg,True,True,460,690,RGB,JPEG,
112296,data/images/112296.jpg,True,True,460,690,RGB,JPEG,
112300,data/images/112300.jpg,True,True,460,647,RGB,JPEG,
112301,data/images/112301.jpg,True,True,460,654,RGB,JPEG,
112302,data/images/112302.jpg,True,True,460,652,RGB,JPEG,
112324,data/images/112324.jpg,True,True,460,616,RGB,JPEG,
112325,data/images/112325.jpg,True,True,460,650,RGB,JPEG,
112353,data/images/112353.jpg,True,True,460,652,RGB,JPEG,
112357,data/images/112357.jpg,True,True,460,662,RGB,JPEG,
112374,data/images/112374.jpg,True,True,460,649,RGB,JPEG,
112375,data/images/112375.jpg,True,True,460,651,RGB,JPEG,
112444,data/images/112444.jpg,True,True,460,651,RGB,JPEG,
112479,data/images/112479.jpg,True,True,460,690,RGB,JPEG,
112480,data/images/112480.jpg,True,True,460,650,RGB,JPEG,
112534,data/images/112534.jpg,True,True,460,678,RGB,JPEG,
112609,data/images/112609.jpg,True,True,460,646,RGB,JPEG,
112612,data/images/112612.jpg,True,True,460,650,RGB,JPEG,
112641,data/images/112641.jpg,True,True,460,655,RGB,JPEG,
112667,data/images/112667.jpg,True,True,460,651,RGB,JPEG,
112686,data/images/112686.jpg,True,True,460,652,RGB,JPEG,
112748,data/images/112748.jpg,True,True,460,651,RGB,JPEG,
112788,data/images/112788.jpg,True,True,460,645,RGB,JPEG,
112803,data/images/112803.jpg,True,True,460,653,RGB,JPEG,
112818,data/images/112818.jpg,True,True,460,736,RGB,JPEG,
112908,data/images/112908.jpg,True,True,460,653,RGB,JPEG,
112930,data/images/112930.jpg,True,True,460,673,RGB,JPEG,
112936,data/images/112936.jpg,True,True,460,641,RGB,JPEG,
113023,data/images/113023.jpg,True,True,460,652,RGB,JPEG,
113051,data/images/113051.jpg,True,True,460,690,RGB,JPEG,
113108,data/images/113108.jpg,True,True,460,655,RGB,JPEG,
113187,data/images/113187.jpg,True,True,460,652,RGB,JPEG,
113220,data/images/113220.jpg,True,True,460,651,RGB,JPEG,
113286,data/images/113286.jpg,True,True,460,666,RGB,JPEG,
113311,data/images/113311.jpg,True,True,460,652,RGB,JPEG,
113397,data/images/113397.jpg,True,True,460,690,RGB,JPEG,
113415,data/images/113415.jpg,True,True,460,643,RGB,JPEG,
113416,data/images/113416.jpg,True,True,460,650,RGB,JPEG,
113417,data/images/113417.jpg,True,True,460,690,RGB,JPEG,
113463,data/images/113463.jpg,True,True,460,651,RGB,JPEG,
113469,data/images/113469.jpg,True,True,460,689,RGB,JPEG,
113470,data/images/113470.jpg,True,True,460,652,RGB,JPEG,
113472,data/images/113472.jpg,True,True,460,690,RGB,JPEG,
113538,data/images/113538.jpg,True,True,460,650,RGB,JPEG,
113570,data/images/113570.jpg,True,True,460,655,RGB,JPEG,
113596,data/images/113596.jpg,True,True,460,648,RGB,JPEG,
113621,data/images/113621.jpg,True,True,460,651,RGB,JPEG,
113652,data/images/113652.jpg,True,True,460,647,RGB,JPEG,
113669,data/images/113669.jpg,True,True,460,649,RGB,JPEG,
113693,data/images/113693.jpg,True,True,460,632,RGB,JPEG,
113705,data/images/113705.jpg,True,True,460,613,RGB,JPEG,
113811,data/images/113811.jpg,True,True,460,410,RGB,JPEG,
113813,data/images/113813.jpg,True,True,460,638,RGB,JPEG,
113851,data/images/113851.jpg,True,True,460,690,RGB,JPEG,
113863,data/images/113863.jpg,True,True,460,690,RGB,JPEG,
113864,data/images/113864.jpg,True,True,460,648,RGB,JPEG,
113906,data/images/113906.jpg,True,True,460,676,RGB,JPEG,
113917,data/images/113917.jpg,True,True,460,690,RGB,JPEG,
113932,data/images/113932.jpg,True,True,460,650,RGB,JPEG,
113947,data/images/113947.jpg,True,True,460,651,RGB,JPEG,
113970,data/images/113970.jpg,True,True,460,650,RGB,JPEG,
113990,data/images/113990.jpg,True,True,460,656,RGB,JPEG,
114030,data/images/114030.jpg,True,True,460,654,RGB,JPEG,
114043,data/images/114043.jpg,True,True,460,646,RGB,JPEG,
114052,data/images/114052.jpg,True,True,460,650,RGB,JPEG,
114072,data/images/114072.jpg,True,True,460,647,RGB,JPEG,
114099,data/images/114099.jpg,True,True,460,650,RGB,JPEG,
114124,data/images/114124.jpg,True,True,460,651,RGB,JPEG,
114195,data/images/114195.jpg,True,True,460,732,RGB,JPEG,
114196,data/images/114196.jpg,True,True,460,690,RGB,JPEG,
114233,data/images/114233.jpg,True,True,460,657,RGB,JPEG,
114236,data/images/114236.jpg,True,True,460,650,RGB,JPEG,
114242,data/images/114242.jpg,True,True,460,652,RGB,JPEG,
114243,data/images/114243.jpg,True,True,460,639,RGB,JPEG,
114249,data/images/114249.jpg,True,True,460,617,RGB,JPEG,
114263,data/images/114263.jpg,True,True,460,603,RGB,JPEG,
114308,data/images/114308.jpg,True,True,460,651,RGB,JPEG,
114334,data/images/114334.jpg,True,True,460,652,RGB,JPEG,
114340,data/images/114340.jpg,True,True,460,648,RGB,JPEG,
114402,data/images/114402.jpg,True,True,460,650,RGB,JPEG,
114411,data/images/114411.jpg,True,True,460,655,RGB,JPEG,
114417,data/images/114417.jpg,True,True,460,621,RGB,JPEG,
114424,data/images/114424.jpg,True,True,230,322,RGB,JPEG,
114442,data/images/114442.jpg,True,True,460,690,RGB,JPEG,
114446,data/images/114446.jpg,True,True,460,722,RGB,JPEG,
114448,data/images/114448.jpg,True,True,460,610,RGB,JPEG,
114564,data/images/114564.jpg,True,True,460,651,RGB,JPEG,
114622,data/images/114622.jpg,True,True,460,618,RGB,JPEG,
114656,data/images/114656.jpg,True,True,230,306,RGB,JPEG,
114657,data/images/114657.jpg,True,True,460,690,RGB,JPEG,
114717,data/images/114717.jpg,True,True,460,648,RGB,JPEG,
114721,data/images/114721.jpg,True,True,460,651,RGB,JPEG,
114744,data/images/114744.jpg,True,True,460,654,RGB,JPEG,
114760,data/images/114760.jpg,True,True,460,690,RGB,JPEG,
114765,data/images/114765.jpg,True,True,230,128,RGB,JPEG,
114811,data/images/114811.jpg,True,True,460,650,RGB,JPEG,
114841,data/images/114841.jpg,True,True,460,419,RGB,JPEG,
114888,data/images/114888.jpg,True,True,460,650,RGB,JPEG,
114891,data/images/114891.jpg,True,True,460,650,RGB,JPEG,
114926,data/images/114926.jpg,True,True,460,690,RGB,JPEG,
114943,data/images/114943.jpg,True,True,460,652,RGB,JPEG,
114945,data/images/114945.jpg,True,True,460,650,RGB,JPEG,
114947,data/images/114947.jpg,True,True,460,652,RGB,JPEG,
114948,data/images/114948.jpg,True,True,230,325,RGB,JPEG,
114949,data/images/114949.jpg,True,True,460,652,RGB,JPEG,
114963,data/images/114963.jpg,True,True,460,690,RGB,JPEG,
114981,data/images/114981.jpg,True,True,230,306,RGB,JPEG,
115069,data/images/115069.jpg,True,True,460,650,RGB,JPEG,
115077,data/images/115077.jpg,True,True,460,654,RGB,JPEG,
115082,data/images/115082.jpg,True,True,460,652,RGB,JPEG,
115107,data/images/115107.jpg,True,True,460,651,RGB,JPEG,
115113,data/images/115113.jpg,True,True,460,653,RGB,JPEG,
115114,data/images/115114.jpg,True,True,460,644,RGB,JPEG,
115115,data/images/115115.jpg,True,True,460,645,RGB,JPEG,
115136,data/images/115136.jpg,True,True,460,690,RGB,JPEG,
115138,data/images/115138.jpg,True,True,460,647,RGB,JPEG,
115186,data/images/115186.jpg,True,True,460,690,RGB,JPEG,
115199,data/images/115199.jpg,True,True,460,690,RGB,JPEG,
115217,data/images/115217.jpg,True,True,460,690,RGB,JPEG,
115230,data/images/115230.jpg,True,True,460,650,RGB,JPEG,
115405,data/images/115405.jpg,True,True,460,648,RGB,JPEG,
115519,data/images/115519.jpg,True,True,460,652,RGB,JPEG,
115651,data/images/115651.jpg,True,True,460,627,RGB,JPEG,
115654,data/images/115654.jpg,True,True,460,690,RGB,JPEG,
115656,data/images/115656.jpg,True,True,460,650,RGB,JPEG,
115671,data/images/115671.jpg,True,True,460,656,RGB,JPEG,
115685,data/images/115685.jpg,True,True,460,652,RGB,JPEG,
115715,data/images/115715.jpg,True,True,460,690,RGB,JPEG,
115740,data/images/115740.jpg,True,True,460,645,RGB,JPEG,
115794,data/images/115794.jpg,True,True,460,690,RGB,JPEG,
115821,data/images/115821.jpg,True,True,460,658,RGB,JPEG,
115892,data/images/115892.jpg,True,True,230,327,RGB,JPEG,
116005,data/images/116005.jpg,True,True,460,648,RGB,JPEG,
116006,data/images/116006.jpg,True,True,460,650,RGB,JPEG,
116147,data/images/116147.jpg,True,True,460,651,RGB,JPEG,
116173,data/images/116173.jpg,True,True,460,651,RGB,JPEG,
116181,data/images/116181.jpg,True,True,460,652,RGB,JPEG,
116224,data/images/116224.jpg,True,True,460,650,RGB,JPEG,
116226,data/images/116226.jpg,True,True,460,651,RGB,JPEG,
116242,data/images/116242.jpg,True,True,460,642,RGB,JPEG,
116246,data/images/116246.jpg,True,True,460,697,RGB,JPEG,
116248,data/images/116248.jpg,True,True,460,651,RGB,JPEG,
116251,data/images/116251.jpg,True,True,460,644,RGB,JPEG,
116258,data/images/116258.jpg,True,True,460,690,RGB,JPEG,
116259,data/images/116259.jpg,True,True,460,650,RGB,JPEG,
116267,data/images/116267.jpg,True,True,460,652,RGB,JPEG,
116320,data/images/116320.jpg,True,True,460,651,RGB,JPEG,
116328,data/images/116328.jpg,True,True,460,259,RGB,JPEG,
116384,data/images/116384.jpg,True,True,460,645,RGB,JPEG,
116400,data/images/116400.jpg,True,True,460,650,RGB,JPEG,
116408,data/images/116408.jpg,True,True,230,345,RGB,JPEG,
116415,data/images/116415.jpg,True,True,230,325,RGB,JPEG,
116566,data/images/116566.jpg,True,True,460,690,RGB,JPEG,
116648,data/images/116648.jpg,True,True,460,649,RGB,JPEG,
116673,data/images/116673.jpg,True,True,460,657,RGB,JPEG,
116697,data/images/116697.jpg,True,True,460,687,RGB,JPEG,
116700,data/images/116700.jpg,True,True,460,620,RGB,JPEG,
116786,data/images/116786.jpg,True,True,460,629,RGB,JPEG,
116787,data/images/116787.jpg,True,True,460,259,RGB,JPEG,
116789,data/images/116789.jpg,True,True,460,651,RGB,JPEG,
116791,data/images/116791.jpg,True,True,460,652,RGB,JPEG,
116793,data/images/116793.jpg,True,True,460,647,RGB,JPEG,
116922,data/images/116922.jpg,True,True,460,259,RGB,JPEG,
116923,data/images/116923.jpg,True,True,460,259,RGB,JPEG,
116946,data/images/116946.jpg,True,True,460,620,RGB,JPEG,
116962,data/images/116962.jpg,True,True,460,651,RGB,JPEG,
116968,data/images/116968.jpg,True,True,460,633,RGB,JPEG,
116979,data/images/116979.jpg,True,True,460,690,RGB,JPEG,
117034,data/images/117034.jpg,True,True,460,650,RGB,JPEG,
117086,data/images/117086.jpg,True,True,460,651,RGB,JPEG,
117096,data/images/117096.jpg,True,True,460,619,RGB,JPEG,
117150,data/images/117150.jpg,True,True,460,649,RGB,JPEG,
117280,data/images/117280.jpg,True,True,230,230,RGB,JPEG,
117325,data/images/117325.jpg,True,True,460,258,RGB,JPEG,
117343,data/images/117343.jpg,True,True,460,651,RGB,JPEG,
117496,data/images/117496.jpg,True,True,460,689,RGB,JPEG,
117532,data/images/117532.jpg,True,True,460,624,RGB,JPEG,
117647,data/images/117647.jpg,True,True,460,644,RGB,JPEG,
117755,data/images/117755.jpg,True,True,460,659,RGB,JPEG,
117757,data/images/117757.jpg,True,True,460,665,RGB,JPEG,
117758,data/images/117758.jpg,True,True,460,612,RGB,JPEG,
117761,data/images/117761.jpg,True,True,460,647,RGB,JPEG,
117773,data/images/117773.jpg,True,True,460,651,RGB,JPEG,
118036,data/images/118036.jpg,True,True,460,613,RGB,JPEG,
118077,data/images/118077.jpg,True,True,460,690,RGB,JPEG,
118125,data/images/118125.jpg,True,True,460,650,RGB,JPEG,
118166,data/images/118166.jpg,True,True,460,647,RGB,JPEG,
118167,data/images/118167.jpg,True,True,460,638,RGB,JPEG,
118168,data/images/118168.jpg,True,True,230,129,RGB,JPEG,
118376,data/images/118376.jpg,True,True,460,669,RGB,JPEG,
118399,data/images/118399.jpg,True,True,460,652,RGB,JPEG,
118419,data/images/118419.jpg,True,True,460,671,RGB,JPEG,
118630,data/images/118630.jpg,True,True,460,648,RGB,JPEG,
118656,data/images/118656.jpg,True,True,460,652,RGB,JPEG,
118860,data/images/118860.jpg,True,True,460,650,RGB,JPEG,
118936,data/images/118936.jpg,True,True,460,650,RGB,JPEG,
119113,data/images/119113.jpg,True,True,460,650,RGB,JPEG,
119254,data/images/119254.jpg,True,True,460,643,RGB,JPEG,
119258,data/images/119258.jpg,True,True,460,660,RGB,JPEG,
119350,data/images/119350.jpg,True,True,460,641,RGB,JPEG,
119484,data/images/119484.jpg,True,True,460,647,RGB,JPEG,
119491,data/images/119491.jpg,True,True,460,674,RGB,JPEG,
119696,data/images/119696.jpg,True,True,460,690,RGB,JPEG,
119960,data/images/119960.jpg,True,True,460,259,RGB,JPEG,
119964,data/images/119964.jpg,True,True,460,690,RGB,JPEG,
120046,data/images/120046.jpg,True,True,460,690,RGB,JPEG,
120180,data/images/120180.jpg,True,True,230,311,RGB,JPEG,
120211,data/images/120211.jpg,True,True,230,158,RGB,JPEG,
120325,data/images/120325.jpg,True,True,460,690,RGB,JPEG,
120506,data/images/120506.jpg,True,True,460,644,RGB,JPEG,
120700,data/images/120700.jpg,True,True,230,322,RGB,JPEG,
120771,data/images/120771.jpg,True,True,460,690,RGB,JPEG,
120851,data/images/120851.jpg,True,True,460,650,RGB,JPEG,
120892,data/images/120892.jpg,True,True,460,651,RGB,JPEG,
121034,data/images/121034.jpg,True,True,460,658,RGB,JPEG,
121567,data/images/121567.jpg,True,True,460,650,RGB,JPEG,
121592,data/images/121592.jpg,True,True,460,533,RGB,JPEG,
121645,data/images/121645.jpg,True,True,460,619,RGB,JPEG,
121684,data/images/121684.jpg,True,True,460,690,RGB,JPEG,
121797,data/images/121797.jpg,True,True,460,650,RGB,JPEG,
121799,data/images/121799.jpg,True,True,460,690,RGB,JPEG,
122041,data/images/122041.jpg,True,True,460,656,RGB,JPEG,
122137,data/images/122137.jpg,True,True,460,596,RGB,JPEG,
122199,data/images/122199.jpg,True,True,460,654,RGB,JPEG,
122201,data/images/122201.jpg,True,True,460,651,RGB,JPEG,
122238,data/images/122238.jpg,True,True,230,322,RGB,JPEG,
122248,data/images/122248.jpg,True,True,230,345,RGB,JPEG,
122349,data/images/122349.jpg,True,True,460,652,RGB,JPEG,
122442,data/images/122442.jpg,True,True,460,610,RGB,JPEG,
122536,data/images/122536.jpg,True,True,460,690,RGB,JPEG,
122575,data/images/122575.jpg,True,True,460,649,RGB,JPEG,
122632,data/images/122632.jpg,True,True,460,650,RGB,JPEG,
122807,data/images/122807.jpg,True,True,460,651,RGB,JPEG,
123081,data/images/123081.jpg,True,True,460,664,RGB,JPEG,
123360,data/images/123360.jpg,True,True,460,654,RGB,JPEG,
123382,data/images/123382.jpg,True,True,460,690,RGB,JPEG,
123383,data/images/123383.jpg,True,True,460,643,RGB,JPEG,
123434,data/images/123434.jpg,True,True,460,653,RGB,JPEG,
123464,data/images/123464.jpg,True,True,230,345,RGB,JPEG,
123612,data/images/123612.jpg,True,True,230,345,RGB,JPEG,
123769,data/images/123769.jpg,True,True,460,604,RGB,JPEG,
123778,data/images/123778.jpg,True,True,460,690,RGB,JPEG,
123803,data/images/123803.jpg,True,True,230,345,RGB,JPEG,
123845,data/images/123845.jpg,True,True,460,644,RGB,JPEG,
123885,data/images/123885.jpg,True,True,460,690,RGB,JPEG,
123901,data/images/123901.jpg,True,True,230,345,RGB,JPEG,
123903,data/images/123903.jpg,True,True,230,345,RGB,JPEG,
124028,data/images/124028.jpg,True,True,460,651,RGB,JPEG,
124600,data/images/124600.jpg,True,True,460,621,RGB,JPEG,
124668,data/images/124668.jpg,True,True,460,460,RGB,JPEG,
124703,data/images/124703.jpg,True,True,460,623,RGB,JPEG,
124896,data/images/124896.jpg,True,True,230,345,RGB,JPEG,
124960,data/images/124960.jpg,True,True,460,528,RGB,JPEG,
125153,data/images/125153.jpg,True,True,460,690,RGB,JPEG,
125183,data/images/125183.jpg,True,True,460,656,RGB,JPEG,
125208,data/images/125208.jpg,True,True,460,690,RGB,JPEG,
125264,data/images/125264.jpg,True,True,230,262,RGB,JPEG,
125308,data/images/125308.jpg,True,True,460,690,RGB,JPEG,
125331,data/images/125331.jpg,True,True,460,651,RGB,JPEG,
125425,data/images/125425.jpg,True,True,460,345,RGB,JPEG,
125491,data/images/125491.jpg,True,True,460,649,RGB,JPEG,
125647,data/images/125647.jpg,True,True,230,346,RGB,JPEG,
125870,data/images/125870.jpg,True,True,460,690,RGB,JPEG,
125887,data/images/125887.jpg,True,True,460,690,RGB,JPEG,
126168,data/images/126168.jpg,True,True,230,345,RGB,JPEG,
126271,data/images/126271.jpg,True,True,230,163,RGB,JPEG,
126287,data/images/126287.jpg,True,True,460,690,RGB,JPEG,
126315,data/images/126315.jpg,True,True,230,130,RGB,JPEG,
126506,data/images/126506.jpg,True,True,460,647,RGB,JPEG,
126643,data/images/126643.jpg,True,True,230,345,RGB,JPEG,
126650,data/images/126650.jpg,True,True,460,651,RGB,JPEG,
126656,data/images/126656.jpg,True,True,230,130,RGB,JPEG,
126661,data/images/126661.jpg,True,True,460,623,RGB,JPEG,
126662,data/images/126662.jpg,True,True,230,230,RGB,JPEG,
126831,data/images/126831.jpg,True,True,460,460,RGB,JPEG,
126874,data/images/126874.jpg,True,True,230,125,RGB,JPEG,
127040,data/images/127040.jpg,True,True,460,690,RGB,JPEG,
127041,data/images/127041.jpg,True,True,460,690,RGB,JPEG,
127213,data/images/127213.jpg,True,True,230,345,RGB,JPEG,
127225,data/images/127225.jpg,True,True,460,689,RGB,JPEG,
127465,data/images/127465.jpg,True,True,460,690,RGB,JPEG,
128392,data/images/128392.jpg,True,True,230,344,RGB,JPEG,
128397,data/images/128397.jpg,True,True,460,690,RGB,JPEG,
128398,data/images/128398.jpg,True,True,460,689,RGB,JPEG,
128418,data/images/128418.jpg,True,True,460,690,RGB,JPEG,
130448,data/images/130448.jpg,True,True,460,651,RGB,JPEG,
130473,data/images/130473.jpg,True,True,460,259,RGB,JPEG,
130939,data/images/130939.jpg,True,True,230,129,RGB,JPEG,
131367,data/images/131367.jpg,True,True,230,316,RGB,JPEG,
131459,data/images/131459.jpg,True,True,230,325,RGB,JPEG,
131923,data/images/131923.jpg,True,True,460,196,RGB,JPEG,
132696,data/images/132696.jpg,True,True,460,650,RGB,JPEG,
134047,data/images/134047.jpg,True,True,460,651,RGB,JPEG,
136950,data/images/136950.jpg,True,True,460,717,RGB,JPEG,
137613,data/images/137613.jpg,True,True,460,690,RGB,JPEG,
138687,data/images/138687.jpg,True,True,460,698,RGB,JPEG,
138956,data/images/138956.jpg,True,True,230,130,RGB,JPEG,
143391,data/images/143391.jpg,True,True,460,623,RGB,JPEG,
145560,data/images/145560.jpg,True,True,230,326,RGB,JPEG,
147764,data/images/147764.jpg,True,True,230,322,RGB,JPEG,
149039,data/images/149039.jpg,True,True,230,230,RGB,JPEG,
154119,data/images/154119.jpg,True,True,460,690,RGB,JPEG,
154196,data/images/154196.jpg,True,True,460,690,RGB,JPEG,
154197,data/images/154197.jpg,True,True,460,614,RGB,JPEG,
154541,data/images/154541.jpg,True,True,460,690,RGB,JPEG,
156907,data/images/156907.jpg,True,True,460,528,RGB,JPEG,
157171,data/images/157171.jpg,True,True,230,187,RGB,JPEG,
157172,data/images/157172.jpg,True,True,460,690,RGB,JPEG,
162800,data/images/162800.jpg,True,True,460,572,RGB,JPEG,
176863,data/images/176863.jpg,True,True,230,129,RGB,JPEG,
179778,data/images/179778.jpg,True,True,460,518,RGB,JPEG,
187055,data/images/187055.jpg,True,True,230,129,RGB,JPEG,
200641,data/images/200641.jpg,True,True,460,648,RGB,JPEG,
200643,data/images/200643.jpg,True,True,230,130,RGB,JPEG,
3786,data/images/3786.jpg,True,True,460,651,RGB,JPEG,
21569,data/images/21569.jpg,True,True,460,651,RGB,JPEG,
87502,data/images/87502.jpg,True,True,460,651,RGB,JPEG,
98471,data/images/98471.jpg,True,True,460,650,RGB,JPEG,
99730,data/images/99730.jpg,True,True,460,612,RGB,JPEG,
99900,data/images/99900.jpg,True,True,460,652,RGB,JPEG,
101216,data/images/101216.jpg,True,True,460,634,RGB,JPEG,
101595,data/images/101595.jpg,True,True,460,650,RGB,JPEG,
102498,data/images/102498.jpg,True,True,460,648,RGB,JPEG,
103277,data/images/103277.jpg,True,True,460,644,RGB,JPEG,
103632,data/images/103632.jpg,True,True,460,653,RGB,JPEG,
103712,data/images/103712.jpg,True,True,460,690,RGB,JPEG,
103713,data/images/103713.jpg,True,True,460,690,RGB,JPEG,
104329,data/images/104329.jpg,True,True,400,565,RGB,JPEG,
104459,data/images/104459.jpg,True,True,460,639,RGB,JPEG,
105119,data/images/105119.jpg,True,True,460,650,RGB,JPEG,
105595,data/images/105595.jpg,True,True,460,650,RGB,JPEG,
105931,data/images/105931.jpg,True,True,460,690,RGB,JPEG,
106503,data/images/106503.jpg,True,True,460,652,RGB,JPEG,
107203,data/images/107203.jpg,True,True,230,323,RGB,JPEG,
107625,data/images/107625.jpg,True,True,460,650,RGB,JPEG,
107717,data/images/107717.jpg,True,True,460,648,RGB,JPEG,
108465,data/images/108465.jpg,True,True,460,647,RGB,JPEG,
108511,data/images/108511.jpg,True,True,460,653,RGB,JPEG,
108631,data/images/108631.jpg,True,True,460,648,RGB,JPEG,
108725,data/images/108725.jpg,True,True,460,653,RGB,JPEG,
108987,data/images/108987.jpg,True,True,460,637,RGB,JPEG,
109010,data/images/109010.jpg,True,True,460,650,RGB,JPEG,
109217,data/images/109217.jpg,True,True,460,681,RGB,JPEG,
109261,data/images/109261.jpg,True,True,460,650,RGB,JPEG,
109403,data/images/109403.jpg,True,True,460,650,RGB,JPEG,
109745,data/images/109745.jpg,True,True,460,650,RGB,JPEG,
109946,data/images/109946.jpg,True,True,460,648,RGB,JPEG,
110200,data/images/110200.jpg,True,True,460,653,RGB,JPEG,
110224,data/images/110224.jpg,True,True,460,690,RGB,JPEG,
110277,data/images/110277.jpg,True,True,460,652,RGB,JPEG,
110733,data/images/110733.jpg,True,True,460,651,RGB,JPEG,
112019,data/images/112019.jpg,True,True,460,642,RGB,JPEG,
112376,data/images/112376.jpg,True,True,460,650,RGB,JPEG,
112443,data/images/112443.jpg,True,True,460,650,RGB,JPEG,
112608,data/images/112608.jpg,True,True,460,690,RGB,JPEG,
112649,data/images/112649.jpg,True,True,460,642,RGB,JPEG,
112716,data/images/112716.jpg,True,True,460,652,RGB,JPEG,
112802,data/images/112802.jpg,True,True,460,657,RGB,JPEG,
113024,data/images/113024.jpg,True,True,460,647,RGB,JPEG,
113231,data/images/113231.jpg,True,True,460,651,RGB,JPEG,
113254,data/images/113254.jpg,True,True,460,656,RGB,JPEG,
113359,data/images/113359.jpg,True,True,460,663,RGB,JPEG,
113363,data/images/113363.jpg,True,True,460,671,RGB,JPEG,
113418,data/images/113418.jpg,True,True,460,651,RGB,JPEG,
113425,data/images/113425.jpg,True,True,460,650,RGB,JPEG,
113428,data/images/113428.jpg,True,True,460,650,RGB,JPEG,
113476,data/images/113476.jpg,True,True,460,654,RGB,JPEG,
113585,data/images/113585.jpg,True,True,460,650,RGB,JPEG,
113595,data/images/113595.jpg,True,True,460,652,RGB,JPEG,
113653,data/images/113653.jpg,True,True,460,654,RGB,JPEG,
113692,data/images/113692.jpg,True,True,460,652,RGB,JPEG,
113717,data/images/113717.jpg,True,True,460,650,RGB,JPEG,
113814,data/images/113814.jpg,True,True,460,659,RGB,JPEG,
113936,data/images/113936.jpg,True,True,460,650,RGB,JPEG,
113950,data/images/113950.jpg,True,True,460,651,RGB,JPEG,
114065,data/images/114065.jpg,True,True,460,650,RGB,JPEG,
114085,data/images/114085.jpg,True,True,460,652,RGB,JPEG,
114087,data/images/114087.jpg,True,True,460,650,RGB,JPEG,
114129,data/images/114129.jpg,True,True,460,647,RGB,JPEG,
114194,data/images/114194.jpg,True,True,460,652,RGB,JPEG,
114232,data/images/114232.jpg,True,True,460,651,RGB,JPEG,
114301,data/images/114301.jpg,True,True,460,650,RGB,JPEG,
114302,data/images/114302.jpg,True,True,460,652,RGB,JPEG,
114304,data/images/114304.jpg,True,True,460,654,RGB,JPEG,
114307,data/images/114307.jpg,True,True,460,654,RGB,JPEG,
114473,data/images/114473.jpg,True,True,460,690,RGB,JPEG,
114535,data/images/114535.jpg,True,True,460,651,RGB,JPEG,
114840,data/images/114840.jpg,True,True,460,651,RGB,JPEG,
114862,data/images/114862.jpg,True,True,460,649,RGB,JPEG,
114979,data/images/114979.jpg,True,True,460,651,RGB,JPEG,
115183,data/images/115183.jpg,True,True,460,658,RGB,JPEG,
115567,data/images/115567.jpg,True,True,460,646,RGB,JPEG,
115895,data/images/115895.jpg,True,True,230,325,RGB,JPEG,
116069,data/images/116069.jpg,True,True,460,651,RGB,JPEG,
116287,data/images/116287.jpg,True,True,460,650,RGB,JPEG,
116338,data/images/116338.jpg,True,True,460,652,RGB,JPEG,
116588,data/images/116588.jpg,True,True,460,651,RGB,JPEG,
116589,data/images/116589.jpg,True,True,460,652,RGB,JPEG,
116610,data/images/116610.jpg,True,True,460,651,RGB,JPEG,
116676,data/images/116676.jpg,True,True,460,652,RGB,JPEG,
116740,data/images/116740.jpg,True,True,460,650,RGB,JPEG,
116741,data/images/116741.jpg,True,True,460,653,RGB,JPEG,
116742,data/images/116742.jpg,True,True,460,653,RGB,JPEG,
116752,data/images/116752.jpg,True,True,460,649,RGB,JPEG,
116756,data/images/116756.jpg,True,True,460,651,RGB,JPEG,
116944,data/images/116944.jpg,True,True,460,656,RGB,JPEG,
117002,data/images/117002.jpg,True,True,460,652,RGB,JPEG,
117067,data/images/117067.jpg,True,True,460,650,RGB,JPEG,
117085,data/images/117085.jpg,True,True,460,655,RGB,JPEG,
117193,data/images/117193.jpg,True,True,460,690,RGB,JPEG,
117448,data/images/117448.jpg,True,True,460,653,RGB,JPEG,
117533,data/images/117533.jpg,True,True,460,650,RGB,JPEG,
117556,data/images/117556.jpg,True,True,460,650,RGB,JPEG,
117612,data/images/117612.jpg,True,True,460,673,RGB,JPEG,
117696,data/images/117696.jpg,True,True,460,651,RGB,JPEG,
117763,data/images/117763.jpg,True,True,460,604,RGB,JPEG,
117764,data/images/117764.jpg,True,True,460,650,RGB,JPEG,
117989,data/images/117989.jpg,True,True,460,653,RGB,JPEG,
118103,data/images/118103.jpg,True,True,460,690,RGB,JPEG,
118126,data/images/118126.jpg,True,True,460,648,RGB,JPEG,
118375,data/images/118375.jpg,True,True,460,651,RGB,JPEG,
118390,data/images/118390.jpg,True,True,460,651,RGB,JPEG,
118743,data/images/118743.jpg,True,True,460,650,RGB,JPEG,
119042,data/images/119042.jpg,True,True,460,651,RGB,JPEG,
119123,data/images/119123.jpg,True,True,460,650,RGB,JPEG,
119661,data/images/119661.jpg,True,True,460,661,RGB,JPEG,
119675,data/images/119675.jpg,True,True,460,653,RGB,JPEG,
119683,data/images/119683.jpg,True,True,460,650,RGB,JPEG,
119806,data/images/119806.jpg,True,True,460,650,RGB,JPEG,
120120,data/images/120120.jpg,True,True,460,650,RGB,JPEG,
120150,data/images/120150.jpg,True,True,460,650,RGB,JPEG,
120209,data/images/120209.jpg,True,True,460,649,RGB,JPEG,
120376,data/images/120376.jpg,True,True,460,690,RGB,JPEG,
120534,data/images/120534.jpg,True,True,460,651,RGB,JPEG,
120608,data/images/120608.jpg,True,True,460,633,RGB,JPEG,
120646,data/images/120646.jpg,True,True,460,651,RGB,JPEG,
120697,data/images/120697.jpg,True,True,460,650,RGB,JPEG,
120859,data/images/120859.jpg,True,True,460,649,RGB,JPEG,
121026,data/images/121026.jpg,True,True,460,690,RGB,JPEG,
121532,data/images/121532.jpg,True,True,460,643,RGB,JPEG,
121681,data/images/121681.jpg,True,True,460,652,RGB,JPEG,
121962,data/images/121962.jpg,True,True,460,653,RGB,JPEG,
122052,data/images/122052.jpg,True,True,460,646,RGB,JPEG,
122148,data/images/122148.jpg,True,True,460,613,RGB,JPEG,
122292,data/images/122292.jpg,True,True,460,650,RGB,JPEG,
122322,data/images/122322.jpg,True,True,460,651,RGB,JPEG,
122348,data/images/122348.jpg,True,True,460,650,RGB,JPEG,
122434,data/images/122434.jpg,True,True,460,650,RGB,JPEG,
122441,data/images/122441.jpg,True,True,460,631,RGB,JPEG,
122954,data/images/122954.jpg,True,True,460,633,RGB,JPEG,
123474,data/images/123474.jpg,True,True,460,660,RGB,JPEG,
123476,data/images/123476.jpg,True,True,460,648,RGB,JPEG,
123494,data/images/123494.jpg,True,True,460,651,RGB,JPEG,
123645,data/images/123645.jpg,True,True,460,651,RGB,JPEG,
123779,data/images/123779.jpg,True,True,460,650,RGB,JPEG,
123785,data/images/123785.jpg,True,True,460,690,RGB,JPEG,
123802,data/images/123802.jpg,True,True,460,674,RGB,JPEG,
123899,data/images/123899.jpg,True,True,460,650,RGB,JPEG,
124080,data/images/124080.jpg,True,True,460,669,RGB,JPEG,
124115,data/images/124115.jpg,True,True,460,668,RGB,JPEG,
124131,data/images/124131.jpg,True,True,460,652,RGB,JPEG,
124132,data/images/124132.jpg,True,True,460,638,RGB,JPEG,
124136,data/images/124136.jpg,True,True,460,650,RGB,JPEG,
124140,data/images/124140.jpg,True,True,460,651,RGB,JPEG,
124153,data/images/124153.jpg,True,True,460,656,RGB,JPEG,
124194,data/images/124194.jpg,True,True,460,651,RGB,JPEG,
124195,data/images/124195.jpg,True,True,460,650,RGB,JPEG,
124223,data/images/124223.jpg,True,True,460,650,RGB,JPEG,
124394,data/images/124394.jpg,True,True,460,656,RGB,JPEG,
124472,data/images/124472.jpg,True,True,460,529,RGB,JPEG,
124494,data/images/124494.jpg,True,True,460,690,RGB,JPEG,
124555,data/images/124555.jpg,True,True,460,650,RGB,JPEG,
124612,data/images/124612.jpg,True,True,460,600,RGB,JPEG,
124675,data/images/124675.jpg,True,True,460,644,RGB,JPEG,
124786,data/images/124786.jpg,True,True,460,651,RGB,JPEG,
124845,data/images/124845.jpg,True,True,460,652,RGB,JPEG,
124858,data/images/124858.jpg,True,True,460,651,RGB,JPEG,
125038,data/images/125038.jpg,True,True,460,649,RGB,JPEG,
125067,data/images/125067.jpg,True,True,460,651,RGB,JPEG,
125068,data/images/125068.jpg,True,True,460,652,RGB,JPEG,
125206,data/images/125206.jpg,True,True,460,648,RGB,JPEG,
125351,data/images/125351.jpg,True,True,460,650,RGB,JPEG,
125368,data/images/125368.jpg,True,True,460,661,RGB,JPEG,
125426,data/images/125426.jpg,True,True,460,690,RGB,JPEG,
125428,data/images/125428.jpg,True,True,460,725,RGB,JPEG,
125446,data/images/125446.jpg,True,True,460,648,RGB,JPEG,
125515,data/images/125515.jpg,True,True,460,644,RGB,JPEG,
125516,data/images/125516.jpg,True,True,460,640,RGB,JPEG,
125640,data/images/125640.jpg,True,True,460,657,RGB,JPEG,
125838,data/images/125838.jpg,True,True,460,652,RGB,JPEG,
125839,data/images/125839.jpg,True,True,460,651,RGB,JPEG,
125841,data/images/125841.jpg,True,True,230,325,RGB,JPEG,
125867,data/images/125867.jpg,True,True,460,651,RGB,JPEG,
125868,data/images/125868.jpg,True,True,460,651,RGB,JPEG,
125909,data/images/125909.jpg,True,True,460,650,RGB,JPEG,
125931,data/images/125931.jpg,True,True,460,649,RGB,JPEG,
126047,data/images/126047.jpg,True,True,460,637,RGB,JPEG,
126186,data/images/126186.jpg,True,True,460,650,RGB,JPEG,
126192,data/images/126192.jpg,True,True,460,650,RGB,JPEG,
126213,data/images/126213.jpg,True,True,460,651,RGB,JPEG,
126242,data/images/126242.jpg,True,True,460,709,RGB,JPEG,
126275,data/images/126275.jpg,True,True,460,651,RGB,JPEG,
126393,data/images/126393.jpg,True,True,460,690,RGB,JPEG,
126531,data/images/126531.jpg,True,True,460,649,RGB,JPEG,
126546,data/images/126546.jpg,True,True,460,653,RGB,JPEG,
126571,data/images/126571.jpg,True,True,460,638,RGB,JPEG,
126659,data/images/126659.jpg,True,True,460,651,RGB,JPEG,
126664,data/images/126664.jpg,True,True,460,649,RGB,JPEG,
126678,data/images/126678.jpg,True,True,460,650,RGB,JPEG,
126790,data/images/126790.jpg,True,True,460,650,RGB,JPEG,
126791,data/images/126791.jpg,True,True,460,643,RGB,JPEG,
126793,data/images/126793.jpg,True,True,460,640,RGB,JPEG,
126819,data/images/126819.jpg,True,True,460,644,RGB,JPEG,
126820,data/images/126820.jpg,True,True,460,569,RGB,JPEG,
126835,data/images/126835.jpg,True,True,460,652,RGB,JPEG,
126897,data/images/126897.jpg,True,True,460,658,RGB,JPEG,
126905,data/images/126905.jpg,True,True,460,651,RGB,JPEG,
127126,data/images/127126.jpg,True,True,460,651,RGB,JPEG,
127149,data/images/127149.jpg,True,True,460,655,RGB,JPEG,
127227,data/images/127227.jpg,True,True,460,647,RGB,JPEG,
127271,data/images/127271.jpg,True,True,460,690,RGB,JPEG,
127331,data/images/127331.jpg,True,True,460,649,RGB,JPEG,
127363,data/images/127363.jpg,True,True,460,535,RGB,JPEG,
127366,data/images/127366.jpg,True,True,460,653,RGB,JPEG,
127368,data/images/127368.jpg,True,True,460,649,RGB,JPEG,
127371,data/images/127371.jpg,True,True,460,654,RGB,JPEG,
127399,data/images/127399.jpg,True,True,460,635,RGB,JPEG,
127400,data/images/127400.jpg,True,True,460,655,RGB,JPEG,
127401,data/images/127401.jpg,True,True,460,650,RGB,JPEG,
127412,data/images/127412.jpg,True,True,460,652,RGB,JPEG,
127536,data/images/127536.jpg,True,True,460,653,RGB,JPEG,
127619,data/images/127619.jpg,True,True,460,666,RGB,JPEG,
127688,data/images/127688.jpg,True,True,460,613,RGB,JPEG,
127689,data/images/127689.jpg,True,True,460,289,RGB,JPEG,
127690,data/images/127690.jpg,True,True,460,653,RGB,JPEG,
127691,data/images/127691.jpg,True,True,460,576,RGB,JPEG,
127692,data/images/127692.jpg,True,True,460,651,RGB,JPEG,
127720,data/images/127720.jpg,True,True,460,647,RGB,JPEG,
127721,data/images/127721.jpg,True,True,460,657,RGB,JPEG,
127863,data/images/127863.jpg,True,True,460,656,RGB,JPEG,
127958,data/images/127958.jpg,True,True,460,646,RGB,JPEG,
128019,data/images/128019.jpg,True,True,230,340,RGB,JPEG,
128306,data/images/128306.jpg,True,True,230,129,RGB,JPEG,
128367,data/images/128367.jpg,True,True,230,129,RGB,JPEG,
128369,data/images/128369.jpg,True,True,460,646,RGB,JPEG,
128390,data/images/128390.jpg,True,True,460,609,RGB,JPEG,
128394,data/images/128394.jpg,True,True,460,460,RGB,JPEG,
128399,data/images/128399.jpg,True,True,460,652,RGB,JPEG,
128516,data/images/128516.jpg,True,True,460,651,RGB,JPEG,
128526,data/images/128526.jpg,True,True,230,345,RGB,JPEG,
128527,data/images/128527.jpg,True,True,230,345,RGB,JPEG,
128535,data/images/128535.jpg,True,True,460,690,RGB,JPEG,
128545,data/images/128545.jpg,True,True,460,646,RGB,JPEG,
128546,data/images/128546.jpg,True,True,460,651,RGB,JPEG,
128547,data/images/128547.jpg,True,True,460,646,RGB,JPEG,
128563,data/images/128563.jpg,True,True,460,641,RGB,JPEG,
128623,data/images/128623.jpg,True,True,460,637,RGB,JPEG,
128703,data/images/128703.jpg,True,True,460,690,RGB,JPEG,
128705,data/images/128705.jpg,True,True,460,690,RGB,JPEG,
128712,data/images/128712.jpg,True,True,460,653,RGB,JPEG,
128737,data/images/128737.jpg,True,True,460,651,RGB,JPEG,
128740,data/images/128740.jpg,True,True,460,690,RGB,JPEG,
128827,data/images/128827.jpg,True,True,460,619,RGB,JPEG,
128872,data/images/128872.jpg,True,True,460,656,RGB,JPEG,
128947,data/images/128947.jpg,True,True,460,639,RGB,JPEG,
129046,data/images/129046.jpg,True,True,460,652,RGB,JPEG,
129068,data/images/129068.jpg,True,True,460,650,RGB,JPEG,
129115,data/images/129115.jpg,True,True,460,643,RGB,JPEG,
129123,data/images/129123.jpg,True,True,460,652,RGB,JPEG,
129277,data/images/129277.jpg,True,True,460,651,RGB,JPEG,
129386,data/images/129386.jpg,True,True,460,651,RGB,JPEG,
129549,data/images/129549.jpg,True,True,460,652,RGB,JPEG,
129627,data/images/129627.jpg,True,True,460,665,RGB,JPEG,
129664,data/images/129664.jpg,True,True,460,690,RGB,JPEG,
129750,data/images/129750.jpg,True,True,460,651,RGB,JPEG,
129759,data/images/129759.jpg,True,True,460,650,RGB,JPEG,
129789,data/images/129789.jpg,True,True,230,184,RGB,JPEG,
129801,data/images/129801.jpg,True,True,460,691,RGB,JPEG,
129814,data/images/129814.jpg,True,True,460,651,RGB,JPEG,
129872,data/images/129872.jpg,True,True,460,690,RGB,JPEG,
129874,data/images/129874.jpg,True,True,460,639,RGB,JPEG,
129898,data/images/129898.jpg,True,True,460,650,RGB,JPEG,
129963,data/images/129963.jpg,True,True,460,690,RGB,JPEG,
129973,data/images/129973.jpg,True,True,460,652,RGB,JPEG,
130050,data/images/130050.jpg,True,True,460,690,RGB,JPEG,
130058,data/images/130058.jpg,True,True,460,651,RGB,JPEG,
130073,data/images/130073.jpg,True,True,460,626,RGB,JPEG,
130074,data/images/130074.jpg,True,True,460,627,RGB,JPEG,
130253,data/images/130253.jpg,True,True,460,690,RGB,JPEG,
130296,data/images/130296.jpg,True,True,460,651,RGB,JPEG,
130392,data/images/130392.jpg,True,True,460,650,RGB,JPEG,
130402,data/images/130402.jpg,True,True,460,651,RGB,JPEG,
130439,data/images/130439.jpg,True,True,230,216,RGB,JPEG,
130442,data/images/130442.jpg,True,True,460,650,RGB,JPEG,
130445,data/images/130445.jpg,True,True,460,650,RGB,JPEG,
130512,data/images/130512.jpg,True,True,460,651,RGB,JPEG,
130513,data/images/130513.jpg,True,True,230,322,RGB,JPEG,
130515,data/images/130515.jpg,True,True,460,657,RGB,JPEG,
130516,data/images/130516.jpg,True,True,460,650,RGB,JPEG,
130529,data/images/130529.jpg,True,True,460,690,RGB,JPEG,
130549,data/images/130549.jpg,True,True,460,657,RGB,JPEG,
130558,data/images/130558.jpg,True,True,460,648,RGB,JPEG,
130584,data/images/130584.jpg,True,True,460,651,RGB,JPEG,
130620,data/images/130620.jpg,True,True,460,613,RGB,JPEG,
130653,data/images/130653.jpg,True,True,460,642,RGB,JPEG,
130654,data/images/130654.jpg,True,True,460,645,RGB,JPEG,
130692,data/images/130692.jpg,True,True,460,651,RGB,JPEG,
130707,data/images/130707.jpg,True,True,460,650,RGB,JPEG,
130713,data/images/130713.jpg,True,True,460,651,RGB,JPEG,
130777,data/images/130777.jpg,True,True,460,650,RGB,JPEG,
130846,data/images/130846.jpg,True,True,460,650,RGB,JPEG,
130921,data/images/130921.jpg,True,True,460,649,RGB,JPEG,
130962,data/images/130962.jpg,True,True,460,657,RGB,JPEG,
130997,data/images/130997.jpg,True,True,460,650,RGB,JPEG,
131005,data/images/131005.jpg,True,True,460,649,RGB,JPEG,
131019,data/images/131019.jpg,True,True,460,650,RGB,JPEG,
131045,data/images/131045.jpg,True,True,460,604,RGB,JPEG,
131083,data/images/131083.jpg,True,True,460,655,RGB,JPEG,
131096,data/images/131096.jpg,True,True,460,650,RGB,JPEG,
131118,data/images/131118.jpg,True,True,460,651,RGB,JPEG,
131149,data/images/131149.jpg,True,True,460,654,RGB,JPEG,
131150,data/images/131150.jpg,True,True,460,650,RGB,JPEG,
131264,data/images/131264.jpg,True,True,460,651,RGB,JPEG,
131565,data/images/131565.jpg,True,True,460,651,RGB,JPEG,
131573,data/images/131573.jpg,True,True,460,651,RGB,JPEG,
131584,data/images/131584.jpg,True,True,460,642,RGB,JPEG,
131586,data/images/131586.jpg,True,True,460,650,RGB,JPEG,
131646,data/images/131646.jpg,True,True,460,656,RGB,JPEG,
131708,data/images/131708.jpg,True,True,460,259,RGB,JPEG,
131770,data/images/131770.jpg,True,True,460,635,RGB,JPEG,
131773,data/images/131773.jpg,True,True,460,626,RGB,JPEG,
131826,data/images/131826.jpg,True,True,460,637,RGB,JPEG,
131866,data/images/131866.jpg,True,True,460,646,RGB,JPEG,
131878,data/images/131878.jpg,True,True,460,651,RGB,JPEG,
131880,data/images/131880.jpg,True,True,460,651,RGB,JPEG,
131927,data/images/131927.jpg,True,True,230,329,RGB,JPEG,
131930,data/images/131930.jpg,True,True,460,664,RGB,JPEG,
131942,data/images/131942.jpg,True,True,460,651,RGB,JPEG,
131944,data/images/131944.jpg,True,True,460,259,RGB,JPEG,
131971,data/images/131971.jpg,True,True,460,259,RGB,JPEG,
131999,data/images/131999.jpg,True,True,460,690,RGB,JPEG,
132061,data/images/132061.jpg,True,True,230,345,RGB,JPEG,
132071,data/images/132071.jpg,True,True,460,649,RGB,JPEG,
132096,data/images/132096.jpg,True,True,460,690,RGB,JPEG,
132126,data/images/132126.jpg,True,True,460,650,RGB,JPEG,
132193,data/images/132193.jpg,True,True,460,666,RGB,JPEG,
132203,data/images/132203.jpg,True,True,460,650,RGB,JPEG,
132209,data/images/132209.jpg,True,True,460,637,RGB,JPEG,
132283,data/images/132283.jpg,True,True,460,651,RGB,JPEG,
132300,data/images/132300.jpg,True,True,460,650,RGB,JPEG,
132324,data/images/132324.jpg,True,True,460,652,RGB,JPEG,
132418,data/images/132418.jpg,True,True,460,287,RGB,JPEG,
132444,data/images/132444.jpg,True,True,460,650,RGB,JPEG,
132456,data/images/132456.jpg,True,True,460,664,RGB,JPEG,
132467,data/images/132467.jpg,True,True,460,259,RGB,JPEG,
132473,data/images/132473.jpg,True,True,460,677,RGB,JPEG,
132525,data/images/132525.jpg,True,True,460,654,RGB,JPEG,
132527,data/images/132527.jpg,True,True,460,651,RGB,JPEG,
132528,data/images/132528.jpg,True,True,460,649,RGB,JPEG,
132545,data/images/132545.jpg,True,True,460,679,RGB,JPEG,
132634,data/images/132634.jpg,True,True,460,534,RGB,JPEG,
132679,data/images/132679.jpg,True,True,460,646,RGB,JPEG,
132697,data/images/132697.jpg,True,True,460,654,RGB,JPEG,
132698,data/images/132698.jpg,True,True,460,650,RGB,JPEG,
132806,data/images/132806.jpg,True,True,460,651,RGB,JPEG,
132893,data/images/132893.jpg,True,True,460,650,RGB,JPEG,
133146,data/images/133146.jpg,True,True,460,690,RGB,JPEG,
133340,data/images/133340.jpg,True,True,460,690,RGB,JPEG,
133411,data/images/133411.jpg,True,True,460,650,RGB,JPEG,
133425,data/images/133425.jpg,True,True,460,690,RGB,JPEG,
133483,data/images/133483.jpg,True,True,460,657,RGB,JPEG,
133510,data/images/133510.jpg,True,True,230,324,RGB,JPEG,
133849,data/images/133849.jpg,True,True,460,621,RGB,JPEG,
133965,data/images/133965.jpg,True,True,460,651,RGB,JPEG,
134116,data/images/134116.jpg,True,True,460,651,RGB,JPEG,
134120,data/images/134120.jpg,True,True,460,690,RGB,JPEG,
134222,data/images/134222.jpg,True,True,460,434,RGB,JPEG,
134288,data/images/134288.jpg,True,True,460,647,RGB,JPEG,
134413,data/images/134413.jpg,True,True,230,345,RGB,JPEG,
134469,data/images/134469.jpg,True,True,230,401,RGB,JPEG,
134623,data/images/134623.jpg,True,True,460,651,RGB,JPEG,
134710,data/images/134710.jpg,True,True,460,654,RGB,JPEG,
134946,data/images/134946.jpg,True,True,460,645,RGB,JPEG,
135108,data/images/135108.jpg,True,True,460,651,RGB,JPEG,
135171,data/images/135171.jpg,True,True,460,509,RGB,JPEG,
135381,data/images/135381.jpg,True,True,460,690,RGB,JPEG,
135432,data/images/135432.jpg,True,True,460,679,RGB,JPEG,
135645,data/images/135645.jpg,True,True,460,622,RGB,JPEG,
135836,data/images/135836.jpg,True,True,460,690,RGB,JPEG,
135864,data/images/135864.jpg,True,True,460,682,RGB,JPEG,
135866,data/images/135866.jpg,True,True,460,690,RGB,JPEG,
135939,data/images/135939.jpg,True,True,460,665,RGB,JPEG,
136049,data/images/136049.jpg,True,True,460,649,RGB,JPEG,
136119,data/images/136119.jpg,True,True,460,655,RGB,JPEG,
136135,data/images/136135.jpg,True,True,230,129,RGB,JPEG,
136137,data/images/136137.jpg,True,True,230,325,RGB,JPEG,
136138,data/images/136138.jpg,True,True,460,651,RGB,JPEG,
136139,data/images/136139.jpg,True,True,460,650,RGB,JPEG,
136140,data/images/136140.jpg,True,True,460,650,RGB,JPEG,
136190,data/images/136190.jpg,True,True,460,657,RGB,JPEG,
136206,data/images/136206.jpg,True,True,460,650,RGB,JPEG,
136221,data/images/136221.jpg,True,True,460,650,RGB,JPEG,
136263,data/images/136263.jpg,True,True,460,661,RGB,JPEG,
136270,data/images/136270.jpg,True,True,460,648,RGB,JPEG,
136344,data/images/136344.jpg,True,True,460,650,RGB,JPEG,
136474,data/images/136474.jpg,True,True,230,345,RGB,JPEG,
136512,data/images/136512.jpg,True,True,460,642,RGB,JPEG,
136517,data/images/136517.jpg,True,True,460,645,RGB,JPEG,
136538,data/images/136538.jpg,True,True,460,642,RGB,JPEG,
136642,data/images/136642.jpg,True,True,460,601,RGB,JPEG,
136646,data/images/136646.jpg,True,True,230,322,RGB,JPEG,
136706,data/images/136706.jpg,True,True,460,652,RGB,JPEG,
136795,data/images/136795.jpg,True,True,460,610,RGB,JPEG,
136829,data/images/136829.jpg,True,True,460,665,RGB,JPEG,
136946,data/images/136946.jpg,True,True,460,690,RGB,JPEG,
136947,data/images/136947.jpg,True,True,460,656,RGB,JPEG,
137075,data/images/137075.jpg,True,True,460,645,RGB,JPEG,
137097,data/images/137097.jpg,True,True,230,322,RGB,JPEG,
137102,data/images/137102.jpg,True,True,460,690,RGB,JPEG,
137106,data/images/137106.jpg,True,True,230,323,RGB,JPEG,
137227,data/images/137227.jpg,True,True,460,652,RGB,JPEG,
137264,data/images/137264.jpg,True,True,460,643,RGB,JPEG,
137309,data/images/137309.jpg,True,True,460,690,RGB,JPEG,
137333,data/images/137333.jpg,True,True,460,690,RGB,JPEG,
137537,data/images/137537.jpg,True,True,460,690,RGB,JPEG,
137799,data/images/137799.jpg,True,True,460,648,RGB,JPEG,
137804,data/images/137804.jpg,True,True,460,623,RGB,JPEG,
137821,data/images/137821.jpg,True,True,460,644,RGB,JPEG,
137877,data/images/137877.jpg,True,True,460,651,RGB,JPEG,
137898,data/images/137898.jpg,True,True,460,690,RGB,JPEG,
138060,data/images/138060.jpg,True,True,460,690,RGB,JPEG,
138063,data/images/138063.jpg,True,True,460,651,RGB,JPEG,
138106,data/images/138106.jpg,True,True,460,690,RGB,JPEG,
138119,data/images/138119.jpg,True,True,460,259,RGB,JPEG,
138360,data/images/138360.jpg,True,True,460,648,RGB,JPEG,
138383,data/images/138383.jpg,True,True,460,650,RGB,JPEG,
138411,data/images/138411.jpg,True,True,460,637,RGB,JPEG,
138550,data/images/138550.jpg,True,True,460,690,RGB,JPEG,
138658,data/images/138658.jpg,True,True,460,668,RGB,JPEG,
138699,data/images/138699.jpg,True,True,460,630,RGB,JPEG,
138714,data/images/138714.jpg,True,True,460,649,RGB,JPEG,
138899,data/images/138899.jpg,True,True,460,651,RGB,JPEG,
139079,data/images/139079.jpg,True,True,230,345,RGB,JPEG,
139229,data/images/139229.jpg,True,True,460,345,RGB,JPEG,
139304,data/images/139304.jpg,True,True,460,651,RGB,JPEG,
139342,data/images/139342.jpg,True,True,460,259,RGB,JPEG,
139375,data/images/139375.jpg,True,True,460,657,RGB,JPEG,
139386,data/images/139386.jpg,True,True,460,650,RGB,JPEG,
139409,data/images/139409.jpg,True,True,460,557,RGB,JPEG,
139449,data/images/139449.jpg,True,True,460,722,RGB,JPEG,
139451,data/images/139451.jpg,True,True,460,613,RGB,JPEG,
139466,data/images/139466.jpg,True,True,460,587,RGB,JPEG,
139588,data/images/139588.jpg,True,True,460,650,RGB,JPEG,
139637,data/images/139637.jpg,True,True,460,649,RGB,JPEG,
139682,data/images/139682.jpg,True,True,230,345,RGB,JPEG,
139752,data/images/139752.jpg,True,True,460,335,RGB,JPEG,
139754,data/images/139754.jpg,True,True,460,621,RGB,JPEG,
139813,data/images/139813.jpg,True,True,460,690,RGB,JPEG,
139883,data/images/139883.jpg,True,True,460,644,RGB,JPEG,
140028,data/images/140028.jpg,True,True,460,588,RGB,JPEG,
140099,data/images/140099.jpg,True,True,230,353,RGB,JPEG,
140114,data/images/140114.jpg,True,True,460,690,RGB,JPEG,
140377,data/images/140377.jpg,True,True,460,664,RGB,JPEG,
140601,data/images/140601.jpg,True,True,460,690,RGB,JPEG,
140689,data/images/140689.jpg,True,True,460,675,RGB,JPEG,
140700,data/images/140700.jpg,True,True,460,676,RGB,JPEG,
140788,data/images/140788.jpg,True,True,460,656,RGB,JPEG,
140882,data/images/140882.jpg,True,True,230,333,RGB,JPEG,
141056,data/images/141056.jpg,True,True,460,650,RGB,JPEG,
141528,data/images/141528.jpg,True,True,460,701,RGB,JPEG,
141779,data/images/141779.jpg,True,True,230,345,RGB,JPEG,
142052,data/images/142052.jpg,True,True,460,690,RGB,JPEG,
143118,data/images/143118.jpg,True,True,230,321,RGB,JPEG,
144803,data/images/144803.jpg,True,True,230,325,RGB,JPEG,
144811,data/images/144811.jpg,True,True,460,690,RGB,JPEG,
145553,data/images/145553.jpg,True,True,460,259,RGB,JPEG,
145555,data/images/145555.jpg,True,True,460,570,RGB,JPEG,
145705,data/images/145705.jpg,True,True,460,687,RGB,JPEG,
145709,data/images/145709.jpg,True,True,460,690,RGB,JPEG,
145799,data/images/145799.jpg,True,True,230,345,RGB,JPEG,
145800,data/images/145800.jpg,True,True,230,345,RGB,JPEG,
145898,data/images/145898.jpg,True,True,460,690,RGB,JPEG,
145958,data/images/145958.jpg,True,True,230,326,RGB,JPEG,
147013,data/images/147013.jpg,True,True,460,645,RGB,JPEG,
148002,data/images/148002.jpg,True,True,460,259,RGB,JPEG,
148293,data/images/148293.jpg,True,True,460,540,RGB,JPEG,
148567,data/images/148567.jpg,True,True,460,652,RGB,JPEG,
148820,data/images/148820.jpg,True,True,460,661,RGB,JPEG,
149040,data/images/149040.jpg,True,True,230,230,RGB,JPEG,
154068,data/images/154068.jpg,True,True,230,130,RGB,JPEG,
154198,data/images/154198.jpg,True,True,460,690,RGB,JPEG,
154386,data/images/154386.jpg,True,True,460,560,RGB,JPEG,
154974,data/images/154974.jpg,True,True,230,325,RGB,JPEG,
154978,data/images/154978.jpg,True,True,230,230,RGB,JPEG,
157074,data/images/157074.jpg,True,True,230,327,RGB,JPEG,
162744,data/images/162744.jpg,True,True,230,272,RGB,JPEG,
165557,data/images/165557.jpg,True,True,230,345,RGB,JPEG,
169404,data/images/169404.jpg,True,True,460,690,RGB,JPEG,
169746,data/images/169746.jpg,True,True,230,299,RGB,JPEG,
177230,data/images/177230.jpg,True,True,230,273,RGB,JPEG,
180850,data/images/180850.jpg,True,True,460,613,RGB,JPEG,
181468,data/images/181468.jpg,True,True,230,327,RGB,JPEG,
188619,data/images/188619.jpg,True,True,230,345,RGB,JPEG,
204616,data/images/204616.jpg,True,True,460,259,RGB,JPEG,
208066,data/images/208066.jpg,True,True,460,690,RGB,JPEG,
21294,data/images/21294.jpg,True,True,460,650,RGB,JPEG,
98577,data/images/98577.jpg,True,True,460,657,RGB,JPEG,
101705,data/images/101705.jpg,True,True,460,655,RGB,JPEG,
102891,data/images/102891.jpg,True,True,460,629,RGB,JPEG,
103118,data/images/103118.jpg,True,True,460,651,RGB,JPEG,
104460,data/images/104460.jpg,True,True,460,639,RGB,JPEG,
108353,data/images/108353.jpg,True,True,460,649,RGB,JPEG,
108357,data/images/108357.jpg,True,True,460,660,RGB,JPEG,
109820,data/images/109820.jpg,True,True,460,653,RGB,JPEG,
109911,data/images/109911.jpg,True,True,460,666,RGB,JPEG,
109928,data/images/109928.jpg,True,True,460,665,RGB,JPEG,
111321,data/images/111321.jpg,True,True,460,651,RGB,JPEG,
112323,data/images/112323.jpg,True,True,460,645,RGB,JPEG,
112640,data/images/112640.jpg,True,True,460,665,RGB,JPEG,
112719,data/images/112719.jpg,True,True,460,650,RGB,JPEG,
113345,data/images/113345.jpg,True,True,460,651,RGB,JPEG,
113689,data/images/113689.jpg,True,True,460,632,RGB,JPEG,
114745,data/images/114745.jpg,True,True,460,650,RGB,JPEG,
114842,data/images/114842.jpg,True,True,460,690,RGB,JPEG,
116605,data/images/116605.jpg,True,True,460,658,RGB,JPEG,
116674,data/images/116674.jpg,True,True,460,650,RGB,JPEG,
117074,data/images/117074.jpg,True,True,460,651,RGB,JPEG,
117196,data/images/117196.jpg,True,True,460,644,RGB,JPEG,
117197,data/images/117197.jpg,True,True,460,649,RGB,JPEG,
117756,data/images/117756.jpg,True,True,460,650,RGB,JPEG,
117765,data/images/117765.jpg,True,True,460,650,RGB,JPEG,
118465,data/images/118465.jpg,True,True,460,654,RGB,JPEG,
119056,data/images/119056.jpg,True,True,460,649,RGB,JPEG,
120377,data/images/120377.jpg,True,True,460,644,RGB,JPEG,
121176,data/images/121176.jpg,True,True,460,650,RGB,JPEG,
122808,data/images/122808.jpg,True,True,460,690,RGB,JPEG,
123330,data/images/123330.jpg,True,True,460,667,RGB,JPEG,
123752,data/images/123752.jpg,True,True,460,651,RGB,JPEG,
124032,data/images/124032.jpg,True,True,460,661,RGB,JPEG,
124060,data/images/124060.jpg,True,True,460,652,RGB,JPEG,
124395,data/images/124395.jpg,True,True,460,640,RGB,JPEG,
124410,data/images/124410.jpg,True,True,460,650,RGB,JPEG,
124641,data/images/124641.jpg,True,True,460,650,RGB,JPEG,
125124,data/images/125124.jpg,True,True,460,647,RGB,JPEG,
125261,data/images/125261.jpg,True,True,460,647,RGB,JPEG,
125367,data/images/125367.jpg,True,True,460,650,RGB,JPEG,
125440,data/images/125440.jpg,True,True,460,690,RGB,JPEG,
125447,data/images/125447.jpg,True,True,460,681,RGB,JPEG,
125682,data/images/125682.jpg,True,True,460,650,RGB,JPEG,
125910,data/images/125910.jpg,True,True,460,690,RGB,JPEG,
126288,data/images/126288.jpg,True,True,460,690,RGB,JPEG,
126425,data/images/126425.jpg,True,True,460,637,RGB,JPEG,
126783,data/images/126783.jpg,True,True,460,684,RGB,JPEG,
127050,data/images/127050.jpg,True,True,460,650,RGB,JPEG,
127090,data/images/127090.jpg,True,True,460,646,RGB,JPEG,
127230,data/images/127230.jpg,True,True,460,653,RGB,JPEG,
127549,data/images/127549.jpg,True,True,460,654,RGB,JPEG,
127911,data/images/127911.jpg,True,True,460,652,RGB,JPEG,
128034,data/images/128034.jpg,True,True,460,650,RGB,JPEG,
128207,data/images/128207.jpg,True,True,460,690,RGB,JPEG,
128223,data/images/128223.jpg,True,True,460,655,RGB,JPEG,
128400,data/images/128400.jpg,True,True,460,643,RGB,JPEG,
128828,data/images/128828.jpg,True,True,460,645,RGB,JPEG,
128890,data/images/128890.jpg,True,True,460,649,RGB,JPEG,
129190,data/images/129190.jpg,True,True,460,690,RGB,JPEG,
129191,data/images/129191.jpg,True,True,460,651,RGB,JPEG,
129192,data/images/129192.jpg,True,True,460,665,RGB,JPEG,
129193,data/images/129193.jpg,True,True,460,652,RGB,JPEG,
129196,data/images/129196.jpg,True,True,460,654,RGB,JPEG,
129201,data/images/129201.jpg,True,True,460,651,RGB,JPEG,
130003,data/images/130003.jpg,True,True,460,650,RGB,JPEG,
130166,data/images/130166.jpg,True,True,460,652,RGB,JPEG,
130298,data/images/130298.jpg,True,True,460,645,RGB,JPEG,
130305,data/images/130305.jpg,True,True,460,651,RGB,JPEG,
130319,data/images/130319.jpg,True,True,460,643,RGB,JPEG,
130389,data/images/130389.jpg,True,True,460,651,RGB,JPEG,
130550,data/images/130550.jpg,True,True,460,652,RGB,JPEG,
130586,data/images/130586.jpg,True,True,460,639,RGB,JPEG,
130591,data/images/130591.jpg,True,True,460,690,RGB,JPEG,
130592,data/images/130592.jpg,True,True,460,648,RGB,JPEG,
130705,data/images/130705.jpg,True,True,460,651,RGB,JPEG,
131182,data/images/131182.jpg,True,True,460,650,RGB,JPEG,
131516,data/images/131516.jpg,True,True,460,690,RGB,JPEG,
131520,data/images/131520.jpg,True,True,460,645,RGB,JPEG,
131548,data/images/131548.jpg,True,True,460,664,RGB,JPEG,
131681,data/images/131681.jpg,True,True,460,650,RGB,JPEG,
131912,data/images/131912.jpg,True,True,460,651,RGB,JPEG,
132010,data/images/132010.jpg,True,True,460,650,RGB,JPEG,
132052,data/images/132052.jpg,True,True,460,656,RGB,JPEG,
132055,data/images/132055.jpg,True,True,460,325,RGB,JPEG,
132171,data/images/132171.jpg,True,True,460,650,RGB,JPEG,
132232,data/images/132232.jpg,True,True,460,631,RGB,JPEG,
132351,data/images/132351.jpg,True,True,460,651,RGB,JPEG,
132405,data/images/132405.jpg,True,True,460,648,RGB,JPEG,
132474,data/images/132474.jpg,True,True,460,655,RGB,JPEG,
132526,data/images/132526.jpg,True,True,460,637,RGB,JPEG,
132532,data/images/132532.jpg,True,True,460,638,RGB,JPEG,
132804,data/images/132804.jpg,True,True,460,650,RGB,JPEG,
133124,data/images/133124.jpg,True,True,460,664,RGB,JPEG,
133175,data/images/133175.jpg,True,True,460,652,RGB,JPEG,
133412,data/images/133412.jpg,True,True,460,650,RGB,JPEG,
133844,data/images/133844.jpg,True,True,460,650,RGB,JPEG,
133891,data/images/133891.jpg,True,True,460,644,RGB,JPEG,
133898,data/images/133898.jpg,True,True,460,690,RGB,JPEG,
134070,data/images/134070.jpg,True,True,460,397,RGB,JPEG,
134252,data/images/134252.jpg,True,True,460,651,RGB,JPEG,
134732,data/images/134732.jpg,True,True,460,647,RGB,JPEG,
135136,data/images/135136.jpg,True,True,460,647,RGB,JPEG,
135177,data/images/135177.jpg,True,True,460,729,RGB,JPEG,
135384,data/images/135384.jpg,True,True,460,665,RGB,JPEG,
135513,data/images/135513.jpg,True,True,460,651,RGB,JPEG,
135515,data/images/135515.jpg,True,True,460,690,RGB,JPEG,
135660,data/images/135660.jpg,True,True,460,344,RGB,JPEG,
135806,data/images/135806.jpg,True,True,460,649,RGB,JPEG,
135848,data/images/135848.jpg,True,True,460,650,RGB,JPEG,
136064,data/images/136064.jpg,True,True,460,644,RGB,JPEG,
136080,data/images/136080.jpg,True,True,460,654,RGB,JPEG,
136150,data/images/136150.jpg,True,True,460,650,RGB,JPEG,
136192,data/images/136192.jpg,True,True,460,651,RGB,JPEG,
136226,data/images/136226.jpg,True,True,460,619,RGB,JPEG,
136302,data/images/136302.jpg,True,True,460,640,RGB,JPEG,
136303,data/images/136303.jpg,True,True,460,625,RGB,JPEG,
136428,data/images/136428.jpg,True,True,460,670,RGB,JPEG,
136436,data/images/136436.jpg,True,True,460,623,RGB,JPEG,
136459,data/images/136459.jpg,True,True,460,651,RGB,JPEG,
136707,data/images/136707.jpg,True,True,460,644,RGB,JPEG,
136796,data/images/136796.jpg,True,True,460,650,RGB,JPEG,
136934,data/images/136934.jpg,True,True,460,651,RGB,JPEG,
137247,data/images/137247.jpg,True,True,460,641,RGB,JPEG,
137281,data/images/137281.jpg,True,True,460,644,RGB,JPEG,
137312,data/images/137312.jpg,True,True,460,637,RGB,JPEG,
137337,data/images/137337.jpg,True,True,460,637,RGB,JPEG,
137341,data/images/137341.jpg,True,True,460,657,RGB,JPEG,
137378,data/images/137378.jpg,True,True,460,651,RGB,JPEG,
137621,data/images/137621.jpg,True,True,460,649,RGB,JPEG,
137633,data/images/137633.jpg,True,True,460,650,RGB,JPEG,
137734,data/images/137734.jpg,True,True,460,645,RGB,JPEG,
137819,data/images/137819.jpg,True,True,460,692,RGB,JPEG,
137822,data/images/137822.jpg,True,True,460,644,RGB,JPEG,
138379,data/images/138379.jpg,True,True,460,650,RGB,JPEG,
138424,data/images/138424.jpg,True,True,460,649,RGB,JPEG,
138425,data/images/138425.jpg,True,True,230,345,RGB,JPEG,
138452,data/images/138452.jpg,True,True,460,650,RGB,JPEG,
138459,data/images/138459.jpg,True,True,460,645,RGB,JPEG,
138565,data/images/138565.jpg,True,True,460,650,RGB,JPEG,
138700,data/images/138700.jpg,True,True,460,638,RGB,JPEG,
138717,data/images/138717.jpg,True,True,460,654,RGB,JPEG,
138833,data/images/138833.jpg,True,True,460,651,RGB,JPEG,
138882,data/images/138882.jpg,True,True,460,690,RGB,JPEG,
138912,data/images/138912.jpg,True,True,230,326,RGB,JPEG,
139092,data/images/139092.jpg,True,True,460,649,RGB,JPEG,
139093,data/images/139093.jpg,True,True,460,621,RGB,JPEG,
139212,data/images/139212.jpg,True,True,460,651,RGB,JPEG,
139273,data/images/139273.jpg,True,True,460,651,RGB,JPEG,
139274,data/images/139274.jpg,True,True,460,675,RGB,JPEG,
139303,data/images/139303.jpg,True,True,460,649,RGB,JPEG,
139310,data/images/139310.jpg,True,True,460,638,RGB,JPEG,
139311,data/images/139311.jpg,True,True,460,639,RGB,JPEG,
139369,data/images/139369.jpg,True,True,460,653,RGB,JPEG,
139498,data/images/139498.jpg,True,True,460,651,RGB,JPEG,
139587,data/images/139587.jpg,True,True,460,651,RGB,JPEG,
139589,data/images/139589.jpg,True,True,460,651,RGB,JPEG,
139592,data/images/139592.jpg,True,True,460,690,RGB,JPEG,
139630,data/images/139630.jpg,True,True,460,647,RGB,JPEG,
139643,data/images/139643.jpg,True,True,460,658,RGB,JPEG,
139648,data/images/139648.jpg,True,True,460,673,RGB,JPEG,
139675,data/images/139675.jpg,True,True,230,345,RGB,JPEG,
139804,data/images/139804.jpg,True,True,460,690,RGB,JPEG,
139806,data/images/139806.jpg,True,True,460,651,RGB,JPEG,
139820,data/images/139820.jpg,True,True,460,648,RGB,JPEG,
140002,data/images/140002.jpg,True,True,460,645,RGB,JPEG,
140005,data/images/140005.jpg,True,True,460,645,RGB,JPEG,
140085,data/images/140085.jpg,True,True,460,651,RGB,JPEG,
140187,data/images/140187.jpg,True,True,460,652,RGB,JPEG,
140320,data/images/140320.jpg,True,True,460,651,RGB,JPEG,
140321,data/images/140321.jpg,True,True,460,651,RGB,JPEG,
140350,data/images/140350.jpg,True,True,460,652,RGB,JPEG,
140430,data/images/140430.jpg,True,True,460,613,RGB,JPEG,
140431,data/images/140431.jpg,True,True,460,651,RGB,JPEG,
140439,data/images/140439.jpg,True,True,460,659,RGB,JPEG,
140457,data/images/140457.jpg,True,True,460,651,RGB,JPEG,
140502,data/images/140502.jpg,True,True,460,655,RGB,JPEG,
140642,data/images/140642.jpg,True,True,460,651,RGB,JPEG,
140643,data/images/140643.jpg,True,True,460,651,RGB,JPEG,
140660,data/images/140660.jpg,True,True,460,650,RGB,JPEG,
140753,data/images/140753.jpg,True,True,460,636,RGB,JPEG,
140765,data/images/140765.jpg,True,True,460,651,RGB,JPEG,
140787,data/images/140787.jpg,True,True,460,653,RGB,JPEG,
140830,data/images/140830.jpg,True,True,460,648,RGB,JPEG,
140842,data/images/140842.jpg,True,True,460,650,RGB,JPEG,
140883,data/images/140883.jpg,True,True,460,645,RGB,JPEG,
140950,data/images/140950.jpg,True,True,460,654,RGB,JPEG,
140960,data/images/140960.jpg,True,True,460,650,RGB,JPEG,
140999,data/images/140999.jpg,True,True,460,649,RGB,JPEG,
141014,data/images/141014.jpg,True,True,460,651,RGB,JPEG,
141063,data/images/141063.jpg,True,True,460,650,RGB,JPEG,
141136,data/images/141136.jpg,True,True,460,636,RGB,JPEG,
141212,data/images/141212.jpg,True,True,460,651,RGB,JPEG,
141350,data/images/141350.jpg,True,True,460,652,RGB,JPEG,
141351,data/images/141351.jpg,True,True,460,638,RGB,JPEG,
141352,data/images/141352.jpg,True,True,460,676,RGB,JPEG,
141368,data/images/141368.jpg,True,True,460,651,RGB,JPEG,
141391,data/images/141391.jpg,True,True,460,652,RGB,JPEG,
141400,data/images/141400.jpg,True,True,460,650,RGB,JPEG,
141534,data/images/141534.jpg,True,True,460,627,RGB,JPEG,
141774,data/images/141774.jpg,True,True,460,651,RGB,JPEG,
141775,data/images/141775.jpg,True,True,460,627,RGB,JPEG,
141902,data/images/141902.jpg,True,True,460,658,RGB,JPEG,
141907,data/images/141907.jpg,True,True,460,654,RGB,JPEG,
141949,data/images/141949.jpg,True,True,460,642,RGB,JPEG,
142016,data/images/142016.jpg,True,True,460,639,RGB,JPEG,
142074,data/images/142074.jpg,True,True,460,650,RGB,JPEG,
142080,data/images/142080.jpg,True,True,460,653,RGB,JPEG,
142095,data/images/142095.jpg,True,True,460,650,RGB,JPEG,
142116,data/images/142116.jpg,True,True,460,651,RGB,JPEG,
142117,data/images/142117.jpg,True,True,460,651,RGB,JPEG,
142136,data/images/142136.jpg,True,True,460,650,RGB,JPEG,
142173,data/images/142173.jpg,True,True,460,629,RGB,JPEG,
142216,data/images/142216.jpg,True,True,460,651,RGB,JPEG,
142219,data/images/142219.jpg,True,True,460,650,RGB,JPEG,
142229,data/images/142229.jpg,True,True,460,643,RGB,JPEG,
142274,data/images/142274.jpg,True,True,460,652,RGB,JPEG,
142329,data/images/142329.jpg,True,True,460,643,RGB,JPEG,
142343,data/images/142343.jpg,True,True,460,651,RGB,JPEG,
142411,data/images/142411.jpg,True,True,460,690,RGB,JPEG,
142455,data/images/142455.jpg,True,True,460,651,RGB,JPEG,
142481,data/images/142481.jpg,True,True,460,650,RGB,JPEG,
142541,data/images/142541.jpg,True,True,460,650,RGB,JPEG,
142549,data/images/142549.jpg,True,True,460,649,RGB,JPEG,
142701,data/images/142701.jpg,True,True,460,656,RGB,JPEG,
142769,data/images/142769.jpg,True,True,460,690,RGB,JPEG,
142770,data/images/142770.jpg,True,True,460,690,RGB,JPEG,
142794,data/images/142794.jpg,True,True,460,650,RGB,JPEG,
142806,data/images/142806.jpg,True,True,460,651,RGB,JPEG,
142826,data/images/142826.jpg,True,True,460,650,RGB,JPEG,
142838,data/images/142838.jpg,True,True,460,651,RGB,JPEG,
142842,data/images/142842.jpg,True,True,460,655,RGB,JPEG,
142876,data/images/142876.jpg,True,True,460,649,RGB,JPEG,
142984,data/images/142984.jpg,True,True,460,646,RGB,JPEG,
142985,data/images/142985.jpg,True,True,460,652,RGB,JPEG,
143065,data/images/143065.jpg,True,True,460,643,RGB,JPEG,
143080,data/images/143080.jpg,True,True,460,641,RGB,JPEG,
143082,data/images/143082.jpg,True,True,460,654,RGB,JPEG,
143086,data/images/143086.jpg,True,True,460,651,RGB,JPEG,
143150,data/images/143150.jpg,True,True,460,632,RGB,JPEG,
143203,data/images/143203.jpg,True,True,460,648,RGB,JPEG,
143270,data/images/143270.jpg,True,True,460,638,RGB,JPEG,
143277,data/images/143277.jpg,True,True,460,651,RGB,JPEG,
143286,data/images/143286.jpg,True,True,460,651,RGB,JPEG,
143289,data/images/143289.jpg,True,True,460,652,RGB,JPEG,
143413,data/images/143413.jpg,True,True,460,259,RGB,JPEG,
143415,data/images/143415.jpg,True,True,460,549,RGB,JPEG,
143417,data/images/143417.jpg,True,True,460,650,RGB,JPEG,
143455,data/images/143455.jpg,True,True,460,652,RGB,JPEG,
143485,data/images/143485.jpg,True,True,460,657,RGB,JPEG,
143612,data/images/143612.jpg,True,True,460,690,RGB,JPEG,
143846,data/images/143846.jpg,True,True,460,627,RGB,JPEG,
144323,data/images/144323.jpg,True,True,460,632,RGB,JPEG,
144336,data/images/144336.jpg,True,True,460,650,RGB,JPEG,
144451,data/images/144451.jpg,True,True,460,690,RGB,JPEG,
144506,data/images/144506.jpg,True,True,460,651,RGB,JPEG,
144509,data/images/144509.jpg,True,True,460,653,RGB,JPEG,
144533,data/images/144533.jpg,True,True,460,602,RGB,JPEG,
144676,data/images/144676.jpg,True,True,460,651,RGB,JPEG,
144677,data/images/144677.jpg,True,True,460,666,RGB,JPEG,
144687,data/images/144687.jpg,True,True,460,638,RGB,JPEG,
144852,data/images/144852.jpg,True,True,230,322,RGB,JPEG,
144853,data/images/144853.jpg,True,True,460,638,RGB,JPEG,
144858,data/images/144858.jpg,True,True,460,659,RGB,JPEG,
144916,data/images/144916.jpg,True,True,460,345,RGB,JPEG,
144992,data/images/144992.jpg,True,True,460,690,RGB,JPEG,
144996,data/images/144996.jpg,True,True,460,645,RGB,JPEG,
145001,data/images/145001.jpg,True,True,460,615,RGB,JPEG,
145016,data/images/145016.jpg,True,True,460,651,RGB,JPEG,
145059,data/images/145059.jpg,True,True,460,690,RGB,JPEG,
145063,data/images/145063.jpg,True,True,460,690,RGB,JPEG,
145069,data/images/145069.jpg,True,True,460,650,RGB,JPEG,
145260,data/images/145260.jpg,True,True,460,651,RGB,JPEG,
145405,data/images/145405.jpg,True,True,460,531,RGB,JPEG,
145468,data/images/145468.jpg,True,True,460,649,RGB,JPEG,
145478,data/images/145478.jpg,True,True,460,691,RGB,JPEG,
145545,data/images/145545.jpg,True,True,460,637,RGB,JPEG,
145604,data/images/145604.jpg,True,True,460,650,RGB,JPEG,
145608,data/images/145608.jpg,True,True,460,690,RGB,JPEG,
145739,data/images/145739.jpg,True,True,460,670,RGB,JPEG,
145813,data/images/145813.jpg,True,True,460,613,RGB,JPEG,
145815,data/images/145815.jpg,True,True,460,650,RGB,JPEG,
145852,data/images/145852.jpg,True,True,460,259,RGB,JPEG,
145895,data/images/145895.jpg,True,True,460,690,RGB,JPEG,
145916,data/images/145916.jpg,True,True,460,649,RGB,JPEG,
145968,data/images/145968.jpg,True,True,460,655,RGB,JPEG,
145994,data/images/145994.jpg,True,True,460,259,RGB,JPEG,
146004,data/images/146004.jpg,True,True,460,821,RGB,JPEG,
146140,data/images/146140.jpg,True,True,460,690,RGB,JPEG,
146210,data/images/146210.jpg,True,True,460,642,RGB,JPEG,
146233,data/images/146233.jpg,True,True,460,645,RGB,JPEG,
146282,data/images/146282.jpg,True,True,460,613,RGB,JPEG,
146321,data/images/146321.jpg,True,True,460,596,RGB,JPEG,
146397,data/images/146397.jpg,True,True,460,656,RGB,JPEG,
146438,data/images/146438.jpg,True,True,460,648,RGB,JPEG,
146475,data/images/146475.jpg,True,True,460,818,RGB,JPEG,
146485,data/images/146485.jpg,True,True,460,649,RGB,JPEG,
146488,data/images/146488.jpg,True,True,460,716,RGB,JPEG,
146489,data/images/146489.jpg,True,True,460,645,RGB,JPEG,
146501,data/images/146501.jpg,True,True,460,649,RGB,JPEG,
146503,data/images/146503.jpg,True,True,230,345,RGB,JPEG,
146625,data/images/146625.jpg,True,True,460,649,RGB,JPEG,
146631,data/images/146631.jpg,True,True,460,651,RGB,JPEG,
146632,data/images/146632.jpg,True,True,460,650,RGB,JPEG,
146637,data/images/146637.jpg,True,True,460,650,RGB,JPEG,
146650,data/images/146650.jpg,True,True,460,649,RGB,JPEG,
146668,data/images/146668.jpg,True,True,460,650,RGB,JPEG,
146676,data/images/146676.jpg,True,True,460,650,RGB,JPEG,
146722,data/images/146722.jpg,True,True,460,654,RGB,JPEG,
146741,data/images/146741.jpg,True,True,460,652,RGB,JPEG,
146742,data/images/146742.jpg,True,True,460,651,RGB,JPEG,
146837,data/images/146837.jpg,True,True,460,643,RGB,JPEG,
146865,data/images/146865.jpg,True,True,460,650,RGB,JPEG,
146866,data/images/146866.jpg,True,True,460,259,RGB,JPEG,
146885,data/images/146885.jpg,True,True,230,326,RGB,JPEG,
146921,data/images/146921.jpg,True,True,460,653,RGB,JPEG,
146922,data/images/146922.jpg,True,True,460,689,RGB,JPEG,
146951,data/images/146951.jpg,True,True,460,651,RGB,JPEG,
146962,data/images/146962.jpg,True,True,460,639,RGB,JPEG,
147226,data/images/147226.jpg,True,True,230,345,RGB,JPEG,
147287,data/images/147287.jpg,True,True,460,649,RGB,JPEG,
147430,data/images/147430.jpg,True,True,460,648,RGB,JPEG,
147578,data/images/147578.jpg,True,True,460,650,RGB,JPEG,
147728,data/images/147728.jpg,True,True,460,690,RGB,JPEG,
147885,data/images/147885.jpg,True,True,460,648,RGB,JPEG,
147929,data/images/147929.jpg,True,True,230,325,RGB,JPEG,
148042,data/images/148042.jpg,True,True,460,651,RGB,JPEG,
148112,data/images/148112.jpg,True,True,460,643,RGB,JPEG,
148147,data/images/148147.jpg,True,True,460,644,RGB,JPEG,
148148,data/images/148148.jpg,True,True,460,651,RGB,JPEG,
148179,data/images/148179.jpg,True,True,460,650,RGB,JPEG,
148295,data/images/148295.jpg,True,True,460,307,RGB,JPEG,
148401,data/images/148401.jpg,True,True,460,585,RGB,JPEG,
148492,data/images/148492.jpg,True,True,460,650,RGB,JPEG,
148819,data/images/148819.jpg,True,True,230,322,RGB,JPEG,
148932,data/images/148932.jpg,True,True,230,99,RGB,JPEG,
148960,data/images/148960.jpg,True,True,460,651,RGB,JPEG,
148970,data/images/148970.jpg,True,True,230,345,RGB,JPEG,
149073,data/images/149073.jpg,True,True,460,648,RGB,JPEG,
149098,data/images/149098.jpg,True,True,460,259,RGB,JPEG,
149099,data/images/149099.jpg,True,True,230,329,RGB,JPEG,
149326,data/images/149326.jpg,True,True,460,645,RGB,JPEG,
149874,data/images/149874.jpg,True,True,460,650,RGB,JPEG,
150157,data/images/150157.jpg,True,True,460,651,RGB,JPEG,
150188,data/images/150188.jpg,True,True,460,650,RGB,JPEG,
150575,data/images/150575.jpg,True,True,460,634,RGB,JPEG,
150583,data/images/150583.jpg,True,True,460,690,RGB,JPEG,
150695,data/images/150695.jpg,True,True,460,648,RGB,JPEG,
150697,data/images/150697.jpg,True,True,460,650,RGB,JPEG,
150909,data/images/150909.jpg,True,True,460,672,RGB,JPEG,
151018,data/images/151018.jpg,True,True,460,650,RGB,JPEG,
151067,data/images/151067.jpg,True,True,460,631,RGB,JPEG,
151072,data/images/151072.jpg,True,True,460,650,RGB,JPEG,
151126,data/images/151126.jpg,True,True,460,576,RGB,JPEG,
151379,data/images/151379.jpg,True,True,460,696,RGB,JPEG,
151411,data/images/151411.jpg,True,True,460,651,RGB,JPEG,
151414,data/images/151414.jpg,True,True,460,645,RGB,JPEG,
151631,data/images/151631.jpg,True,True,460,656,RGB,JPEG,
151632,data/images/151632.jpg,True,True,460,690,RGB,JPEG,
151659,data/images/151659.jpg,True,True,460,649,RGB,JPEG,
151660,data/images/151660.jpg,True,True,230,325,RGB,JPEG,
151803,data/images/151803.jpg,True,True,460,650,RGB,JPEG,
151898,data/images/151898.jpg,True,True,460,690,RGB,JPEG,
152005,data/images/152005.jpg,True,True,460,690,RGB,JPEG,
152207,data/images/152207.jpg,True,True,460,650,RGB,JPEG,
152292,data/images/152292.jpg,True,True,460,650,RGB,JPEG,
152633,data/images/152633.jpg,True,True,460,557,RGB,JPEG,
152636,data/images/152636.jpg,True,True,460,690,RGB,JPEG,
152881,data/images/152881.jpg,True,True,460,643,RGB,JPEG,
153146,data/images/153146.jpg,True,True,460,652,RGB,JPEG,
153322,data/images/153322.jpg,True,True,460,652,RGB,JPEG,
153346,data/images/153346.jpg,True,True,460,675,RGB,JPEG,
153348,data/images/153348.jpg,True,True,230,129,RGB,JPEG,
153412,data/images/153412.jpg,True,True,460,632,RGB,JPEG,
153431,data/images/153431.jpg,True,True,460,652,RGB,JPEG,
153567,data/images/153567.jpg,True,True,460,649,RGB,JPEG,
153765,data/images/153765.jpg,True,True,460,690,RGB,JPEG,
153791,data/images/153791.jpg,True,True,230,344,RGB,JPEG,
153840,data/images/153840.jpg,True,True,230,359,RGB,JPEG,
153843,data/images/153843.jpg,True,True,460,652,RGB,JPEG,
153906,data/images/153906.jpg,True,True,460,644,RGB,JPEG,
153930,data/images/153930.jpg,True,True,460,690,RGB,JPEG,
154076,data/images/154076.jpg,True,True,460,651,RGB,JPEG,
154081,data/images/154081.jpg,True,True,230,345,RGB,JPEG,
154173,data/images/154173.jpg,True,True,460,259,RGB,JPEG,
154176,data/images/154176.jpg,True,True,460,651,RGB,JPEG,
154178,data/images/154178.jpg,True,True,460,691,RGB,JPEG,
154385,data/images/154385.jpg,True,True,460,690,RGB,JPEG,
154539,data/images/154539.jpg,True,True,460,690,RGB,JPEG,
154540,data/images/154540.jpg,True,True,460,690,RGB,JPEG,
154545,data/images/154545.jpg,True,True,460,651,RGB,JPEG,
154672,data/images/154672.jpg,True,True,460,648,RGB,JPEG,
154678,data/images/154678.jpg,True,True,460,690,RGB,JPEG,
154887,data/images/154887.jpg,True,True,460,657,RGB,JPEG,
154955,data/images/154955.jpg,True,True,460,690,RGB,JPEG,
154979,data/images/154979.jpg,True,True,460,651,RGB,JPEG,
155011,data/images/155011.jpg,True,True,460,653,RGB,JPEG,
155169,data/images/155169.jpg,True,True,460,650,RGB,JPEG,
155170,data/images/155170.jpg,True,True,460,643,RGB,JPEG,
155346,data/images/155346.jpg,True,True,460,690,RGB,JPEG,
155348,data/images/155348.jpg,True,True,460,651,RGB,JPEG,
155496,data/images/155496.jpg,True,True,460,690,RGB,JPEG,
155525,data/images/155525.jpg,True,True,460,653,RGB,JPEG,
155526,data/images/155526.jpg,True,True,460,635,RGB,JPEG,
155736,data/images/155736.jpg,True,True,230,325,RGB,JPEG,
155913,data/images/155913.jpg,True,True,460,651,RGB,JPEG,
155925,data/images/155925.jpg,True,True,460,691,RGB,JPEG,
156001,data/images/156001.jpg,True,True,460,690,RGB,JPEG,
156061,data/images/156061.jpg,True,True,460,680,RGB,JPEG,
156865,data/images/156865.jpg,True,True,460,259,RGB,JPEG,
157062,data/images/157062.jpg,True,True,460,690,RGB,JPEG,
157287,data/images/157287.jpg,True,True,460,690,RGB,JPEG,
157294,data/images/157294.jpg,True,True,460,690,RGB,JPEG,
157648,data/images/157648.jpg,True,True,460,690,RGB,JPEG,
157653,data/images/157653.jpg,True,True,460,690,RGB,JPEG,
158570,data/images/158570.jpg,True,True,230,325,RGB,JPEG,
158639,data/images/158639.jpg,True,True,230,130,RGB,JPEG,
158643,data/images/158643.jpg,True,True,230,345,RGB,JPEG,
158869,data/images/158869.jpg,True,True,460,612,RGB,JPEG,
158923,data/images/158923.jpg,True,True,460,690,RGB,JPEG,
159454,data/images/159454.jpg,True,True,460,601,RGB,JPEG,
160856,data/images/160856.jpg,True,True,460,650,RGB,JPEG,
162726,data/images/162726.jpg,True,True,460,258,RGB,JPEG,
162745,data/images/162745.jpg,True,True,230,323,RGB,JPEG,
165645,data/images/165645.jpg,True,True,460,690,RGB,JPEG,
165931,data/images/165931.jpg,True,True,460,259,RGB,JPEG,
168559,data/images/168559.jpg,True,True,230,129,RGB,JPEG,
168564,data/images/168564.jpg,True,True,230,325,RGB,JPEG,
168808,data/images/168808.jpg,True,True,460,645,RGB,JPEG,
169384,data/images/169384.jpg,True,True,230,130,RGB,JPEG,
169794,data/images/169794.jpg,True,True,460,650,RGB,JPEG,
170013,data/images/170013.jpg,True,True,460,259,RGB,JPEG,
170056,data/images/170056.jpg,True,True,230,325,RGB,JPEG,
170443,data/images/170443.jpg,True,True,230,131,RGB,JPEG,
170659,data/images/170659.jpg,True,True,230,329,RGB,JPEG,
170823,data/images/170823.jpg,True,True,460,631,RGB,JPEG,
172844,data/images/172844.jpg,True,True,230,325,RGB,JPEG,
172896,data/images/172896.jpg,True,True,460,540,RGB,JPEG,
172973,data/images/172973.jpg,True,True,230,327,RGB,JPEG,
174125,data/images/174125.jpg,True,True,460,259,RGB,JPEG,
176912,data/images/176912.jpg,True,True,460,651,RGB,JPEG,
179870,data/images/179870.jpg,True,True,230,302,RGB,JPEG,
181831,data/images/181831.jpg,True,True,230,324,RGB,JPEG,
182545,data/images/182545.jpg,True,True,230,129,RGB,JPEG,
183474,data/images/183474.jpg,True,True,230,129,RGB,JPEG,
186619,data/images/186619.jpg,True,True,460,690,RGB,JPEG,
187219,data/images/187219.jpg,True,True,230,129,RGB,JPEG,
187517,data/images/187517.jpg,True,True,230,331,RGB,JPEG,
189068,data/images/189068.jpg,True,True,460,652,RGB,JPEG,
189717,data/images/189717.jpg,True,True,230,130,RGB,JPEG,
193414,data/images/193414.jpg,True,True,460,690,RGB,JPEG,
195934,data/images/195934.jpg,True,True,460,690,RGB,JPEG,
200372,data/images/200372.jpg,True,True,230,131,RGB,JPEG,
200647,data/images/200647.jpg,True,True,230,130,RGB,JPEG,
204617,data/images/204617.jpg,True,True,460,259,RGB,JPEG,
204618,data/images/204618.jpg,True,True,460,259,RGB,JPEG,
205873,data/images/205873.jpg,True,True,230,345,RGB,JPEG,
207211,data/images/207211.jpg,True,True,460,460,RGB,JPEG,
208067,data/images/208067.jpg,True,True,460,650,RGB,JPEG,
99088,data/images/99088.jpg,True,True,460,598,RGB,JPEG,
109821,data/images/109821.jpg,True,True,460,646,RGB,JPEG,
109979,data/images/109979.jpg,True,True,460,690,RGB,JPEG,
111322,data/images/111322.jpg,True,True,460,653,RGB,JPEG,
114606,data/images/114606.jpg,True,True,460,690,RGB,JPEG,
116867,data/images/116867.jpg,True,True,460,652,RGB,JPEG,
120755,data/images/120755.jpg,True,True,460,650,RGB,JPEG,
125869,data/images/125869.jpg,True,True,460,646,RGB,JPEG,
126316,data/images/126316.jpg,True,True,460,634,RGB,JPEG,
126529,data/images/126529.jpg,True,True,460,649,RGB,JPEG,
127163,data/images/127163.jpg,True,True,460,652,RGB,JPEG,
127550,data/images/127550.jpg,True,True,460,638,RGB,JPEG,
128344,data/images/128344.jpg,True,True,460,650,RGB,JPEG,
128643,data/images/128643.jpg,True,True,460,651,RGB,JPEG,
128715,data/images/128715.jpg,True,True,460,650,RGB,JPEG,
128893,data/images/128893.jpg,True,True,460,657,RGB,JPEG,
129188,data/images/129188.jpg,True,True,460,651,RGB,JPEG,
130588,data/images/130588.jpg,True,True,460,638,RGB,JPEG,
130622,data/images/130622.jpg,True,True,460,690,RGB,JPEG,
130696,data/images/130696.jpg,True,True,460,650,RGB,JPEG,
130706,data/images/130706.jpg,True,True,460,650,RGB,JPEG,
131518,data/images/131518.jpg,True,True,460,613,RGB,JPEG,
131680,data/images/131680.jpg,True,True,460,651,RGB,JPEG,
131863,data/images/131863.jpg,True,True,460,651,RGB,JPEG,
132420,data/images/132420.jpg,True,True,460,608,RGB,JPEG,
133892,data/images/133892.jpg,True,True,460,592,RGB,JPEG,
134131,data/images/134131.jpg,True,True,460,650,RGB,JPEG,
134226,data/images/134226.jpg,True,True,460,645,RGB,JPEG,
135102,data/images/135102.jpg,True,True,460,648,RGB,JPEG,
135178,data/images/135178.jpg,True,True,460,650,RGB,JPEG,
135429,data/images/135429.jpg,True,True,460,592,RGB,JPEG,
135778,data/images/135778.jpg,True,True,460,648,RGB,JPEG,
136149,data/images/136149.jpg,True,True,460,656,RGB,JPEG,
136430,data/images/136430.jpg,True,True,460,651,RGB,JPEG,
136435,data/images/136435.jpg,True,True,460,653,RGB,JPEG,
137308,data/images/137308.jpg,True,True,460,651,RGB,JPEG,
137310,data/images/137310.jpg,True,True,460,649,RGB,JPEG,
137612,data/images/137612.jpg,True,True,460,650,RGB,JPEG,
137639,data/images/137639.jpg,True,True,460,651,RGB,JPEG,
137909,data/images/137909.jpg,True,True,460,651,RGB,JPEG,
138056,data/images/138056.jpg,True,True,460,656,RGB,JPEG,
138788,data/images/138788.jpg,True,True,460,649,RGB,JPEG,
139213,data/images/139213.jpg,True,True,460,651,RGB,JPEG,
139359,data/images/139359.jpg,True,True,460,649,RGB,JPEG,
139435,data/images/139435.jpg,True,True,460,648,RGB,JPEG,
139606,data/images/139606.jpg,True,True,460,669,RGB,JPEG,
139821,data/images/139821.jpg,True,True,460,682,RGB,JPEG,
140173,data/images/140173.jpg,True,True,460,647,RGB,JPEG,
140499,data/images/140499.jpg,True,True,460,650,RGB,JPEG,
140501,data/images/140501.jpg,True,True,460,651,RGB,JPEG,
140596,data/images/140596.jpg,True,True,460,651,RGB,JPEG,
140754,data/images/140754.jpg,True,True,460,650,RGB,JPEG,
141062,data/images/141062.jpg,True,True,460,655,RGB,JPEG,
141208,data/images/141208.jpg,True,True,460,651,RGB,JPEG,
141249,data/images/141249.jpg,True,True,460,648,RGB,JPEG,
141785,data/images/141785.jpg,True,True,460,656,RGB,JPEG,
141911,data/images/141911.jpg,True,True,460,651,RGB,JPEG,
142193,data/images/142193.jpg,True,True,460,651,RGB,JPEG,
142494,data/images/142494.jpg,True,True,460,649,RGB,JPEG,
142598,data/images/142598.jpg,True,True,460,661,RGB,JPEG,
142599,data/images/142599.jpg,True,True,460,641,RGB,JPEG,
142666,data/images/142666.jpg,True,True,460,651,RGB,JPEG,
142684,data/images/142684.jpg,True,True,460,649,RGB,JPEG,
142849,data/images/142849.jpg,True,True,460,650,RGB,JPEG,
142853,data/images/142853.jpg,True,True,460,652,RGB,JPEG,
142877,data/images/142877.jpg,True,True,460,650,RGB,JPEG,
142914,data/images/142914.jpg,True,True,460,650,RGB,JPEG,
143064,data/images/143064.jpg,True,True,460,644,RGB,JPEG,
143085,data/images/143085.jpg,True,True,460,655,RGB,JPEG,
143201,data/images/143201.jpg,True,True,460,650,RGB,JPEG,
143327,data/images/143327.jpg,True,True,460,656,RGB,JPEG,
143338,data/images/143338.jpg,True,True,460,662,RGB,JPEG,
143653,data/images/143653.jpg,True,True,460,646,RGB,JPEG,
143766,data/images/143766.jpg,True,True,460,649,RGB,JPEG,
144092,data/images/144092.jpg,True,True,460,643,RGB,JPEG,
144144,data/images/144144.jpg,True,True,460,651,RGB,JPEG,
144188,data/images/144188.jpg,True,True,460,654,RGB,JPEG,
144553,data/images/144553.jpg,True,True,460,665,RGB,JPEG,
144932,data/images/144932.jpg,True,True,460,650,RGB,JPEG,
145000,data/images/145000.jpg,True,True,460,650,RGB,JPEG,
145064,data/images/145064.jpg,True,True,460,639,RGB,JPEG,
145139,data/images/145139.jpg,True,True,460,651,RGB,JPEG,
145140,data/images/145140.jpg,True,True,460,653,RGB,JPEG,
145665,data/images/145665.jpg,True,True,460,652,RGB,JPEG,
146065,data/images/146065.jpg,True,True,460,647,RGB,JPEG,
146206,data/images/146206.jpg,True,True,460,684,RGB,JPEG,
146234,data/images/146234.jpg,True,True,460,652,RGB,JPEG,
146323,data/images/146323.jpg,True,True,460,652,RGB,JPEG,
146346,data/images/146346.jpg,True,True,460,644,RGB,JPEG,
146472,data/images/146472.jpg,True,True,460,594,RGB,JPEG,
146473,data/images/146473.jpg,True,True,460,690,RGB,JPEG,
146493,data/images/146493.jpg,True,True,460,664,RGB,JPEG,
146638,data/images/146638.jpg,True,True,460,651,RGB,JPEG,
146646,data/images/146646.jpg,True,True,460,652,RGB,JPEG,
146678,data/images/146678.jpg,True,True,460,650,RGB,JPEG,
146743,data/images/146743.jpg,True,True,460,650,RGB,JPEG,
146836,data/images/146836.jpg,True,True,460,653,RGB,JPEG,
146850,data/images/146850.jpg,True,True,460,650,RGB,JPEG,
146953,data/images/146953.jpg,True,True,460,649,RGB,JPEG,
146954,data/images/146954.jpg,True,True,460,650,RGB,JPEG,
146975,data/images/146975.jpg,True,True,460,659,RGB,JPEG,
146984,data/images/146984.jpg,True,True,460,650,RGB,JPEG,
147103,data/images/147103.jpg,True,True,460,650,RGB,JPEG,
147189,data/images/147189.jpg,True,True,460,651,RGB,JPEG,
147216,data/images/147216.jpg,True,True,460,649,RGB,JPEG,
147369,data/images/147369.jpg,True,True,460,651,RGB,JPEG,
147571,data/images/147571.jpg,True,True,460,650,RGB,JPEG,
147622,data/images/147622.jpg,True,True,460,651,RGB,JPEG,
147729,data/images/147729.jpg,True,True,460,666,RGB,JPEG,
147864,data/images/147864.jpg,True,True,460,653,RGB,JPEG,
148048,data/images/148048.jpg,True,True,460,655,RGB,JPEG,
148098,data/images/148098.jpg,True,True,460,653,RGB,JPEG,
148109,data/images/148109.jpg,True,True,460,650,RGB,JPEG,
148116,data/images/148116.jpg,True,True,460,655,RGB,JPEG,
148149,data/images/148149.jpg,True,True,460,613,RGB,JPEG,
148370,data/images/148370.jpg,True,True,460,651,RGB,JPEG,
148465,data/images/148465.jpg,True,True,460,651,RGB,JPEG,
148862,data/images/148862.jpg,True,True,460,644,RGB,JPEG,
148969,data/images/148969.jpg,True,True,460,650,RGB,JPEG,
149028,data/images/149028.jpg,True,True,460,650,RGB,JPEG,
149883,data/images/149883.jpg,True,True,460,601,RGB,JPEG,
150075,data/images/150075.jpg,True,True,460,636,RGB,JPEG,
150077,data/images/150077.jpg,True,True,460,650,RGB,JPEG,
150117,data/images/150117.jpg,True,True,460,642,RGB,JPEG,
150429,data/images/150429.jpg,True,True,460,651,RGB,JPEG,
150653,data/images/150653.jpg,True,True,460,690,RGB,JPEG,
150672,data/images/150672.jpg,True,True,460,651,RGB,JPEG,
150957,data/images/150957.jpg,True,True,460,647,RGB,JPEG,
150970,data/images/150970.jpg,True,True,460,651,RGB,JPEG,
150972,data/images/150972.jpg,True,True,460,649,RGB,JPEG,
151040,data/images/151040.jpg,True,True,460,650,RGB,JPEG,
151189,data/images/151189.jpg,True,True,460,650,RGB,JPEG,
151252,data/images/151252.jpg,True,True,460,649,RGB,JPEG,
151300,data/images/151300.jpg,True,True,460,677,RGB,JPEG,
151384,data/images/151384.jpg,True,True,460,652,RGB,JPEG,
151513,data/images/151513.jpg,True,True,460,643,RGB,JPEG,
151606,data/images/151606.jpg,True,True,460,651,RGB,JPEG,
151679,data/images/151679.jpg,True,True,460,652,RGB,JPEG,
151801,data/images/151801.jpg,True,True,460,650,RGB,JPEG,
151806,data/images/151806.jpg,True,True,460,650,RGB,JPEG,
151847,data/images/151847.jpg,True,True,460,670,RGB,JPEG,
151896,data/images/151896.jpg,True,True,460,646,RGB,JPEG,
151970,data/images/151970.jpg,True,True,460,649,RGB,JPEG,
152122,data/images/152122.jpg,True,True,460,733,RGB,JPEG,
152523,data/images/152523.jpg,True,True,460,642,RGB,JPEG,
152556,data/images/152556.jpg,True,True,460,600,RGB,JPEG,
152765,data/images/152765.jpg,True,True,460,651,RGB,JPEG,
152802,data/images/152802.jpg,True,True,460,649,RGB,JPEG,
152964,data/images/152964.jpg,True,True,460,557,RGB,JPEG,
153152,data/images/153152.jpg,True,True,460,651,RGB,JPEG,
153332,data/images/153332.jpg,True,True,460,650,RGB,JPEG,
153339,data/images/153339.jpg,True,True,460,649,RGB,JPEG,
153344,data/images/153344.jpg,True,True,460,644,RGB,JPEG,
153360,data/images/153360.jpg,True,True,460,650,RGB,JPEG,
153452,data/images/153452.jpg,True,True,460,651,RGB,JPEG,
153553,data/images/153553.jpg,True,True,460,650,RGB,JPEG,
153629,data/images/153629.jpg,True,True,460,646,RGB,JPEG,
153632,data/images/153632.jpg,True,True,460,643,RGB,JPEG,
153687,data/images/153687.jpg,True,True,460,648,RGB,JPEG,
153841,data/images/153841.jpg,True,True,460,676,RGB,JPEG,
153845,data/images/153845.jpg,True,True,460,649,RGB,JPEG,
154116,data/images/154116.jpg,True,True,460,646,RGB,JPEG,
154214,data/images/154214.jpg,True,True,460,670,RGB,JPEG,
154364,data/images/154364.jpg,True,True,460,652,RGB,JPEG,
154384,data/images/154384.jpg,True,True,460,709,RGB,JPEG,
154391,data/images/154391.jpg,True,True,460,659,RGB,JPEG,
154412,data/images/154412.jpg,True,True,460,644,RGB,JPEG,
154454,data/images/154454.jpg,True,True,460,650,RGB,JPEG,
154459,data/images/154459.jpg,True,True,460,650,RGB,JPEG,
154525,data/images/154525.jpg,True,True,460,686,RGB,JPEG,
154587,data/images/154587.jpg,True,True,460,649,RGB,JPEG,
154643,data/images/154643.jpg,True,True,460,652,RGB,JPEG,
154650,data/images/154650.jpg,True,True,460,671,RGB,JPEG,
154692,data/images/154692.jpg,True,True,460,594,RGB,JPEG,
154745,data/images/154745.jpg,True,True,460,650,RGB,JPEG,
154785,data/images/154785.jpg,True,True,460,650,RGB,JPEG,
154789,data/images/154789.jpg,True,True,460,653,RGB,JPEG,
154876,data/images/154876.jpg,True,True,460,650,RGB,JPEG,
154924,data/images/154924.jpg,True,True,460,654,RGB,JPEG,
154965,data/images/154965.jpg,True,True,460,651,RGB,JPEG,
154966,data/images/154966.jpg,True,True,460,690,RGB,JPEG,
154967,data/images/154967.jpg,True,True,460,651,RGB,JPEG,
154969,data/images/154969.jpg,True,True,460,651,RGB,JPEG,
154982,data/images/154982.jpg,True,True,460,651,RGB,JPEG,
154983,data/images/154983.jpg,True,True,230,322,RGB,JPEG,
154999,data/images/154999.jpg,True,True,460,690,RGB,JPEG,
155015,data/images/155015.jpg,True,True,460,681,RGB,JPEG,
155068,data/images/155068.jpg,True,True,460,653,RGB,JPEG,
155070,data/images/155070.jpg,True,True,460,649,RGB,JPEG,
155089,data/images/155089.jpg,True,True,460,651,RGB,JPEG,
155158,data/images/155158.jpg,True,True,460,690,RGB,JPEG,
155168,data/images/155168.jpg,True,True,460,651,RGB,JPEG,
155202,data/images/155202.jpg,True,True,460,640,RGB,JPEG,
155211,data/images/155211.jpg,True,True,460,653,RGB,JPEG,
155291,data/images/155291.jpg,True,True,460,613,RGB,JPEG,
155389,data/images/155389.jpg,True,True,460,650,RGB,JPEG,
155399,data/images/155399.jpg,True,True,460,690,RGB,JPEG,
155418,data/images/155418.jpg,True,True,460,656,RGB,JPEG,
155419,data/images/155419.jpg,True,True,460,652,RGB,JPEG,
155527,data/images/155527.jpg,True,True,460,650,RGB,JPEG,
155730,data/images/155730.jpg,True,True,460,656,RGB,JPEG,
155738,data/images/155738.jpg,True,True,460,649,RGB,JPEG,
155783,data/images/155783.jpg,True,True,460,645,RGB,JPEG,
155907,data/images/155907.jpg,True,True,460,667,RGB,JPEG,
155971,data/images/155971.jpg,True,True,460,648,RGB,JPEG,
155982,data/images/155982.jpg,True,True,460,646,RGB,JPEG,
155997,data/images/155997.jpg,True,True,230,324,RGB,JPEG,
156017,data/images/156017.jpg,True,True,460,658,RGB,JPEG,
156039,data/images/156039.jpg,True,True,460,649,RGB,JPEG,
156040,data/images/156040.jpg,True,True,460,644,RGB,JPEG,
156059,data/images/156059.jpg,True,True,460,574,RGB,JPEG,
156067,data/images/156067.jpg,True,True,460,651,RGB,JPEG,
156161,data/images/156161.jpg,True,True,460,644,RGB,JPEG,
156162,data/images/156162.jpg,True,True,460,643,RGB,JPEG,
156184,data/images/156184.jpg,True,True,460,657,RGB,JPEG,
156632,data/images/156632.jpg,True,True,460,650,RGB,JPEG,
156841,data/images/156841.jpg,True,True,460,650,RGB,JPEG,
156854,data/images/156854.jpg,True,True,460,657,RGB,JPEG,
156896,data/images/156896.jpg,True,True,460,649,RGB,JPEG,
157198,data/images/157198.jpg,True,True,460,650,RGB,JPEG,
157295,data/images/157295.jpg,True,True,460,644,RGB,JPEG,
157397,data/images/157397.jpg,True,True,460,654,RGB,JPEG,
157399,data/images/157399.jpg,True,True,460,650,RGB,JPEG,
157553,data/images/157553.jpg,True,True,460,653,RGB,JPEG,
157631,data/images/157631.jpg,True,True,460,656,RGB,JPEG,
157638,data/images/157638.jpg,True,True,460,651,RGB,JPEG,
157654,data/images/157654.jpg,True,True,460,649,RGB,JPEG,
157664,data/images/157664.jpg,True,True,460,651,RGB,JPEG,
157693,data/images/157693.jpg,True,True,460,649,RGB,JPEG,
157765,data/images/157765.jpg,True,True,460,652,RGB,JPEG,
157883,data/images/157883.jpg,True,True,460,690,RGB,JPEG,
157919,data/images/157919.jpg,True,True,230,323,RGB,JPEG,
157957,data/images/157957.jpg,True,True,460,690,RGB,JPEG,
158530,data/images/158530.jpg,True,True,460,652,RGB,JPEG,
158595,data/images/158595.jpg,True,True,460,651,RGB,JPEG,
158640,data/images/158640.jpg,True,True,230,345,RGB,JPEG,
158704,data/images/158704.jpg,True,True,460,650,RGB,JPEG,
158791,data/images/158791.jpg,True,True,460,657,RGB,JPEG,
158870,data/images/158870.jpg,True,True,460,651,RGB,JPEG,
158871,data/images/158871.jpg,True,True,460,651,RGB,JPEG,
158895,data/images/158895.jpg,True,True,460,651,RGB,JPEG,
158896,data/images/158896.jpg,True,True,460,649,RGB,JPEG,
158908,data/images/158908.jpg,True,True,460,690,RGB,JPEG,
158926,data/images/158926.jpg,True,True,460,726,RGB,JPEG,
158927,data/images/158927.jpg,True,True,230,329,RGB,JPEG,
158928,data/images/158928.jpg,True,True,460,651,RGB,JPEG,
158983,data/images/158983.jpg,True,True,460,259,RGB,JPEG,
158990,data/images/158990.jpg,True,True,460,650,RGB,JPEG,
158991,data/images/158991.jpg,True,True,460,640,RGB,JPEG,
158997,data/images/158997.jpg,True,True,460,645,RGB,JPEG,
159074,data/images/159074.jpg,True,True,460,690,RGB,JPEG,
159076,data/images/159076.jpg,True,True,460,651,RGB,JPEG,
159097,data/images/159097.jpg,True,True,460,656,RGB,JPEG,
159322,data/images/159322.jpg,True,True,460,650,RGB,JPEG,
159429,data/images/159429.jpg,True,True,460,664,RGB,JPEG,
159559,data/images/159559.jpg,True,True,460,651,RGB,JPEG,
159560,data/images/159560.jpg,True,True,460,651,RGB,JPEG,
159569,data/images/159569.jpg,True,True,460,651,RGB,JPEG,
159690,data/images/159690.jpg,True,True,460,690,RGB,JPEG,
159726,data/images/159726.jpg,True,True,460,652,RGB,JPEG,
159727,data/images/159727.jpg,True,True,460,652,RGB,JPEG,
159728,data/images/159728.jpg,True,True,460,652,RGB,JPEG,
159730,data/images/159730.jpg,True,True,460,650,RGB,JPEG,
159731,data/images/159731.jpg,True,True,460,651,RGB,JPEG,
159807,data/images/159807.jpg,True,True,460,569,RGB,JPEG,
159808,data/images/159808.jpg,True,True,460,654,RGB,JPEG,
159831,data/images/159831.jpg,True,True,460,649,RGB,JPEG,
159839,data/images/159839.jpg,True,True,460,652,RGB,JPEG,
159886,data/images/159886.jpg,True,True,460,648,RGB,JPEG,
159926,data/images/159926.jpg,True,True,460,717,RGB,JPEG,
160054,data/images/160054.jpg,True,True,460,690,RGB,JPEG,
160088,data/images/160088.jpg,True,True,460,613,RGB,JPEG,
160089,data/images/160089.jpg,True,True,460,570,RGB,JPEG,
160173,data/images/160173.jpg,True,True,460,651,RGB,JPEG,
160188,data/images/160188.jpg,True,True,460,599,RGB,JPEG,
160442,data/images/160442.jpg,True,True,460,641,RGB,JPEG,
160447,data/images/160447.jpg,True,True,460,651,RGB,JPEG,
160514,data/images/160514.jpg,True,True,230,325,RGB,JPEG,
160515,data/images/160515.jpg,True,True,460,651,RGB,JPEG,
160701,data/images/160701.jpg,True,True,460,656,RGB,JPEG,
160735,data/images/160735.jpg,True,True,460,650,RGB,JPEG,
160829,data/images/160829.jpg,True,True,460,635,RGB,JPEG,
160830,data/images/160830.jpg,True,True,460,654,RGB,JPEG,
160831,data/images/160831.jpg,True,True,460,651,RGB,JPEG,
160836,data/images/160836.jpg,True,True,460,599,RGB,JPEG,
160850,data/images/160850.jpg,True,True,460,650,RGB,JPEG,
160865,data/images/160865.jpg,True,True,460,690,RGB,JPEG,
160900,data/images/160900.jpg,True,True,460,646,RGB,JPEG,
161312,data/images/161312.jpg,True,True,460,650,RGB,JPEG,
161364,data/images/161364.jpg,True,True,460,648,RGB,JPEG,
161440,data/images/161440.jpg,True,True,460,690,RGB,JPEG,
161441,data/images/161441.jpg,True,True,460,618,RGB,JPEG,
161474,data/images/161474.jpg,True,True,460,676,RGB,JPEG,
161505,data/images/161505.jpg,True,True,460,690,RGB,JPEG,
161632,data/images/161632.jpg,True,True,460,580,RGB,JPEG,
161645,data/images/161645.jpg,True,True,460,653,RGB,JPEG,
161647,data/images/161647.jpg,True,True,460,645,RGB,JPEG,
161680,data/images/161680.jpg,True,True,460,650,RGB,JPEG,
161802,data/images/161802.jpg,True,True,460,653,RGB,JPEG,
161923,data/images/161923.jpg,True,True,460,690,RGB,JPEG,
161964,data/images/161964.jpg,True,True,460,649,RGB,JPEG,
161970,data/images/161970.jpg,True,True,460,650,RGB,JPEG,
161992,data/images/161992.jpg,True,True,460,652,RGB,JPEG,
162147,data/images/162147.jpg,True,True,460,575,RGB,JPEG,
162209,data/images/162209.jpg,True,True,460,651,RGB,JPEG,
162284,data/images/162284.jpg,True,True,460,690,RGB,JPEG,
162285,data/images/162285.jpg,True,True,460,690,RGB,JPEG,
162291,data/images/162291.jpg,True,True,460,690,RGB,JPEG,
162312,data/images/162312.jpg,True,True,460,647,RGB,JPEG,
162314,data/images/162314.jpg,True,True,460,650,RGB,JPEG,
162482,data/images/162482.jpg,True,True,460,650,RGB,JPEG,
162670,data/images/162670.jpg,True,True,460,650,RGB,JPEG,
162694,data/images/162694.jpg,True,True,460,628,RGB,JPEG,
162716,data/images/162716.jpg,True,True,460,644,RGB,JPEG,
162717,data/images/162717.jpg,True,True,460,650,RGB,JPEG,
162720,data/images/162720.jpg,True,True,460,674,RGB,JPEG,
162802,data/images/162802.jpg,True,True,460,690,RGB,JPEG,
162803,data/images/162803.jpg,True,True,460,650,RGB,JPEG,
162840,data/images/162840.jpg,True,True,460,649,RGB,JPEG,
162893,data/images/162893.jpg,True,True,460,637,RGB,JPEG,
162904,data/images/162904.jpg,True,True,460,642,RGB,JPEG,
162923,data/images/162923.jpg,True,True,460,345,RGB,JPEG,
162983,data/images/162983.jpg,True,True,460,645,RGB,JPEG,
162984,data/images/162984.jpg,True,True,460,651,RGB,JPEG,
162989,data/images/162989.jpg,True,True,460,690,RGB,JPEG,
162993,data/images/162993.jpg,True,True,460,650,RGB,JPEG,
163024,data/images/163024.jpg,True,True,460,657,RGB,JPEG,
163079,data/images/163079.jpg,True,True,460,616,RGB,JPEG,
163132,data/images/163132.jpg,True,True,460,633,RGB,JPEG,
163136,data/images/163136.jpg,True,True,460,651,RGB,JPEG,
163137,data/images/163137.jpg,True,True,230,329,RGB,JPEG,
163138,data/images/163138.jpg,True,True,230,322,RGB,JPEG,
163140,data/images/163140.jpg,True,True,460,662,RGB,JPEG,
163142,data/images/163142.jpg,True,True,460,651,RGB,JPEG,
163143,data/images/163143.jpg,True,True,460,651,RGB,JPEG,
163204,data/images/163204.jpg,True,True,460,652,RGB,JPEG,
163205,data/images/163205.jpg,True,True,460,652,RGB,JPEG,
163256,data/images/163256.jpg,True,True,230,325,RGB,JPEG,
163263,data/images/163263.jpg,True,True,460,648,RGB,JPEG,
163294,data/images/163294.jpg,True,True,460,647,RGB,JPEG,
163327,data/images/163327.jpg,True,True,460,650,RGB,JPEG,
163329,data/images/163329.jpg,True,True,460,644,RGB,JPEG,
163363,data/images/163363.jpg,True,True,460,650,RGB,JPEG,
163364,data/images/163364.jpg,True,True,460,651,RGB,JPEG,
163417,data/images/163417.jpg,True,True,460,654,RGB,JPEG,
163542,data/images/163542.jpg,True,True,460,651,RGB,JPEG,
163544,data/images/163544.jpg,True,True,460,651,RGB,JPEG,
163571,data/images/163571.jpg,True,True,460,653,RGB,JPEG,
163619,data/images/163619.jpg,True,True,460,690,RGB,JPEG,
163943,data/images/163943.jpg,True,True,460,690,RGB,JPEG,
164226,data/images/164226.jpg,True,True,460,639,RGB,JPEG,
164239,data/images/164239.jpg,True,True,460,643,RGB,JPEG,
164240,data/images/164240.jpg,True,True,460,643,RGB,JPEG,
164241,data/images/164241.jpg,True,True,460,596,RGB,JPEG,
164292,data/images/164292.jpg,True,True,460,656,RGB,JPEG,
164293,data/images/164293.jpg,True,True,460,627,RGB,JPEG,
164297,data/images/164297.jpg,True,True,460,651,RGB,JPEG,
164298,data/images/164298.jpg,True,True,460,651,RGB,JPEG,
164312,data/images/164312.jpg,True,True,460,660,RGB,JPEG,
164441,data/images/164441.jpg,True,True,460,651,RGB,JPEG,
164538,data/images/164538.jpg,True,True,460,690,RGB,JPEG,
164551,data/images/164551.jpg,True,True,460,587,RGB,JPEG,
165056,data/images/165056.jpg,True,True,460,690,RGB,JPEG,
165070,data/images/165070.jpg,True,True,460,652,RGB,JPEG,
165159,data/images/165159.jpg,True,True,460,690,RGB,JPEG,
165321,data/images/165321.jpg,True,True,460,651,RGB,JPEG,
165356,data/images/165356.jpg,True,True,460,653,RGB,JPEG,
165426,data/images/165426.jpg,True,True,460,650,RGB,JPEG,
165439,data/images/165439.jpg,True,True,460,651,RGB,JPEG,
165444,data/images/165444.jpg,True,True,460,642,RGB,JPEG,
165599,data/images/165599.jpg,True,True,460,653,RGB,JPEG,
165647,data/images/165647.jpg,True,True,230,346,RGB,JPEG,
165749,data/images/165749.jpg,True,True,460,644,RGB,JPEG,
166049,data/images/166049.jpg,True,True,230,129,RGB,JPEG,
166050,data/images/166050.jpg,True,True,460,651,RGB,JPEG,
166052,data/images/166052.jpg,True,True,460,690,RGB,JPEG,
166059,data/images/166059.jpg,True,True,460,268,RGB,JPEG,
166060,data/images/166060.jpg,True,True,460,642,RGB,JPEG,
166062,data/images/166062.jpg,True,True,230,329,RGB,JPEG,
166104,data/images/166104.jpg,True,True,460,643,RGB,JPEG,
166369,data/images/166369.jpg,True,True,460,627,RGB,JPEG,
166381,data/images/166381.jpg,True,True,460,690,RGB,JPEG,
166452,data/images/166452.jpg,True,True,460,651,RGB,JPEG,
166459,data/images/166459.jpg,True,True,460,647,RGB,JPEG,
166461,data/images/166461.jpg,True,True,460,663,RGB,JPEG,
166493,data/images/166493.jpg,True,True,460,649,RGB,JPEG,
166523,data/images/166523.jpg,True,True,460,674,RGB,JPEG,
166532,data/images/166532.jpg,True,True,460,563,RGB,JPEG,
166609,data/images/166609.jpg,True,True,460,650,RGB,JPEG,
166829,data/images/166829.jpg,True,True,460,650,RGB,JPEG,
166896,data/images/166896.jpg,True,True,460,650,RGB,JPEG,
166973,data/images/166973.jpg,True,True,460,690,RGB,JPEG,
166977,data/images/166977.jpg,True,True,460,532,RGB,JPEG,
166988,data/images/166988.jpg,True,True,230,345,RGB,JPEG,
166996,data/images/166996.jpg,True,True,460,656,RGB,JPEG,
167247,data/images/167247.jpg,True,True,460,258,RGB,JPEG,
167473,data/images/167473.jpg,True,True,460,643,RGB,JPEG,
167474,data/images/167474.jpg,True,True,460,649,RGB,JPEG,
167820,data/images/167820.jpg,True,True,460,592,RGB,JPEG,
167990,data/images/167990.jpg,True,True,460,690,RGB,JPEG,
168001,data/images/168001.jpg,True,True,230,331,RGB,JPEG,
168092,data/images/168092.jpg,True,True,460,644,RGB,JPEG,
168196,data/images/168196.jpg,True,True,460,640,RGB,JPEG,
168253,data/images/168253.jpg,True,True,460,653,RGB,JPEG,
168538,data/images/168538.jpg,True,True,460,643,RGB,JPEG,
168539,data/images/168539.jpg,True,True,460,674,RGB,JPEG,
168553,data/images/168553.jpg,True,True,460,651,RGB,JPEG,
168555,data/images/168555.jpg,True,True,460,619,RGB,JPEG,
168946,data/images/168946.jpg,True,True,460,650,RGB,JPEG,
168962,data/images/168962.jpg,True,True,460,651,RGB,JPEG,
168973,data/images/168973.jpg,True,True,460,689,RGB,JPEG,
168992,data/images/168992.jpg,True,True,460,326,RGB,JPEG,
168999,data/images/168999.jpg,True,True,230,345,RGB,JPEG,
169000,data/images/169000.jpg,True,True,460,651,RGB,JPEG,
169087,data/images/169087.jpg,True,True,460,259,RGB,JPEG,
169097,data/images/169097.jpg,True,True,230,129,RGB,JPEG,
169227,data/images/169227.jpg,True,True,460,653,RGB,JPEG,
169296,data/images/169296.jpg,True,True,460,651,RGB,JPEG,
169319,data/images/169319.jpg,True,True,460,477,RGB,JPEG,
169322,data/images/169322.jpg,True,True,460,690,RGB,JPEG,
169362,data/images/169362.jpg,True,True,460,656,RGB,JPEG,
169363,data/images/169363.jpg,True,True,460,259,RGB,JPEG,
169364,data/images/169364.jpg,True,True,230,325,RGB,JPEG,
169373,data/images/169373.jpg,True,True,230,329,RGB,JPEG,
169375,data/images/169375.jpg,True,True,460,643,RGB,JPEG,
169379,data/images/169379.jpg,True,True,230,130,RGB,JPEG,
169402,data/images/169402.jpg,True,True,460,650,RGB,JPEG,
169442,data/images/169442.jpg,True,True,460,690,RGB,JPEG,
169511,data/images/169511.jpg,True,True,460,648,RGB,JPEG,
169512,data/images/169512.jpg,True,True,230,344,RGB,JPEG,
169516,data/images/169516.jpg,True,True,460,647,RGB,JPEG,
169526,data/images/169526.jpg,True,True,460,690,RGB,JPEG,
169542,data/images/169542.jpg,True,True,460,690,RGB,JPEG,
169683,data/images/169683.jpg,True,True,460,643,RGB,JPEG,
169728,data/images/169728.jpg,True,True,460,695,RGB,JPEG,
169748,data/images/169748.jpg,True,True,230,345,RGB,JPEG,
169749,data/images/169749.jpg,True,True,460,691,RGB,JPEG,
169750,data/images/169750.jpg,True,True,460,691,RGB,JPEG,
169771,data/images/169771.jpg,True,True,460,259,RGB,JPEG,
169826,data/images/169826.jpg,True,True,230,325,RGB,JPEG,
169910,data/images/169910.jpg,True,True,460,690,RGB,JPEG,
169929,data/images/169929.jpg,True,True,460,259,RGB,JPEG,
169941,data/images/169941.jpg,True,True,460,650,RGB,JPEG,
169966,data/images/169966.jpg,True,True,460,460,RGB,JPEG,
170041,data/images/170041.jpg,True,True,230,345,RGB,JPEG,
170068,data/images/170068.jpg,True,True,460,690,RGB,JPEG,
170087,data/images/170087.jpg,True,True,460,651,RGB,JPEG,
170206,data/images/170206.jpg,True,True,460,613,RGB,JPEG,
170220,data/images/170220.jpg,True,True,460,460,RGB,JPEG,
170221,data/images/170221.jpg,True,True,460,690,RGB,JPEG,
170496,data/images/170496.jpg,True,True,460,690,RGB,JPEG,
170497,data/images/170497.jpg,True,True,230,345,RGB,JPEG,
170505,data/images/170505.jpg,True,True,460,690,RGB,JPEG,
170508,data/images/170508.jpg,True,True,460,690,RGB,JPEG,
170511,data/images/170511.jpg,True,True,460,651,RGB,JPEG,
170535,data/images/170535.jpg,True,True,460,690,RGB,JPEG,
170620,data/images/170620.jpg,True,True,460,647,RGB,JPEG,
170660,data/images/170660.jpg,True,True,230,331,RGB,JPEG,
170661,data/images/170661.jpg,True,True,230,287,RGB,JPEG,
171029,data/images/171029.jpg,True,True,460,650,RGB,JPEG,
171130,data/images/171130.jpg,True,True,460,690,RGB,JPEG,
171346,data/images/171346.jpg,True,True,460,690,RGB,JPEG,
171601,data/images/171601.jpg,True,True,460,690,RGB,JPEG,
171728,data/images/171728.jpg,True,True,460,386,RGB,JPEG,
172842,data/images/172842.jpg,True,True,460,601,RGB,JPEG,
173244,data/images/173244.jpg,True,True,460,649,RGB,JPEG,
173956,data/images/173956.jpg,True,True,230,325,RGB,JPEG,
175152,data/images/175152.jpg,True,True,230,321,RGB,JPEG,
176881,data/images/176881.jpg,True,True,230,325,RGB,JPEG,
177098,data/images/177098.jpg,True,True,460,650,RGB,JPEG,
177166,data/images/177166.jpg,True,True,460,644,RGB,JPEG,
177465,data/images/177465.jpg,True,True,460,690,RGB,JPEG,
179760,data/images/179760.jpg,True,True,460,649,RGB,JPEG,
179871,data/images/179871.jpg,True,True,230,163,RGB,JPEG,
179872,data/images/179872.jpg,True,True,230,163,RGB,JPEG,
179873,data/images/179873.jpg,True,True,460,345,RGB,JPEG,
181863,data/images/181863.jpg,True,True,460,460,RGB,JPEG,
183472,data/images/183472.jpg,True,True,460,259,RGB,JPEG,
183475,data/images/183475.jpg,True,True,230,129,RGB,JPEG,
183885,data/images/183885.jpg,True,True,230,345,RGB,JPEG,
184757,data/images/184757.jpg,True,True,230,325,RGB,JPEG,
184761,data/images/184761.jpg,True,True,460,689,RGB,JPEG,
185463,data/images/185463.jpg,True,True,460,690,RGB,JPEG,
185642,data/images/185642.jpg,True,True,460,650,RGB,JPEG,
186198,data/images/186198.jpg,True,True,460,650,RGB,JPEG,
187051,data/images/187051.jpg,True,True,460,649,RGB,JPEG,
191981,data/images/191981.jpg,True,True,230,324,RGB,JPEG,
199796,data/images/199796.jpg,True,True,460,259,RGB,JPEG,
204544,data/images/204544.jpg,True,True,460,259,RGB,JPEG,
204545,data/images/204545.jpg,True,True,460,335,RGB,JPEG,
204547,data/images/204547.jpg,True,True,460,277,RGB,JPEG,
204619,data/images/204619.jpg,True,True,230,110,RGB,JPEG,
208831,data/images/208831.jpg,True,True,230,130,RGB,JPEG,
107372,data/images/107372.jpg,True,True,460,608,RGB,JPEG,
109731,data/images/109731.jpg,True,True,460,650,RGB,JPEG,
111314,data/images/111314.jpg,True,True,460,613,RGB,JPEG,
126830,data/images/126830.jpg,True,True,460,650,RGB,JPEG,
130590,data/images/130590.jpg,True,True,460,638,RGB,JPEG,
133845,data/images/133845.jpg,True,True,460,650,RGB,JPEG,
134761,data/images/134761.jpg,True,True,460,644,RGB,JPEG,
135643,data/images/135643.jpg,True,True,460,681,RGB,JPEG,
136804,data/images/136804.jpg,True,True,460,646,RGB,JPEG,
136880,data/images/136880.jpg,True,True,460,653,RGB,JPEG,
137908,data/images/137908.jpg,True,True,460,650,RGB,JPEG,
138522,data/images/138522.jpg,True,True,460,650,RGB,JPEG,
139095,data/images/139095.jpg,True,True,460,650,RGB,JPEG,
139518,data/images/139518.jpg,True,True,460,660,RGB,JPEG,
139825,data/images/139825.jpg,True,True,460,650,RGB,JPEG,
141182,data/images/141182.jpg,True,True,460,651,RGB,JPEG,
141821,data/images/141821.jpg,True,True,460,651,RGB,JPEG,
143271,data/images/143271.jpg,True,True,460,651,RGB,JPEG,
143866,data/images/143866.jpg,True,True,460,638,RGB,JPEG,
144176,data/images/144176.jpg,True,True,460,610,RGB,JPEG,
144770,data/images/144770.jpg,True,True,460,655,RGB,JPEG,
144779,data/images/144779.jpg,True,True,460,690,RGB,JPEG,
145728,data/images/145728.jpg,True,True,460,651,RGB,JPEG,
146066,data/images/146066.jpg,True,True,460,637,RGB,JPEG,
146609,data/images/146609.jpg,True,True,460,650,RGB,JPEG,
146867,data/images/146867.jpg,True,True,460,650,RGB,JPEG,
147642,data/images/147642.jpg,True,True,460,649,RGB,JPEG,
147850,data/images/147850.jpg,True,True,230,329,RGB,JPEG,
148080,data/images/148080.jpg,True,True,460,651,RGB,JPEG,
150085,data/images/150085.jpg,True,True,460,720,RGB,JPEG,
150103,data/images/150103.jpg,True,True,460,575,RGB,JPEG,
150930,data/images/150930.jpg,True,True,460,690,RGB,JPEG,
151017,data/images/151017.jpg,True,True,460,695,RGB,JPEG,
151117,data/images/151117.jpg,True,True,460,690,RGB,JPEG,
151380,data/images/151380.jpg,True,True,460,651,RGB,JPEG,
151514,data/images/151514.jpg,True,True,460,662,RGB,JPEG,
151639,data/images/151639.jpg,True,True,460,650,RGB,JPEG,
151807,data/images/151807.jpg,True,True,460,609,RGB,JPEG,
152072,data/images/152072.jpg,True,True,460,649,RGB,JPEG,
152137,data/images/152137.jpg,True,True,460,650,RGB,JPEG,
152302,data/images/152302.jpg,True,True,460,650,RGB,JPEG,
152681,data/images/152681.jpg,True,True,460,649,RGB,JPEG,
152682,data/images/152682.jpg,True,True,460,652,RGB,JPEG,
153288,data/images/153288.jpg,True,True,460,650,RGB,JPEG,
153406,data/images/153406.jpg,True,True,460,650,RGB,JPEG,
153518,data/images/153518.jpg,True,True,460,626,RGB,JPEG,
153658,data/images/153658.jpg,True,True,460,642,RGB,JPEG,
153818,data/images/153818.jpg,True,True,460,690,RGB,JPEG,
154195,data/images/154195.jpg,True,True,460,645,RGB,JPEG,
154473,data/images/154473.jpg,True,True,460,650,RGB,JPEG,
154673,data/images/154673.jpg,True,True,460,651,RGB,JPEG,
154963,data/images/154963.jpg,True,True,460,650,RGB,JPEG,
155154,data/images/155154.jpg,True,True,460,684,RGB,JPEG,
155227,data/images/155227.jpg,True,True,460,653,RGB,JPEG,
155502,data/images/155502.jpg,True,True,460,650,RGB,JPEG,
155645,data/images/155645.jpg,True,True,460,651,RGB,JPEG,
155657,data/images/155657.jpg,True,True,460,627,RGB,JPEG,
155890,data/images/155890.jpg,True,True,230,327,RGB,JPEG,
155908,data/images/155908.jpg,True,True,460,649,RGB,JPEG,
155963,data/images/155963.jpg,True,True,460,648,RGB,JPEG,
156023,data/images/156023.jpg,True,True,460,650,RGB,JPEG,
156131,data/images/156131.jpg,True,True,460,651,RGB,JPEG,
156415,data/images/156415.jpg,True,True,460,651,RGB,JPEG,
156727,data/images/156727.jpg,True,True,460,651,RGB,JPEG,
156822,data/images/156822.jpg,True,True,460,650,RGB,JPEG,
156891,data/images/156891.jpg,True,True,460,650,RGB,JPEG,
157371,data/images/157371.jpg,True,True,460,649,RGB,JPEG,
157965,data/images/157965.jpg,True,True,460,649,RGB,JPEG,
158028,data/images/158028.jpg,True,True,460,644,RGB,JPEG,
158166,data/images/158166.jpg,True,True,460,690,RGB,JPEG,
158417,data/images/158417.jpg,True,True,460,653,RGB,JPEG,
158559,data/images/158559.jpg,True,True,460,651,RGB,JPEG,
158641,data/images/158641.jpg,True,True,460,690,RGB,JPEG,
158709,data/images/158709.jpg,True,True,460,651,RGB,JPEG,
158898,data/images/158898.jpg,True,True,460,646,RGB,JPEG,
158931,data/images/158931.jpg,True,True,460,650,RGB,JPEG,
158988,data/images/158988.jpg,True,True,460,655,RGB,JPEG,
159039,data/images/159039.jpg,True,True,460,658,RGB,JPEG,
160090,data/images/160090.jpg,True,True,460,673,RGB,JPEG,
160181,data/images/160181.jpg,True,True,460,650,RGB,JPEG,
160389,data/images/160389.jpg,True,True,460,626,RGB,JPEG,
160488,data/images/160488.jpg,True,True,460,650,RGB,JPEG,
160589,data/images/160589.jpg,True,True,460,613,RGB,JPEG,
161476,data/images/161476.jpg,True,True,460,652,RGB,JPEG,
162002,data/images/162002.jpg,True,True,460,649,RGB,JPEG,
162144,data/images/162144.jpg,True,True,460,647,RGB,JPEG,
162780,data/images/162780.jpg,True,True,460,652,RGB,JPEG,
162785,data/images/162785.jpg,True,True,460,652,RGB,JPEG,
162796,data/images/162796.jpg,True,True,460,650,RGB,JPEG,
162804,data/images/162804.jpg,True,True,460,650,RGB,JPEG,
162842,data/images/162842.jpg,True,True,460,619,RGB,JPEG,
162889,data/images/162889.jpg,True,True,460,650,RGB,JPEG,
162896,data/images/162896.jpg,True,True,460,655,RGB,JPEG,
162985,data/images/162985.jpg,True,True,460,649,RGB,JPEG,
162987,data/images/162987.jpg,True,True,460,656,RGB,JPEG,
163076,data/images/163076.jpg,True,True,460,651,RGB,JPEG,
163077,data/images/163077.jpg,True,True,460,649,RGB,JPEG,
163078,data/images/163078.jpg,True,True,460,652,RGB,JPEG,
163133,data/images/163133.jpg,True,True,460,649,RGB,JPEG,
163134,data/images/163134.jpg,True,True,460,652,RGB,JPEG,
163135,data/images/163135.jpg,True,True,460,650,RGB,JPEG,
163139,data/images/163139.jpg,True,True,460,648,RGB,JPEG,
163141,data/images/163141.jpg,True,True,460,650,RGB,JPEG,
163146,data/images/163146.jpg,True,True,460,651,RGB,JPEG,
163147,data/images/163147.jpg,True,True,460,600,RGB,JPEG,
163151,data/images/163151.jpg,True,True,460,653,RGB,JPEG,
163270,data/images/163270.jpg,True,True,460,651,RGB,JPEG,
163292,data/images/163292.jpg,True,True,460,651,RGB,JPEG,
163623,data/images/163623.jpg,True,True,460,650,RGB,JPEG,
164172,data/images/164172.jpg,True,True,460,659,RGB,JPEG,
164204,data/images/164204.jpg,True,True,460,651,RGB,JPEG,
164212,data/images/164212.jpg,True,True,460,644,RGB,JPEG,
164244,data/images/164244.jpg,True,True,460,648,RGB,JPEG,
164299,data/images/164299.jpg,True,True,460,647,RGB,JPEG,
164440,data/images/164440.jpg,True,True,460,644,RGB,JPEG,
164702,data/images/164702.jpg,True,True,460,660,RGB,JPEG,
165253,data/images/165253.jpg,True,True,460,738,RGB,JPEG,
165254,data/images/165254.jpg,True,True,230,327,RGB,JPEG,
165314,data/images/165314.jpg,True,True,460,609,RGB,JPEG,
165598,data/images/165598.jpg,True,True,460,647,RGB,JPEG,
165681,data/images/165681.jpg,True,True,460,651,RGB,JPEG,
165790,data/images/165790.jpg,True,True,460,651,RGB,JPEG,
165810,data/images/165810.jpg,True,True,460,651,RGB,JPEG,
165855,data/images/165855.jpg,True,True,460,644,RGB,JPEG,
166093,data/images/166093.jpg,True,True,460,647,RGB,JPEG,
166216,data/images/166216.jpg,True,True,460,651,RGB,JPEG,
166240,data/images/166240.jpg,True,True,460,690,RGB,JPEG,
166372,data/images/166372.jpg,True,True,460,646,RGB,JPEG,
166476,data/images/166476.jpg,True,True,460,651,RGB,JPEG,
166477,data/images/166477.jpg,True,True,460,630,RGB,JPEG,
166522,data/images/166522.jpg,True,True,460,651,RGB,JPEG,
166531,data/images/166531.jpg,True,True,460,650,RGB,JPEG,
166610,data/images/166610.jpg,True,True,460,650,RGB,JPEG,
166611,data/images/166611.jpg,True,True,460,648,RGB,JPEG,
166700,data/images/166700.jpg,True,True,460,630,RGB,JPEG,
166703,data/images/166703.jpg,True,True,460,650,RGB,JPEG,
166710,data/images/166710.jpg,True,True,460,657,RGB,JPEG,
166715,data/images/166715.jpg,True,True,460,648,RGB,JPEG,
166794,data/images/166794.jpg,True,True,460,643,RGB,JPEG,
166828,data/images/166828.jpg,True,True,460,650,RGB,JPEG,
166873,data/images/166873.jpg,True,True,460,651,RGB,JPEG,
166910,data/images/166910.jpg,True,True,460,654,RGB,JPEG,
166976,data/images/166976.jpg,True,True,460,653,RGB,JPEG,
167087,data/images/167087.jpg,True,True,460,650,RGB,JPEG,
167140,data/images/167140.jpg,True,True,460,669,RGB,JPEG,
167141,data/images/167141.jpg,True,True,460,650,RGB,JPEG,
167144,data/images/167144.jpg,True,True,460,651,RGB,JPEG,
167146,data/images/167146.jpg,True,True,460,652,RGB,JPEG,
167404,data/images/167404.jpg,True,True,460,648,RGB,JPEG,
167419,data/images/167419.jpg,True,True,460,650,RGB,JPEG,
167420,data/images/167420.jpg,True,True,460,650,RGB,JPEG,
167486,data/images/167486.jpg,True,True,460,652,RGB,JPEG,
167927,data/images/167927.jpg,True,True,460,633,RGB,JPEG,
167984,data/images/167984.jpg,True,True,460,651,RGB,JPEG,
167991,data/images/167991.jpg,True,True,460,650,RGB,JPEG,
168013,data/images/168013.jpg,True,True,460,649,RGB,JPEG,
168138,data/images/168138.jpg,True,True,460,650,RGB,JPEG,
168139,data/images/168139.jpg,True,True,460,652,RGB,JPEG,
168194,data/images/168194.jpg,True,True,460,642,RGB,JPEG,
168345,data/images/168345.jpg,True,True,460,650,RGB,JPEG,
168374,data/images/168374.jpg,True,True,460,652,RGB,JPEG,
168500,data/images/168500.jpg,True,True,460,651,RGB,JPEG,
168537,data/images/168537.jpg,True,True,460,648,RGB,JPEG,
168623,data/images/168623.jpg,True,True,460,647,RGB,JPEG,
168809,data/images/168809.jpg,True,True,460,651,RGB,JPEG,
168872,data/images/168872.jpg,True,True,460,651,RGB,JPEG,
168947,data/images/168947.jpg,True,True,460,651,RGB,JPEG,
168998,data/images/168998.jpg,True,True,460,650,RGB,JPEG,
169098,data/images/169098.jpg,True,True,460,650,RGB,JPEG,
169202,data/images/169202.jpg,True,True,460,648,RGB,JPEG,
169258,data/images/169258.jpg,True,True,460,649,RGB,JPEG,
169291,data/images/169291.jpg,True,True,460,608,RGB,JPEG,
169315,data/images/169315.jpg,True,True,460,690,RGB,JPEG,
169403,data/images/169403.jpg,True,True,460,652,RGB,JPEG,
169417,data/images/169417.jpg,True,True,460,651,RGB,JPEG,
169418,data/images/169418.jpg,True,True,460,650,RGB,JPEG,
169559,data/images/169559.jpg,True,True,460,607,RGB,JPEG,
169584,data/images/169584.jpg,True,True,460,651,RGB,JPEG,
169692,data/images/169692.jpg,True,True,460,650,RGB,JPEG,
169698,data/images/169698.jpg,True,True,460,649,RGB,JPEG,
169754,data/images/169754.jpg,True,True,460,651,RGB,JPEG,
169755,data/images/169755.jpg,True,True,460,650,RGB,JPEG,
169766,data/images/169766.jpg,True,True,460,651,RGB,JPEG,
169778,data/images/169778.jpg,True,True,460,644,RGB,JPEG,
169927,data/images/169927.jpg,True,True,460,598,RGB,JPEG,
169930,data/images/169930.jpg,True,True,460,648,RGB,JPEG,
169931,data/images/169931.jpg,True,True,460,653,RGB,JPEG,
169935,data/images/169935.jpg,True,True,460,650,RGB,JPEG,
170083,data/images/170083.jpg,True,True,460,659,RGB,JPEG,
170130,data/images/170130.jpg,True,True,460,650,RGB,JPEG,
170297,data/images/170297.jpg,True,True,460,650,RGB,JPEG,
170468,data/images/170468.jpg,True,True,460,690,RGB,JPEG,
170503,data/images/170503.jpg,True,True,460,651,RGB,JPEG,
170514,data/images/170514.jpg,True,True,460,650,RGB,JPEG,
170593,data/images/170593.jpg,True,True,460,651,RGB,JPEG,
170599,data/images/170599.jpg,True,True,460,652,RGB,JPEG,
170604,data/images/170604.jpg,True,True,460,650,RGB,JPEG,
170695,data/images/170695.jpg,True,True,460,650,RGB,JPEG,
170732,data/images/170732.jpg,True,True,460,650,RGB,JPEG,
170890,data/images/170890.jpg,True,True,460,650,RGB,JPEG,
170891,data/images/170891.jpg,True,True,460,650,RGB,JPEG,
170893,data/images/170893.jpg,True,True,460,690,RGB,JPEG,
170913,data/images/170913.jpg,True,True,460,650,RGB,JPEG,
170935,data/images/170935.jpg,True,True,460,651,RGB,JPEG,
170938,data/images/170938.jpg,True,True,460,653,RGB,JPEG,
170942,data/images/170942.jpg,True,True,460,651,RGB,JPEG,
170953,data/images/170953.jpg,True,True,460,650,RGB,JPEG,
170969,data/images/170969.jpg,True,True,460,651,RGB,JPEG,
170998,data/images/170998.jpg,True,True,460,651,RGB,JPEG,
171016,data/images/171016.jpg,True,True,460,643,RGB,JPEG,
171018,data/images/171018.jpg,True,True,460,650,RGB,JPEG,
171019,data/images/171019.jpg,True,True,460,650,RGB,JPEG,
171025,data/images/171025.jpg,True,True,460,650,RGB,JPEG,
171026,data/images/171026.jpg,True,True,460,650,RGB,JPEG,
171030,data/images/171030.jpg,True,True,460,652,RGB,JPEG,
171031,data/images/171031.jpg,True,True,460,650,RGB,JPEG,
171038,data/images/171038.jpg,True,True,460,650,RGB,JPEG,
171040,data/images/171040.jpg,True,True,460,639,RGB,JPEG,
171080,data/images/171080.jpg,True,True,460,650,RGB,JPEG,
171099,data/images/171099.jpg,True,True,460,651,RGB,JPEG,
171109,data/images/171109.jpg,True,True,460,639,RGB,JPEG,
171115,data/images/171115.jpg,True,True,460,690,RGB,JPEG,
171144,data/images/171144.jpg,True,True,460,649,RGB,JPEG,
171145,data/images/171145.jpg,True,True,460,643,RGB,JPEG,
171291,data/images/171291.jpg,True,True,460,651,RGB,JPEG,
171395,data/images/171395.jpg,True,True,460,650,RGB,JPEG,
171397,data/images/171397.jpg,True,True,460,650,RGB,JPEG,
171400,data/images/171400.jpg,True,True,460,650,RGB,JPEG,
171457,data/images/171457.jpg,True,True,460,650,RGB,JPEG,
171545,data/images/171545.jpg,True,True,460,651,RGB,JPEG,
171608,data/images/171608.jpg,True,True,460,644,RGB,JPEG,
171637,data/images/171637.jpg,True,True,230,325,RGB,JPEG,
171642,data/images/171642.jpg,True,True,460,652,RGB,JPEG,
171689,data/images/171689.jpg,True,True,460,648,RGB,JPEG,
171748,data/images/171748.jpg,True,True,460,650,RGB,JPEG,
172016,data/images/172016.jpg,True,True,460,690,RGB,JPEG,
172187,data/images/172187.jpg,True,True,460,623,RGB,JPEG,
172190,data/images/172190.jpg,True,True,460,646,RGB,JPEG,
172199,data/images/172199.jpg,True,True,460,650,RGB,JPEG,
172218,data/images/172218.jpg,True,True,460,646,RGB,JPEG,
172242,data/images/172242.jpg,True,True,460,639,RGB,JPEG,
172355,data/images/172355.jpg,True,True,460,649,RGB,JPEG,
172395,data/images/172395.jpg,True,True,460,651,RGB,JPEG,
172398,data/images/172398.jpg,True,True,460,650,RGB,JPEG,
172399,data/images/172399.jpg,True,True,460,651,RGB,JPEG,
172416,data/images/172416.jpg,True,True,460,650,RGB,JPEG,
172420,data/images/172420.jpg,True,True,460,690,RGB,JPEG,
172852,data/images/172852.jpg,True,True,460,651,RGB,JPEG,
172964,data/images/172964.jpg,True,True,460,651,RGB,JPEG,
172965,data/images/172965.jpg,True,True,460,651,RGB,JPEG,
172966,data/images/172966.jpg,True,True,460,651,RGB,JPEG,
172976,data/images/172976.jpg,True,True,460,650,RGB,JPEG,
173174,data/images/173174.jpg,True,True,460,653,RGB,JPEG,
173216,data/images/173216.jpg,True,True,460,648,RGB,JPEG,
173240,data/images/173240.jpg,True,True,460,690,RGB,JPEG,
173249,data/images/173249.jpg,True,True,460,729,RGB,JPEG,
173250,data/images/173250.jpg,True,True,460,573,RGB,JPEG,
173263,data/images/173263.jpg,True,True,460,653,RGB,JPEG,
173295,data/images/173295.jpg,True,True,460,633,RGB,JPEG,
173313,data/images/173313.jpg,True,True,230,327,RGB,JPEG,
173388,data/images/173388.jpg,True,True,460,650,RGB,JPEG,
173489,data/images/173489.jpg,True,True,460,653,RGB,JPEG,
173533,data/images/173533.jpg,True,True,460,647,RGB,JPEG,
173534,data/images/173534.jpg,True,True,460,690,RGB,JPEG,
173584,data/images/173584.jpg,True,True,460,650,RGB,JPEG,
173639,data/images/173639.jpg,True,True,460,779,RGB,JPEG,
173647,data/images/173647.jpg,True,True,460,259,RGB,JPEG,
173693,data/images/173693.jpg,True,True,460,661,RGB,JPEG,
173694,data/images/173694.jpg,True,True,460,652,RGB,JPEG,
173884,data/images/173884.jpg,True,True,460,626,RGB,JPEG,
173935,data/images/173935.jpg,True,True,460,650,RGB,JPEG,
174043,data/images/174043.jpg,True,True,460,650,RGB,JPEG,
174044,data/images/174044.jpg,True,True,460,650,RGB,JPEG,
174070,data/images/174070.jpg,True,True,460,648,RGB,JPEG,
174128,data/images/174128.jpg,True,True,230,325,RGB,JPEG,
174181,data/images/174181.jpg,True,True,460,650,RGB,JPEG,
174184,data/images/174184.jpg,True,True,460,643,RGB,JPEG,
174186,data/images/174186.jpg,True,True,460,650,RGB,JPEG,
174187,data/images/174187.jpg,True,True,460,650,RGB,JPEG,
174189,data/images/174189.jpg,True,True,460,650,RGB,JPEG,
174383,data/images/174383.jpg,True,True,460,593,RGB,JPEG,
174390,data/images/174390.jpg,True,True,460,651,RGB,JPEG,
174417,data/images/174417.jpg,True,True,230,121,RGB,JPEG,
174439,data/images/174439.jpg,True,True,460,642,RGB,JPEG,
174576,data/images/174576.jpg,True,True,460,651,RGB,JPEG,
174633,data/images/174633.jpg,True,True,460,646,RGB,JPEG,
174634,data/images/174634.jpg,True,True,460,651,RGB,JPEG,
174653,data/images/174653.jpg,True,True,460,650,RGB,JPEG,
174666,data/images/174666.jpg,True,True,460,690,RGB,JPEG,
174749,data/images/174749.jpg,True,True,230,314,RGB,JPEG,
174788,data/images/174788.jpg,True,True,460,650,RGB,JPEG,
174912,data/images/174912.jpg,True,True,460,535,RGB,JPEG,
174916,data/images/174916.jpg,True,True,460,651,RGB,JPEG,
175019,data/images/175019.jpg,True,True,460,650,RGB,JPEG,
175033,data/images/175033.jpg,True,True,460,625,RGB,JPEG,
175047,data/images/175047.jpg,True,True,460,654,RGB,JPEG,
175120,data/images/175120.jpg,True,True,460,653,RGB,JPEG,
175137,data/images/175137.jpg,True,True,460,651,RGB,JPEG,
175138,data/images/175138.jpg,True,True,460,651,RGB,JPEG,
175199,data/images/175199.jpg,True,True,460,648,RGB,JPEG,
175248,data/images/175248.jpg,True,True,460,643,RGB,JPEG,
175250,data/images/175250.jpg,True,True,460,650,RGB,JPEG,
175450,data/images/175450.jpg,True,True,460,654,RGB,JPEG,
175473,data/images/175473.jpg,True,True,460,650,RGB,JPEG,
175499,data/images/175499.jpg,True,True,460,647,RGB,JPEG,
175513,data/images/175513.jpg,True,True,460,653,RGB,JPEG,
175533,data/images/175533.jpg,True,True,460,649,RGB,JPEG,
175573,data/images/175573.jpg,True,True,460,690,RGB,JPEG,
175642,data/images/175642.jpg,True,True,460,649,RGB,JPEG,
175783,data/images/175783.jpg,True,True,460,655,RGB,JPEG,
175868,data/images/175868.jpg,True,True,460,650,RGB,JPEG,
175869,data/images/175869.jpg,True,True,460,650,RGB,JPEG,
175977,data/images/175977.jpg,True,True,460,651,RGB,JPEG,
176053,data/images/176053.jpg,True,True,460,650,RGB,JPEG,
176191,data/images/176191.jpg,True,True,460,650,RGB,JPEG,
176218,data/images/176218.jpg,True,True,460,650,RGB,JPEG,
176245,data/images/176245.jpg,True,True,460,667,RGB,JPEG,
176275,data/images/176275.jpg,True,True,460,650,RGB,JPEG,
176283,data/images/176283.jpg,True,True,460,649,RGB,JPEG,
176287,data/images/176287.jpg,True,True,460,690,RGB,JPEG,
176292,data/images/176292.jpg,True,True,460,650,RGB,JPEG,
176299,data/images/176299.jpg,True,True,460,651,RGB,JPEG,
176300,data/images/176300.jpg,True,True,460,690,RGB,JPEG,
176311,data/images/176311.jpg,True,True,460,650,RGB,JPEG,
176317,data/images/176317.jpg,True,True,460,585,RGB,JPEG,
176319,data/images/176319.jpg,True,True,460,649,RGB,JPEG,
176328,data/images/176328.jpg,True,True,460,650,RGB,JPEG,
176369,data/images/176369.jpg,True,True,460,643,RGB,JPEG,
176395,data/images/176395.jpg,True,True,460,643,RGB,JPEG,
176396,data/images/176396.jpg,True,True,460,644,RGB,JPEG,
176470,data/images/176470.jpg,True,True,460,652,RGB,JPEG,
176489,data/images/176489.jpg,True,True,460,651,RGB,JPEG,
176508,data/images/176508.jpg,True,True,460,649,RGB,JPEG,
176529,data/images/176529.jpg,True,True,460,575,RGB,JPEG,
176577,data/images/176577.jpg,True,True,460,541,RGB,JPEG,
176635,data/images/176635.jpg,True,True,460,650,RGB,JPEG,
176660,data/images/176660.jpg,True,True,460,652,RGB,JPEG,
176663,data/images/176663.jpg,True,True,460,531,RGB,JPEG,
176707,data/images/176707.jpg,True,True,460,647,RGB,JPEG,
176907,data/images/176907.jpg,True,True,460,650,RGB,JPEG,
176909,data/images/176909.jpg,True,True,460,690,RGB,JPEG,
177007,data/images/177007.jpg,True,True,460,622,RGB,JPEG,
177008,data/images/177008.jpg,True,True,460,617,RGB,JPEG,
177061,data/images/177061.jpg,True,True,460,690,RGB,JPEG,
177062,data/images/177062.jpg,True,True,460,690,RGB,JPEG,
177097,data/images/177097.jpg,True,True,460,650,RGB,JPEG,
177104,data/images/177104.jpg,True,True,460,652,RGB,JPEG,
177106,data/images/177106.jpg,True,True,460,681,RGB,JPEG,
177125,data/images/177125.jpg,True,True,460,651,RGB,JPEG,
177148,data/images/177148.jpg,True,True,460,690,RGB,JPEG,
177149,data/images/177149.jpg,True,True,460,710,RGB,JPEG,
177160,data/images/177160.jpg,True,True,460,259,RGB,JPEG,
177191,data/images/177191.jpg,True,True,460,646,RGB,JPEG,
177231,data/images/177231.jpg,True,True,460,650,RGB,JPEG,
177255,data/images/177255.jpg,True,True,460,652,RGB,JPEG,
177376,data/images/177376.jpg,True,True,460,656,RGB,JPEG,
177456,data/images/177456.jpg,True,True,460,636,RGB,JPEG,
177581,data/images/177581.jpg,True,True,460,651,RGB,JPEG,
177602,data/images/177602.jpg,True,True,460,650,RGB,JPEG,
177603,data/images/177603.jpg,True,True,460,651,RGB,JPEG,
177680,data/images/177680.jpg,True,True,460,651,RGB,JPEG,
177697,data/images/177697.jpg,True,True,230,329,RGB,JPEG,
177707,data/images/177707.jpg,True,True,460,650,RGB,JPEG,
177789,data/images/177789.jpg,True,True,460,651,RGB,JPEG,
177798,data/images/177798.jpg,True,True,460,259,RGB,JPEG,
177814,data/images/177814.jpg,True,True,460,690,RGB,JPEG,
177856,data/images/177856.jpg,True,True,460,651,RGB,JPEG,
177879,data/images/177879.jpg,True,True,460,650,RGB,JPEG,
177922,data/images/177922.jpg,True,True,460,651,RGB,JPEG,
178067,data/images/178067.jpg,True,True,460,305,RGB,JPEG,
178084,data/images/178084.jpg,True,True,460,651,RGB,JPEG,
178125,data/images/178125.jpg,True,True,230,325,RGB,JPEG,
178352,data/images/178352.jpg,True,True,230,130,RGB,JPEG,
178395,data/images/178395.jpg,True,True,460,799,RGB,JPEG,
178396,data/images/178396.jpg,True,True,460,578,RGB,JPEG,
178421,data/images/178421.jpg,True,True,460,651,RGB,JPEG,
178434,data/images/178434.jpg,True,True,460,640,RGB,JPEG,
178436,data/images/178436.jpg,True,True,460,649,RGB,JPEG,
178533,data/images/178533.jpg,True,True,460,651,RGB,JPEG,
178557,data/images/178557.jpg,True,True,460,656,RGB,JPEG,
178620,data/images/178620.jpg,True,True,460,649,RGB,JPEG,
178729,data/images/178729.jpg,True,True,460,613,RGB,JPEG,
178774,data/images/178774.jpg,True,True,460,650,RGB,JPEG,
178782,data/images/178782.jpg,True,True,460,650,RGB,JPEG,
179126,data/images/179126.jpg,True,True,460,650,RGB,JPEG,
179212,data/images/179212.jpg,True,True,230,345,RGB,JPEG,
179292,data/images/179292.jpg,True,True,460,650,RGB,JPEG,
179368,data/images/179368.jpg,True,True,460,650,RGB,JPEG,
179408,data/images/179408.jpg,True,True,460,259,RGB,JPEG,
179677,data/images/179677.jpg,True,True,460,650,RGB,JPEG,
179722,data/images/179722.jpg,True,True,460,660,RGB,JPEG,
179820,data/images/179820.jpg,True,True,460,651,RGB,JPEG,
179823,data/images/179823.jpg,True,True,460,345,RGB,JPEG,
179919,data/images/179919.jpg,True,True,460,642,RGB,JPEG,
179954,data/images/179954.jpg,True,True,460,651,RGB,JPEG,
179991,data/images/179991.jpg,True,True,230,345,RGB,JPEG,
180332,data/images/180332.jpg,True,True,230,344,RGB,JPEG,
180336,data/images/180336.jpg,True,True,460,690,RGB,JPEG,
180533,data/images/180533.jpg,True,True,460,644,RGB,JPEG,
180599,data/images/180599.jpg,True,True,460,651,RGB,JPEG,
180704,data/images/180704.jpg,True,True,460,651,RGB,JPEG,
180747,data/images/180747.jpg,True,True,460,651,RGB,JPEG,
180804,data/images/180804.jpg,True,True,460,651,RGB,JPEG,
180806,data/images/180806.jpg,True,True,460,651,RGB,JPEG,
180832,data/images/180832.jpg,True,True,460,650,RGB,JPEG,
180847,data/images/180847.jpg,True,True,460,690,RGB,JPEG,
180923,data/images/180923.jpg,True,True,230,346,RGB,JPEG,
181776,data/images/181776.jpg,True,True,460,600,RGB,JPEG,
181835,data/images/181835.jpg,True,True,460,540,RGB,JPEG,
181970,data/images/181970.jpg,True,True,460,650,RGB,JPEG,
182094,data/images/182094.jpg,True,True,460,345,RGB,JPEG,
182104,data/images/182104.jpg,True,True,460,644,RGB,JPEG,
182157,data/images/182157.jpg,True,True,460,259,RGB,JPEG,
182241,data/images/182241.jpg,True,True,460,606,RGB,JPEG,
182417,data/images/182417.jpg,True,True,460,259,RGB,JPEG,
182434,data/images/182434.jpg,True,True,460,650,RGB,JPEG,
182469,data/images/182469.jpg,True,True,460,650,RGB,JPEG,
182772,data/images/182772.jpg,True,True,460,460,RGB,JPEG,
182879,data/images/182879.jpg,True,True,460,690,RGB,JPEG,
183162,data/images/183162.jpg,True,True,230,319,RGB,JPEG,
183383,data/images/183383.jpg,True,True,460,581,RGB,JPEG,
183423,data/images/183423.jpg,True,True,460,648,RGB,JPEG,
183471,data/images/183471.jpg,True,True,460,738,RGB,JPEG,
183473,data/images/183473.jpg,True,True,460,259,RGB,JPEG,
183651,data/images/183651.jpg,True,True,460,652,RGB,JPEG,
183795,data/images/183795.jpg,True,True,230,345,RGB,JPEG,
184099,data/images/184099.jpg,True,True,460,690,RGB,JPEG,
184288,data/images/184288.jpg,True,True,460,259,RGB,JPEG,
184369,data/images/184369.jpg,True,True,460,650,RGB,JPEG,
184373,data/images/184373.jpg,True,True,460,651,RGB,JPEG,
184560,data/images/184560.jpg,True,True,460,690,RGB,JPEG,
184694,data/images/184694.jpg,True,True,460,648,RGB,JPEG,
184812,data/images/184812.jpg,True,True,460,614,RGB,JPEG,
184998,data/images/184998.jpg,True,True,460,680,RGB,JPEG,
185281,data/images/185281.jpg,True,True,460,345,RGB,JPEG,
185538,data/images/185538.jpg,True,True,460,259,RGB,JPEG,
185541,data/images/185541.jpg,True,True,460,573,RGB,JPEG,
185613,data/images/185613.jpg,True,True,460,690,RGB,JPEG,
185644,data/images/185644.jpg,True,True,230,163,RGB,JPEG,
185669,data/images/185669.jpg,True,True,460,651,RGB,JPEG,
185793,data/images/185793.jpg,True,True,460,259,RGB,JPEG,
186756,data/images/186756.jpg,True,True,460,650,RGB,JPEG,
186764,data/images/186764.jpg,True,True,460,687,RGB,JPEG,
188548,data/images/188548.jpg,True,True,460,460,RGB,JPEG,
189736,data/images/189736.jpg,True,True,460,690,RGB,JPEG,
189834,data/images/189834.jpg,True,True,230,344,RGB,JPEG,
189964,data/images/189964.jpg,True,True,460,690,RGB,JPEG,
193295,data/images/193295.jpg,True,True,460,651,RGB,JPEG,
196241,data/images/196241.jpg,True,True,460,241,RGB,JPEG,
198690,data/images/198690.jpg,True,True,460,659,RGB,JPEG,
199478,data/images/199478.jpg,True,True,460,259,RGB,JPEG,
199479,data/images/199479.jpg,True,True,460,259,RGB,JPEG,
199488,data/images/199488.jpg,True,True,460,259,RGB,JPEG,
199795,data/images/199795.jpg,True,True,460,258,RGB,JPEG,
200373,data/images/200373.jpg,True,True,460,652,RGB,JPEG,
202422,data/images/202422.jpg,True,True,460,259,RGB,JPEG,
204506,data/images/204506.jpg,True,True,460,259,RGB,JPEG,
204537,data/images/204537.jpg,True,True,460,259,RGB,JPEG,
204620,data/images/204620.jpg,True,True,230,110,RGB,JPEG,
206353,data/images/206353.jpg,True,True,460,650,RGB,JPEG,
207031,data/images/207031.jpg,True,True,460,613,RGB,JPEG,
207594,data/images/207594.jpg,True,True,230,345,RGB,JPEG,
211328,data/images/211328.jpg,True,True,460,649,RGB,JPEG,
129195,data/images/129195.jpg,True,True,460,655,RGB,JPEG,
132776,data/images/132776.jpg,True,True,460,652,RGB,JPEG,
136381,data/images/136381.jpg,True,True,460,651,RGB,JPEG,
140291,data/images/140291.jpg,True,True,460,690,RGB,JPEG,
140337,data/images/140337.jpg,True,True,460,669,RGB,JPEG,
143200,data/images/143200.jpg,True,True,460,651,RGB,JPEG,
143337,data/images/143337.jpg,True,True,460,650,RGB,JPEG,
143598,data/images/143598.jpg,True,True,460,622,RGB,JPEG,
145740,data/images/145740.jpg,True,True,460,651,RGB,JPEG,
149118,data/images/149118.jpg,True,True,460,652,RGB,JPEG,
150654,data/images/150654.jpg,True,True,460,679,RGB,JPEG,
151799,data/images/151799.jpg,True,True,460,650,RGB,JPEG,
153554,data/images/153554.jpg,True,True,460,648,RGB,JPEG,
153800,data/images/153800.jpg,True,True,460,647,RGB,JPEG,
154064,data/images/154064.jpg,True,True,460,652,RGB,JPEG,
154392,data/images/154392.jpg,True,True,460,649,RGB,JPEG,
154768,data/images/154768.jpg,True,True,460,650,RGB,JPEG,
155838,data/images/155838.jpg,True,True,460,650,RGB,JPEG,
156395,data/images/156395.jpg,True,True,460,650,RGB,JPEG,
158287,data/images/158287.jpg,True,True,460,646,RGB,JPEG,
159483,data/images/159483.jpg,True,True,460,571,RGB,JPEG,
162669,data/images/162669.jpg,True,True,460,651,RGB,JPEG,
162682,data/images/162682.jpg,True,True,460,651,RGB,JPEG,
162722,data/images/162722.jpg,True,True,460,650,RGB,JPEG,
162890,data/images/162890.jpg,True,True,460,650,RGB,JPEG,
162921,data/images/162921.jpg,True,True,460,650,RGB,JPEG,
165171,data/images/165171.jpg,True,True,460,632,RGB,JPEG,
165445,data/images/165445.jpg,True,True,460,650,RGB,JPEG,
166215,data/images/166215.jpg,True,True,460,650,RGB,JPEG,
166249,data/images/166249.jpg,True,True,460,641,RGB,JPEG,
166371,data/images/166371.jpg,True,True,460,650,RGB,JPEG,
166373,data/images/166373.jpg,True,True,460,646,RGB,JPEG,
166527,data/images/166527.jpg,True,True,460,649,RGB,JPEG,
166699,data/images/166699.jpg,True,True,460,650,RGB,JPEG,
167142,data/images/167142.jpg,True,True,460,645,RGB,JPEG,
167143,data/images/167143.jpg,True,True,460,649,RGB,JPEG,
167336,data/images/167336.jpg,True,True,460,650,RGB,JPEG,
167742,data/images/167742.jpg,True,True,460,651,RGB,JPEG,
168810,data/images/168810.jpg,True,True,460,577,RGB,JPEG,
169295,data/images/169295.jpg,True,True,460,651,RGB,JPEG,
169420,data/images/169420.jpg,True,True,460,647,RGB,JPEG,
169440,data/images/169440.jpg,True,True,460,730,RGB,JPEG,
169441,data/images/169441.jpg,True,True,460,651,RGB,JPEG,
169969,data/images/169969.jpg,True,True,460,665,RGB,JPEG,
170018,data/images/170018.jpg,True,True,460,651,RGB,JPEG,
170113,data/images/170113.jpg,True,True,460,651,RGB,JPEG,
170577,data/images/170577.jpg,True,True,460,635,RGB,JPEG,
170650,data/images/170650.jpg,True,True,460,636,RGB,JPEG,
170892,data/images/170892.jpg,True,True,460,650,RGB,JPEG,
170916,data/images/170916.jpg,True,True,460,650,RGB,JPEG,
170936,data/images/170936.jpg,True,True,460,650,RGB,JPEG,
171046,data/images/171046.jpg,True,True,460,652,RGB,JPEG,
171627,data/images/171627.jpg,True,True,460,648,RGB,JPEG,
172019,data/images/172019.jpg,True,True,460,652,RGB,JPEG,
172258,data/images/172258.jpg,True,True,460,650,RGB,JPEG,
172393,data/images/172393.jpg,True,True,460,651,RGB,JPEG,
172439,data/images/172439.jpg,True,True,460,649,RGB,JPEG,
172453,data/images/172453.jpg,True,True,460,652,RGB,JPEG,
173333,data/images/173333.jpg,True,True,460,650,RGB,JPEG,
173335,data/images/173335.jpg,True,True,460,650,RGB,JPEG,
173523,data/images/173523.jpg,True,True,460,650,RGB,JPEG,
173692,data/images/173692.jpg,True,True,460,651,RGB,JPEG,
173780,data/images/173780.jpg,True,True,460,802,RGB,JPEG,
174188,data/images/174188.jpg,True,True,460,605,RGB,JPEG,
174596,data/images/174596.jpg,True,True,460,654,RGB,JPEG,
174654,data/images/174654.jpg,True,True,460,644,RGB,JPEG,
174802,data/images/174802.jpg,True,True,460,652,RGB,JPEG,
174914,data/images/174914.jpg,True,True,460,650,RGB,JPEG,
175035,data/images/175035.jpg,True,True,230,322,RGB,JPEG,
175124,data/images/175124.jpg,True,True,460,690,RGB,JPEG,
175198,data/images/175198.jpg,True,True,460,650,RGB,JPEG,
175409,data/images/175409.jpg,True,True,460,651,RGB,JPEG,
175422,data/images/175422.jpg,True,True,460,649,RGB,JPEG,
175443,data/images/175443.jpg,True,True,460,634,RGB,JPEG,
175872,data/images/175872.jpg,True,True,460,650,RGB,JPEG,
175914,data/images/175914.jpg,True,True,460,656,RGB,JPEG,
176063,data/images/176063.jpg,True,True,460,646,RGB,JPEG,
176158,data/images/176158.jpg,True,True,460,650,RGB,JPEG,
176234,data/images/176234.jpg,True,True,460,650,RGB,JPEG,
176246,data/images/176246.jpg,True,True,460,650,RGB,JPEG,
176273,data/images/176273.jpg,True,True,460,651,RGB,JPEG,
176298,data/images/176298.jpg,True,True,460,325,RGB,JPEG,
176301,data/images/176301.jpg,True,True,460,652,RGB,JPEG,
176432,data/images/176432.jpg,True,True,460,650,RGB,JPEG,
176496,data/images/176496.jpg,True,True,460,650,RGB,JPEG,
176642,data/images/176642.jpg,True,True,460,648,RGB,JPEG,
176702,data/images/176702.jpg,True,True,460,650,RGB,JPEG,
177120,data/images/177120.jpg,True,True,460,650,RGB,JPEG,
177159,data/images/177159.jpg,True,True,460,613,RGB,JPEG,
177175,data/images/177175.jpg,True,True,460,642,RGB,JPEG,
177271,data/images/177271.jpg,True,True,460,650,RGB,JPEG,
177474,data/images/177474.jpg,True,True,460,651,RGB,JPEG,
177476,data/images/177476.jpg,True,True,460,650,RGB,JPEG,
177506,data/images/177506.jpg,True,True,460,649,RGB,JPEG,
177509,data/images/177509.jpg,True,True,460,650,RGB,JPEG,
177518,data/images/177518.jpg,True,True,460,648,RGB,JPEG,
177552,data/images/177552.jpg,True,True,460,652,RGB,JPEG,
177633,data/images/177633.jpg,True,True,460,687,RGB,JPEG,
177678,data/images/177678.jpg,True,True,460,651,RGB,JPEG,
177686,data/images/177686.jpg,True,True,460,644,RGB,JPEG,
177687,data/images/177687.jpg,True,True,460,650,RGB,JPEG,
177689,data/images/177689.jpg,True,True,460,690,RGB,JPEG,
177709,data/images/177709.jpg,True,True,460,650,RGB,JPEG,
177761,data/images/177761.jpg,True,True,460,650,RGB,JPEG,
177778,data/images/177778.jpg,True,True,460,690,RGB,JPEG,
177880,data/images/177880.jpg,True,True,460,608,RGB,JPEG,
177887,data/images/177887.jpg,True,True,230,322,RGB,JPEG,
177937,data/images/177937.jpg,True,True,460,651,RGB,JPEG,
178022,data/images/178022.jpg,True,True,460,651,RGB,JPEG,
178025,data/images/178025.jpg,True,True,460,598,RGB,JPEG,
178046,data/images/178046.jpg,True,True,460,649,RGB,JPEG,
178052,data/images/178052.jpg,True,True,460,649,RGB,JPEG,
178090,data/images/178090.jpg,True,True,460,650,RGB,JPEG,
178100,data/images/178100.jpg,True,True,460,650,RGB,JPEG,
178312,data/images/178312.jpg,True,True,460,651,RGB,JPEG,
178433,data/images/178433.jpg,True,True,460,652,RGB,JPEG,
178445,data/images/178445.jpg,True,True,460,648,RGB,JPEG,
178462,data/images/178462.jpg,True,True,460,650,RGB,JPEG,
178495,data/images/178495.jpg,True,True,460,731,RGB,JPEG,
178548,data/images/178548.jpg,True,True,460,655,RGB,JPEG,
178550,data/images/178550.jpg,True,True,460,652,RGB,JPEG,
178675,data/images/178675.jpg,True,True,460,650,RGB,JPEG,
178680,data/images/178680.jpg,True,True,460,651,RGB,JPEG,
178701,data/images/178701.jpg,True,True,460,650,RGB,JPEG,
178754,data/images/178754.jpg,True,True,460,651,RGB,JPEG,
178781,data/images/178781.jpg,True,True,460,647,RGB,JPEG,
178788,data/images/178788.jpg,True,True,460,650,RGB,JPEG,
178825,data/images/178825.jpg,True,True,460,650,RGB,JPEG,
178869,data/images/178869.jpg,True,True,460,584,RGB,JPEG,
178886,data/images/178886.jpg,True,True,460,653,RGB,JPEG,
179054,data/images/179054.jpg,True,True,460,648,RGB,JPEG,
179297,data/images/179297.jpg,True,True,460,651,RGB,JPEG,
179302,data/images/179302.jpg,True,True,460,652,RGB,JPEG,
179333,data/images/179333.jpg,True,True,460,651,RGB,JPEG,
179344,data/images/179344.jpg,True,True,460,650,RGB,JPEG,
179541,data/images/179541.jpg,True,True,460,650,RGB,JPEG,
179678,data/images/179678.jpg,True,True,460,632,RGB,JPEG,
179689,data/images/179689.jpg,True,True,460,650,RGB,JPEG,
179694,data/images/179694.jpg,True,True,460,636,RGB,JPEG,
179696,data/images/179696.jpg,True,True,460,648,RGB,JPEG,
179706,data/images/179706.jpg,True,True,460,650,RGB,JPEG,
179828,data/images/179828.jpg,True,True,460,619,RGB,JPEG,
179838,data/images/179838.jpg,True,True,460,651,RGB,JPEG,
179852,data/images/179852.jpg,True,True,460,650,RGB,JPEG,
179878,data/images/179878.jpg,True,True,460,652,RGB,JPEG,
179879,data/images/179879.jpg,True,True,460,650,RGB,JPEG,
179885,data/images/179885.jpg,True,True,460,651,RGB,JPEG,
179930,data/images/179930.jpg,True,True,460,649,RGB,JPEG,
179955,data/images/179955.jpg,True,True,460,650,RGB,JPEG,
179965,data/images/179965.jpg,True,True,460,650,RGB,JPEG,
179966,data/images/179966.jpg,True,True,460,650,RGB,JPEG,
179979,data/images/179979.jpg,True,True,460,651,RGB,JPEG,
179992,data/images/179992.jpg,True,True,460,649,RGB,JPEG,
179998,data/images/179998.jpg,True,True,460,651,RGB,JPEG,
179999,data/images/179999.jpg,True,True,460,650,RGB,JPEG,
180052,data/images/180052.jpg,True,True,460,653,RGB,JPEG,
180082,data/images/180082.jpg,True,True,460,651,RGB,JPEG,
180124,data/images/180124.jpg,True,True,230,339,RGB,JPEG,
180292,data/images/180292.jpg,True,True,460,667,RGB,JPEG,
180367,data/images/180367.jpg,True,True,460,650,RGB,JPEG,
180425,data/images/180425.jpg,True,True,460,651,RGB,JPEG,
180436,data/images/180436.jpg,True,True,460,690,RGB,JPEG,
180460,data/images/180460.jpg,True,True,460,690,RGB,JPEG,
180516,data/images/180516.jpg,True,True,460,650,RGB,JPEG,
180523,data/images/180523.jpg,True,True,460,642,RGB,JPEG,
180675,data/images/180675.jpg,True,True,460,690,RGB,JPEG,
180794,data/images/180794.jpg,True,True,460,645,RGB,JPEG,
180812,data/images/180812.jpg,True,True,460,648,RGB,JPEG,
180825,data/images/180825.jpg,True,True,460,611,RGB,JPEG,
180829,data/images/180829.jpg,True,True,460,651,RGB,JPEG,
180929,data/images/180929.jpg,True,True,460,651,RGB,JPEG,
181078,data/images/181078.jpg,True,True,460,650,RGB,JPEG,
181182,data/images/181182.jpg,True,True,460,671,RGB,JPEG,
181244,data/images/181244.jpg,True,True,460,646,RGB,JPEG,
181440,data/images/181440.jpg,True,True,460,657,RGB,JPEG,
181444,data/images/181444.jpg,True,True,460,665,RGB,JPEG,
181447,data/images/181447.jpg,True,True,460,651,RGB,JPEG,
181449,data/images/181449.jpg,True,True,460,639,RGB,JPEG,
181839,data/images/181839.jpg,True,True,460,657,RGB,JPEG,
181841,data/images/181841.jpg,True,True,460,652,RGB,JPEG,
181867,data/images/181867.jpg,True,True,460,651,RGB,JPEG,
181886,data/images/181886.jpg,True,True,460,625,RGB,JPEG,
182060,data/images/182060.jpg,True,True,460,650,RGB,JPEG,
182158,data/images/182158.jpg,True,True,460,644,RGB,JPEG,
182309,data/images/182309.jpg,True,True,460,589,RGB,JPEG,
182333,data/images/182333.jpg,True,True,460,651,RGB,JPEG,
182419,data/images/182419.jpg,True,True,460,650,RGB,JPEG,
182531,data/images/182531.jpg,True,True,460,654,RGB,JPEG,
182814,data/images/182814.jpg,True,True,460,653,RGB,JPEG,
182877,data/images/182877.jpg,True,True,460,258,RGB,JPEG,
182896,data/images/182896.jpg,True,True,460,648,RGB,JPEG,
182920,data/images/182920.jpg,True,True,460,651,RGB,JPEG,
183127,data/images/183127.jpg,True,True,460,678,RGB,JPEG,
183128,data/images/183128.jpg,True,True,460,678,RGB,JPEG,
183133,data/images/183133.jpg,True,True,460,661,RGB,JPEG,
183161,data/images/183161.jpg,True,True,460,650,RGB,JPEG,
183274,data/images/183274.jpg,True,True,460,648,RGB,JPEG,
183275,data/images/183275.jpg,True,True,460,658,RGB,JPEG,
183291,data/images/183291.jpg,True,True,460,650,RGB,JPEG,
183384,data/images/183384.jpg,True,True,460,652,RGB,JPEG,
183385,data/images/183385.jpg,True,True,460,649,RGB,JPEG,
183412,data/images/183412.jpg,True,True,460,652,RGB,JPEG,
183414,data/images/183414.jpg,True,True,460,650,RGB,JPEG,
183602,data/images/183602.jpg,True,True,460,650,RGB,JPEG,
183741,data/images/183741.jpg,True,True,460,650,RGB,JPEG,
183742,data/images/183742.jpg,True,True,460,650,RGB,JPEG,
183743,data/images/183743.jpg,True,True,460,650,RGB,JPEG,
183965,data/images/183965.jpg,True,True,460,654,RGB,JPEG,
184034,data/images/184034.jpg,True,True,460,650,RGB,JPEG,
184182,data/images/184182.jpg,True,True,460,651,RGB,JPEG,
184237,data/images/184237.jpg,True,True,460,651,RGB,JPEG,
184279,data/images/184279.jpg,True,True,460,654,RGB,JPEG,
184289,data/images/184289.jpg,True,True,460,611,RGB,JPEG,
184322,data/images/184322.jpg,True,True,460,626,RGB,JPEG,
184470,data/images/184470.jpg,True,True,460,652,RGB,JPEG,
184574,data/images/184574.jpg,True,True,460,651,RGB,JPEG,
184575,data/images/184575.jpg,True,True,460,655,RGB,JPEG,
184591,data/images/184591.jpg,True,True,460,650,RGB,JPEG,
184639,data/images/184639.jpg,True,True,460,650,RGB,JPEG,
184642,data/images/184642.jpg,True,True,460,690,RGB,JPEG,
184718,data/images/184718.jpg,True,True,460,623,RGB,JPEG,
184756,data/images/184756.jpg,True,True,460,652,RGB,JPEG,
184762,data/images/184762.jpg,True,True,460,568,RGB,JPEG,
184765,data/images/184765.jpg,True,True,460,646,RGB,JPEG,
184810,data/images/184810.jpg,True,True,460,650,RGB,JPEG,
184824,data/images/184824.jpg,True,True,460,650,RGB,JPEG,
184989,data/images/184989.jpg,True,True,460,690,RGB,JPEG,
184997,data/images/184997.jpg,True,True,460,632,RGB,JPEG,
185001,data/images/185001.jpg,True,True,460,650,RGB,JPEG,
185070,data/images/185070.jpg,True,True,460,673,RGB,JPEG,
185071,data/images/185071.jpg,True,True,460,652,RGB,JPEG,
185073,data/images/185073.jpg,True,True,460,649,RGB,JPEG,
185084,data/images/185084.jpg,True,True,460,652,RGB,JPEG,
185088,data/images/185088.jpg,True,True,460,651,RGB,JPEG,
185116,data/images/185116.jpg,True,True,460,650,RGB,JPEG,
185166,data/images/185166.jpg,True,True,460,630,RGB,JPEG,
185212,data/images/185212.jpg,True,True,460,623,RGB,JPEG,
185213,data/images/185213.jpg,True,True,460,650,RGB,JPEG,
185259,data/images/185259.jpg,True,True,460,646,RGB,JPEG,
185261,data/images/185261.jpg,True,True,460,575,RGB,JPEG,
185407,data/images/185407.jpg,True,True,460,646,RGB,JPEG,
185462,data/images/185462.jpg,True,True,230,130,RGB,JPEG,
185505,data/images/185505.jpg,True,True,460,648,RGB,JPEG,
185506,data/images/185506.jpg,True,True,460,647,RGB,JPEG,
185519,data/images/185519.jpg,True,True,460,652,RGB,JPEG,
185537,data/images/185537.jpg,True,True,460,651,RGB,JPEG,
185539,data/images/185539.jpg,True,True,460,259,RGB,JPEG,
185544,data/images/185544.jpg,True,True,460,652,RGB,JPEG,
185575,data/images/185575.jpg,True,True,460,651,RGB,JPEG,
185584,data/images/185584.jpg,True,True,460,651,RGB,JPEG,
185612,data/images/185612.jpg,True,True,460,259,RGB,JPEG,
185643,data/images/185643.jpg,True,True,230,325,RGB,JPEG,
185645,data/images/185645.jpg,True,True,460,650,RGB,JPEG,
185646,data/images/185646.jpg,True,True,460,614,RGB,JPEG,
185648,data/images/185648.jpg,True,True,460,690,RGB,JPEG,
185660,data/images/185660.jpg,True,True,460,650,RGB,JPEG,
185694,data/images/185694.jpg,True,True,460,648,RGB,JPEG,
185714,data/images/185714.jpg,True,True,460,652,RGB,JPEG,
185715,data/images/185715.jpg,True,True,460,646,RGB,JPEG,
185716,data/images/185716.jpg,True,True,460,648,RGB,JPEG,
185718,data/images/185718.jpg,True,True,460,643,RGB,JPEG,
185731,data/images/185731.jpg,True,True,460,651,RGB,JPEG,
185736,data/images/185736.jpg,True,True,460,651,RGB,JPEG,
185755,data/images/185755.jpg,True,True,460,650,RGB,JPEG,
185773,data/images/185773.jpg,True,True,460,690,RGB,JPEG,
185778,data/images/185778.jpg,True,True,460,818,RGB,JPEG,
185779,data/images/185779.jpg,True,True,460,643,RGB,JPEG,
185801,data/images/185801.jpg,True,True,460,650,RGB,JPEG,
185880,data/images/185880.jpg,True,True,460,650,RGB,JPEG,
185898,data/images/185898.jpg,True,True,460,651,RGB,JPEG,
185900,data/images/185900.jpg,True,True,460,651,RGB,JPEG,
185901,data/images/185901.jpg,True,True,460,651,RGB,JPEG,
185903,data/images/185903.jpg,True,True,460,650,RGB,JPEG,
185939,data/images/185939.jpg,True,True,460,650,RGB,JPEG,
185965,data/images/185965.jpg,True,True,460,657,RGB,JPEG,
185992,data/images/185992.jpg,True,True,460,690,RGB,JPEG,
186003,data/images/186003.jpg,True,True,460,651,RGB,JPEG,
186043,data/images/186043.jpg,True,True,460,571,RGB,JPEG,
186052,data/images/186052.jpg,True,True,460,649,RGB,JPEG,
186058,data/images/186058.jpg,True,True,460,650,RGB,JPEG,
186148,data/images/186148.jpg,True,True,230,344,RGB,JPEG,
186151,data/images/186151.jpg,True,True,460,633,RGB,JPEG,
186153,data/images/186153.jpg,True,True,460,646,RGB,JPEG,
186161,data/images/186161.jpg,True,True,460,649,RGB,JPEG,
186169,data/images/186169.jpg,True,True,460,651,RGB,JPEG,
186181,data/images/186181.jpg,True,True,460,650,RGB,JPEG,
186190,data/images/186190.jpg,True,True,460,690,RGB,JPEG,
186207,data/images/186207.jpg,True,True,460,690,RGB,JPEG,
186300,data/images/186300.jpg,True,True,230,329,RGB,JPEG,
186307,data/images/186307.jpg,True,True,460,650,RGB,JPEG,
186308,data/images/186308.jpg,True,True,460,643,RGB,JPEG,
186313,data/images/186313.jpg,True,True,460,651,RGB,JPEG,
186522,data/images/186522.jpg,True,True,460,615,RGB,JPEG,
186524,data/images/186524.jpg,True,True,460,649,RGB,JPEG,
186542,data/images/186542.jpg,True,True,460,650,RGB,JPEG,
186559,data/images/186559.jpg,True,True,460,651,RGB,JPEG,
186561,data/images/186561.jpg,True,True,460,649,RGB,JPEG,
186621,data/images/186621.jpg,True,True,460,650,RGB,JPEG,
186714,data/images/186714.jpg,True,True,460,651,RGB,JPEG,
186716,data/images/186716.jpg,True,True,460,651,RGB,JPEG,
186789,data/images/186789.jpg,True,True,460,651,RGB,JPEG,
186794,data/images/186794.jpg,True,True,460,651,RGB,JPEG,
186827,data/images/186827.jpg,True,True,460,647,RGB,JPEG,
186829,data/images/186829.jpg,True,True,460,652,RGB,JPEG,
186914,data/images/186914.jpg,True,True,460,644,RGB,JPEG,
186920,data/images/186920.jpg,True,True,460,645,RGB,JPEG,
186935,data/images/186935.jpg,True,True,460,639,RGB,JPEG,
187166,data/images/187166.jpg,True,True,460,650,RGB,JPEG,
187225,data/images/187225.jpg,True,True,460,575,RGB,JPEG,
187236,data/images/187236.jpg,True,True,460,690,RGB,JPEG,
187304,data/images/187304.jpg,True,True,460,651,RGB,JPEG,
187305,data/images/187305.jpg,True,True,460,651,RGB,JPEG,
187317,data/images/187317.jpg,True,True,460,592,RGB,JPEG,
187331,data/images/187331.jpg,True,True,460,651,RGB,JPEG,
187362,data/images/187362.jpg,True,True,460,654,RGB,JPEG,
187380,data/images/187380.jpg,True,True,460,259,RGB,JPEG,
187387,data/images/187387.jpg,True,True,460,648,RGB,JPEG,
187404,data/images/187404.jpg,True,True,460,650,RGB,JPEG,
187464,data/images/187464.jpg,True,True,460,650,RGB,JPEG,
187507,data/images/187507.jpg,True,True,460,650,RGB,JPEG,
187514,data/images/187514.jpg,True,True,460,259,RGB,JPEG,
187663,data/images/187663.jpg,True,True,460,661,RGB,JPEG,
187860,data/images/187860.jpg,True,True,460,650,RGB,JPEG,
187921,data/images/187921.jpg,True,True,460,631,RGB,JPEG,
187940,data/images/187940.jpg,True,True,460,647,RGB,JPEG,
187998,data/images/187998.jpg,True,True,460,650,RGB,JPEG,
188131,data/images/188131.jpg,True,True,460,463,RGB,JPEG,
188138,data/images/188138.jpg,True,True,460,650,RGB,JPEG,
188239,data/images/188239.jpg,True,True,460,650,RGB,JPEG,
188388,data/images/188388.jpg,True,True,460,690,RGB,JPEG,
188394,data/images/188394.jpg,True,True,460,651,RGB,JPEG,
188487,data/images/188487.jpg,True,True,460,645,RGB,JPEG,
188522,data/images/188522.jpg,True,True,460,651,RGB,JPEG,
188529,data/images/188529.jpg,True,True,460,645,RGB,JPEG,
188653,data/images/188653.jpg,True,True,460,651,RGB,JPEG,
188661,data/images/188661.jpg,True,True,460,288,RGB,JPEG,
188668,data/images/188668.jpg,True,True,460,651,RGB,JPEG,
188884,data/images/188884.jpg,True,True,460,325,RGB,JPEG,
188928,data/images/188928.jpg,True,True,460,646,RGB,JPEG,
188933,data/images/188933.jpg,True,True,460,650,RGB,JPEG,
189069,data/images/189069.jpg,True,True,460,651,RGB,JPEG,
189117,data/images/189117.jpg,True,True,460,650,RGB,JPEG,
189160,data/images/189160.jpg,True,True,460,690,RGB,JPEG,
189326,data/images/189326.jpg,True,True,460,658,RGB,JPEG,
189513,data/images/189513.jpg,True,True,460,690,RGB,JPEG,
189602,data/images/189602.jpg,True,True,460,259,RGB,JPEG,
189716,data/images/189716.jpg,True,True,230,127,RGB,JPEG,
189733,data/images/189733.jpg,True,True,460,652,RGB,JPEG,
189832,data/images/189832.jpg,True,True,460,690,RGB,JPEG,
189891,data/images/189891.jpg,True,True,460,690,RGB,JPEG,
189892,data/images/189892.jpg,True,True,460,689,RGB,JPEG,
189893,data/images/189893.jpg,True,True,460,689,RGB,JPEG,
190840,data/images/190840.jpg,True,True,460,653,RGB,JPEG,
191370,data/images/191370.jpg,True,True,460,690,RGB,JPEG,
191403,data/images/191403.jpg,True,True,460,652,RGB,JPEG,
191451,data/images/191451.jpg,True,True,460,643,RGB,JPEG,
191452,data/images/191452.jpg,True,True,460,650,RGB,JPEG,
191491,data/images/191491.jpg,True,True,460,646,RGB,JPEG,
191492,data/images/191492.jpg,True,True,460,646,RGB,JPEG,
191689,data/images/191689.jpg,True,True,460,657,RGB,JPEG,
191884,data/images/191884.jpg,True,True,460,653,RGB,JPEG,
191994,data/images/191994.jpg,True,True,460,650,RGB,JPEG,
192452,data/images/192452.jpg,True,True,460,650,RGB,JPEG,
192474,data/images/192474.jpg,True,True,460,651,RGB,JPEG,
192809,data/images/192809.jpg,True,True,460,650,RGB,JPEG,
192810,data/images/192810.jpg,True,True,460,690,RGB,JPEG,
192928,data/images/192928.jpg,True,True,460,577,RGB,JPEG,
193238,data/images/193238.jpg,True,True,460,651,RGB,JPEG,
193242,data/images/193242.jpg,True,True,460,689,RGB,JPEG,
193294,data/images/193294.jpg,True,True,460,644,RGB,JPEG,
193347,data/images/193347.jpg,True,True,460,644,RGB,JPEG,
193348,data/images/193348.jpg,True,True,460,650,RGB,JPEG,
193413,data/images/193413.jpg,True,True,460,690,RGB,JPEG,
193607,data/images/193607.jpg,True,True,460,651,RGB,JPEG,
193613,data/images/193613.jpg,True,True,460,650,RGB,JPEG,
193623,data/images/193623.jpg,True,True,460,651,RGB,JPEG,
193707,data/images/193707.jpg,True,True,460,651,RGB,JPEG,
193883,data/images/193883.jpg,True,True,460,651,RGB,JPEG,
193923,data/images/193923.jpg,True,True,460,651,RGB,JPEG,
193968,data/images/193968.jpg,True,True,460,690,RGB,JPEG,
194087,data/images/194087.jpg,True,True,460,644,RGB,JPEG,
194088,data/images/194088.jpg,True,True,460,654,RGB,JPEG,
194353,data/images/194353.jpg,True,True,460,642,RGB,JPEG,
194389,data/images/194389.jpg,True,True,460,650,RGB,JPEG,
194403,data/images/194403.jpg,True,True,460,652,RGB,JPEG,
194447,data/images/194447.jpg,True,True,460,647,RGB,JPEG,
194706,data/images/194706.jpg,True,True,460,651,RGB,JPEG,
194712,data/images/194712.jpg,True,True,460,579,RGB,JPEG,
194832,data/images/194832.jpg,True,True,460,650,RGB,JPEG,
194872,data/images/194872.jpg,True,True,460,651,RGB,JPEG,
194879,data/images/194879.jpg,True,True,230,325,RGB,JPEG,
194884,data/images/194884.jpg,True,True,460,653,RGB,JPEG,
194889,data/images/194889.jpg,True,True,460,600,RGB,JPEG,
195033,data/images/195033.jpg,True,True,460,650,RGB,JPEG,
195034,data/images/195034.jpg,True,True,460,649,RGB,JPEG,
195068,data/images/195068.jpg,True,True,460,650,RGB,JPEG,
195153,data/images/195153.jpg,True,True,460,651,RGB,JPEG,
195173,data/images/195173.jpg,True,True,460,650,RGB,JPEG,
195209,data/images/195209.jpg,True,True,230,325,RGB,JPEG,
195230,data/images/195230.jpg,True,True,460,651,RGB,JPEG,
195240,data/images/195240.jpg,True,True,460,650,RGB,JPEG,
195360,data/images/195360.jpg,True,True,460,640,RGB,JPEG,
195383,data/images/195383.jpg,True,True,460,690,RGB,JPEG,
195494,data/images/195494.jpg,True,True,460,648,RGB,JPEG,
195517,data/images/195517.jpg,True,True,460,259,RGB,JPEG,
196063,data/images/196063.jpg,True,True,460,689,RGB,JPEG,
196064,data/images/196064.jpg,True,True,460,691,RGB,JPEG,
196116,data/images/196116.jpg,True,True,460,650,RGB,JPEG,
196227,data/images/196227.jpg,True,True,460,681,RGB,JPEG,
196229,data/images/196229.jpg,True,True,460,650,RGB,JPEG,
196230,data/images/196230.jpg,True,True,230,326,RGB,JPEG,
196540,data/images/196540.jpg,True,True,460,650,RGB,JPEG,
196547,data/images/196547.jpg,True,True,460,651,RGB,JPEG,
196553,data/images/196553.jpg,True,True,460,651,RGB,JPEG,
196722,data/images/196722.jpg,True,True,460,650,RGB,JPEG,
196750,data/images/196750.jpg,True,True,460,647,RGB,JPEG,
197094,data/images/197094.jpg,True,True,230,345,RGB,JPEG,
197179,data/images/197179.jpg,True,True,460,259,RGB,JPEG,
198033,data/images/198033.jpg,True,True,460,690,RGB,JPEG,
198046,data/images/198046.jpg,True,True,460,643,RGB,JPEG,
198048,data/images/198048.jpg,True,True,460,647,RGB,JPEG,
198117,data/images/198117.jpg,True,True,460,650,RGB,JPEG,
198188,data/images/198188.jpg,True,True,460,690,RGB,JPEG,
198312,data/images/198312.jpg,True,True,460,676,RGB,JPEG,
198344,data/images/198344.jpg,True,True,460,651,RGB,JPEG,
198377,data/images/198377.jpg,True,True,460,650,RGB,JPEG,
198413,data/images/198413.jpg,True,True,460,259,RGB,JPEG,
198561,data/images/198561.jpg,True,True,460,655,RGB,JPEG,
198726,data/images/198726.jpg,True,True,460,690,RGB,JPEG,
198745,data/images/198745.jpg,True,True,230,325,RGB,JPEG,
198921,data/images/198921.jpg,True,True,460,259,RGB,JPEG,
198926,data/images/198926.jpg,True,True,460,640,RGB,JPEG,
199008,data/images/199008.jpg,True,True,460,460,RGB,JPEG,
199009,data/images/199009.jpg,True,True,460,551,RGB,JPEG,
199154,data/images/199154.jpg,True,True,460,650,RGB,JPEG,
199162,data/images/199162.jpg,True,True,460,649,RGB,JPEG,
199164,data/images/199164.jpg,True,True,460,650,RGB,JPEG,
199371,data/images/199371.jpg,True,True,460,650,RGB,JPEG,
199486,data/images/199486.jpg,True,True,460,460,RGB,JPEG,
199635,data/images/199635.jpg,True,True,460,690,RGB,JPEG,
199794,data/images/199794.jpg,True,True,460,651,RGB,JPEG,
199812,data/images/199812.jpg,True,True,460,690,RGB,JPEG,
199931,data/images/199931.jpg,True,True,460,259,RGB,JPEG,
200228,data/images/200228.jpg,True,True,460,647,RGB,JPEG,
200374,data/images/200374.jpg,True,True,460,690,RGB,JPEG,
200375,data/images/200375.jpg,True,True,230,325,RGB,JPEG,
200642,data/images/200642.jpg,True,True,460,613,RGB,JPEG,
201151,data/images/201151.jpg,True,True,460,667,RGB,JPEG,
201974,data/images/201974.jpg,True,True,460,647,RGB,JPEG,
201975,data/images/201975.jpg,True,True,460,647,RGB,JPEG,
202281,data/images/202281.jpg,True,True,460,650,RGB,JPEG,
203146,data/images/203146.jpg,True,True,460,650,RGB,JPEG,
204066,data/images/204066.jpg,True,True,460,690,RGB,JPEG,
204474,data/images/204474.jpg,True,True,460,259,RGB,JPEG,
204496,data/images/204496.jpg,True,True,460,690,RGB,JPEG,
204621,data/images/204621.jpg,True,True,230,110,RGB,JPEG,
204628,data/images/204628.jpg,True,True,460,613,RGB,JPEG,
204696,data/images/204696.jpg,True,True,460,259,RGB,JPEG,
205601,data/images/205601.jpg,True,True,460,613,RGB,JPEG,
206071,data/images/206071.jpg,True,True,460,651,RGB,JPEG,
206349,data/images/206349.jpg,True,True,460,690,RGB,JPEG,
206609,data/images/206609.jpg,True,True,460,647,RGB,JPEG,
206610,data/images/206610.jpg,True,True,460,651,RGB,JPEG,
206611,data/images/206611.jpg,True,True,460,647,RGB,JPEG,
206888,data/images/206888.jpg,True,True,230,327,RGB,JPEG,
207035,data/images/207035.jpg,True,True,460,650,RGB,JPEG,
207848,data/images/207848.jpg,True,True,460,259,RGB,JPEG,
208055,data/images/208055.jpg,True,True,460,653,RGB,JPEG,
208398,data/images/208398.jpg,True,True,460,614,RGB,JPEG,
211271,data/images/211271.jpg,True,True,460,690,RGB,JPEG,
103303,data/images/103303.jpg,True,True,460,652,RGB,JPEG,
108992,data/images/108992.jpg,True,True,460,671,RGB,JPEG,
113555,data/images/113555.jpg,True,True,460,690,RGB,JPEG,
113971,data/images/113971.jpg,True,True,460,656,RGB,JPEG,
128757,data/images/128757.jpg,True,True,460,613,RGB,JPEG,
133007,data/images/133007.jpg,True,True,460,651,RGB,JPEG,
135865,data/images/135865.jpg,True,True,460,650,RGB,JPEG,
147105,data/images/147105.jpg,True,True,460,644,RGB,JPEG,
152677,data/images/152677.jpg,True,True,460,649,RGB,JPEG,
157330,data/images/157330.jpg,True,True,460,690,RGB,JPEG,
158036,data/images/158036.jpg,True,True,460,651,RGB,JPEG,
159042,data/images/159042.jpg,True,True,460,647,RGB,JPEG,
159309,data/images/159309.jpg,True,True,460,650,RGB,JPEG,
160275,data/images/160275.jpg,True,True,460,616,RGB,JPEG,
160803,data/images/160803.jpg,True,True,460,650,RGB,JPEG,
163144,data/images/163144.jpg,True,True,460,650,RGB,JPEG,
166521,data/images/166521.jpg,True,True,230,326,RGB,JPEG,
166613,data/images/166613.jpg,True,True,460,658,RGB,JPEG,
166617,data/images/166617.jpg,True,True,460,673,RGB,JPEG,
167152,data/images/167152.jpg,True,True,460,647,RGB,JPEG,
169080,data/images/169080.jpg,True,True,460,650,RGB,JPEG,
169228,data/images/169228.jpg,True,True,460,648,RGB,JPEG,
169580,data/images/169580.jpg,True,True,460,660,RGB,JPEG,
169581,data/images/169581.jpg,True,True,460,650,RGB,JPEG,
169582,data/images/169582.jpg,True,True,460,646,RGB,JPEG,
169583,data/images/169583.jpg,True,True,460,650,RGB,JPEG,
170019,data/images/170019.jpg,True,True,460,625,RGB,JPEG,
170110,data/images/170110.jpg,True,True,460,651,RGB,JPEG,
171110,data/images/171110.jpg,True,True,460,646,RGB,JPEG,
172192,data/images/172192.jpg,True,True,460,651,RGB,JPEG,
172463,data/images/172463.jpg,True,True,460,650,RGB,JPEG,
173172,data/images/173172.jpg,True,True,460,690,RGB,JPEG,
176276,data/images/176276.jpg,True,True,460,651,RGB,JPEG,
176370,data/images/176370.jpg,True,True,460,651,RGB,JPEG,
176373,data/images/176373.jpg,True,True,460,651,RGB,JPEG,
176509,data/images/176509.jpg,True,True,460,647,RGB,JPEG,
176636,data/images/176636.jpg,True,True,460,650,RGB,JPEG,
177385,data/images/177385.jpg,True,True,460,651,RGB,JPEG,
177501,data/images/177501.jpg,True,True,460,649,RGB,JPEG,
177508,data/images/177508.jpg,True,True,460,650,RGB,JPEG,
177580,data/images/177580.jpg,True,True,460,652,RGB,JPEG,
177634,data/images/177634.jpg,True,True,460,661,RGB,JPEG,
177637,data/images/177637.jpg,True,True,460,650,RGB,JPEG,
177679,data/images/177679.jpg,True,True,460,651,RGB,JPEG,
177699,data/images/177699.jpg,True,True,460,650,RGB,JPEG,
178005,data/images/178005.jpg,True,True,460,662,RGB,JPEG,
178083,data/images/178083.jpg,True,True,460,644,RGB,JPEG,
178707,data/images/178707.jpg,True,True,460,651,RGB,JPEG,
178749,data/images/178749.jpg,True,True,460,651,RGB,JPEG,
178789,data/images/178789.jpg,True,True,460,650,RGB,JPEG,
178868,data/images/178868.jpg,True,True,460,650,RGB,JPEG,
179062,data/images/179062.jpg,True,True,460,652,RGB,JPEG,
179813,data/images/179813.jpg,True,True,460,631,RGB,JPEG,
179874,data/images/179874.jpg,True,True,460,651,RGB,JPEG,
179950,data/images/179950.jpg,True,True,460,664,RGB,JPEG,
180136,data/images/180136.jpg,True,True,460,651,RGB,JPEG,
180228,data/images/180228.jpg,True,True,460,650,RGB,JPEG,
180745,data/images/180745.jpg,True,True,460,651,RGB,JPEG,
180746,data/images/180746.jpg,True,True,460,651,RGB,JPEG,
181284,data/images/181284.jpg,True,True,460,650,RGB,JPEG,
181443,data/images/181443.jpg,True,True,460,650,RGB,JPEG,
182205,data/images/182205.jpg,True,True,460,650,RGB,JPEG,
182206,data/images/182206.jpg,True,True,460,650,RGB,JPEG,
182255,data/images/182255.jpg,True,True,460,649,RGB,JPEG,
182300,data/images/182300.jpg,True,True,460,676,RGB,JPEG,
182317,data/images/182317.jpg,True,True,460,650,RGB,JPEG,
182483,data/images/182483.jpg,True,True,460,652,RGB,JPEG,
182578,data/images/182578.jpg,True,True,460,657,RGB,JPEG,
182587,data/images/182587.jpg,True,True,460,650,RGB,JPEG,
182616,data/images/182616.jpg,True,True,460,650,RGB,JPEG,
182771,data/images/182771.jpg,True,True,460,653,RGB,JPEG,
183231,data/images/183231.jpg,True,True,230,326,RGB,JPEG,
183270,data/images/183270.jpg,True,True,460,652,RGB,JPEG,
183660,data/images/183660.jpg,True,True,460,649,RGB,JPEG,
183661,data/images/183661.jpg,True,True,460,650,RGB,JPEG,
183984,data/images/183984.jpg,True,True,460,650,RGB,JPEG,
184280,data/images/184280.jpg,True,True,460,650,RGB,JPEG,
184492,data/images/184492.jpg,True,True,460,650,RGB,JPEG,
184951,data/images/184951.jpg,True,True,460,653,RGB,JPEG,
185039,data/images/185039.jpg,True,True,460,651,RGB,JPEG,
185211,data/images/185211.jpg,True,True,460,650,RGB,JPEG,
185262,data/images/185262.jpg,True,True,460,617,RGB,JPEG,
185514,data/images/185514.jpg,True,True,460,650,RGB,JPEG,
185542,data/images/185542.jpg,True,True,460,651,RGB,JPEG,
185692,data/images/185692.jpg,True,True,460,644,RGB,JPEG,
185753,data/images/185753.jpg,True,True,460,656,RGB,JPEG,
185756,data/images/185756.jpg,True,True,460,640,RGB,JPEG,
185874,data/images/185874.jpg,True,True,460,650,RGB,JPEG,
185875,data/images/185875.jpg,True,True,460,644,RGB,JPEG,
185993,data/images/185993.jpg,True,True,460,650,RGB,JPEG,
186333,data/images/186333.jpg,True,True,460,651,RGB,JPEG,
186497,data/images/186497.jpg,True,True,460,650,RGB,JPEG,
186541,data/images/186541.jpg,True,True,460,650,RGB,JPEG,
186742,data/images/186742.jpg,True,True,460,652,RGB,JPEG,
186744,data/images/186744.jpg,True,True,460,650,RGB,JPEG,
186863,data/images/186863.jpg,True,True,460,648,RGB,JPEG,
187062,data/images/187062.jpg,True,True,460,651,RGB,JPEG,
187260,data/images/187260.jpg,True,True,460,651,RGB,JPEG,
187264,data/images/187264.jpg,True,True,460,647,RGB,JPEG,
187267,data/images/187267.jpg,True,True,460,652,RGB,JPEG,
187316,data/images/187316.jpg,True,True,460,472,RGB,JPEG,
187375,data/images/187375.jpg,True,True,460,650,RGB,JPEG,
187402,data/images/187402.jpg,True,True,460,648,RGB,JPEG,
187508,data/images/187508.jpg,True,True,460,650,RGB,JPEG,
187538,data/images/187538.jpg,True,True,460,650,RGB,JPEG,
187869,data/images/187869.jpg,True,True,460,651,RGB,JPEG,
187892,data/images/187892.jpg,True,True,460,650,RGB,JPEG,
187901,data/images/187901.jpg,True,True,460,650,RGB,JPEG,
187941,data/images/187941.jpg,True,True,460,652,RGB,JPEG,
187942,data/images/187942.jpg,True,True,460,650,RGB,JPEG,
187989,data/images/187989.jpg,True,True,460,649,RGB,JPEG,
187990,data/images/187990.jpg,True,True,460,690,RGB,JPEG,
188034,data/images/188034.jpg,True,True,460,652,RGB,JPEG,
188035,data/images/188035.jpg,True,True,460,690,RGB,JPEG,
188139,data/images/188139.jpg,True,True,460,645,RGB,JPEG,
188525,data/images/188525.jpg,True,True,460,650,RGB,JPEG,
189046,data/images/189046.jpg,True,True,460,610,RGB,JPEG,
189123,data/images/189123.jpg,True,True,460,656,RGB,JPEG,
189137,data/images/189137.jpg,True,True,460,650,RGB,JPEG,
189258,data/images/189258.jpg,True,True,460,649,RGB,JPEG,
189259,data/images/189259.jpg,True,True,460,623,RGB,JPEG,
189275,data/images/189275.jpg,True,True,460,632,RGB,JPEG,
189565,data/images/189565.jpg,True,True,460,650,RGB,JPEG,
189956,data/images/189956.jpg,True,True,460,650,RGB,JPEG,
189987,data/images/189987.jpg,True,True,460,651,RGB,JPEG,
190143,data/images/190143.jpg,True,True,460,633,RGB,JPEG,
190327,data/images/190327.jpg,True,True,460,649,RGB,JPEG,
190569,data/images/190569.jpg,True,True,460,651,RGB,JPEG,
190668,data/images/190668.jpg,True,True,460,650,RGB,JPEG,
190704,data/images/190704.jpg,True,True,460,650,RGB,JPEG,
191205,data/images/191205.jpg,True,True,460,650,RGB,JPEG,
191718,data/images/191718.jpg,True,True,460,681,RGB,JPEG,
191788,data/images/191788.jpg,True,True,460,588,RGB,JPEG,
191967,data/images/191967.jpg,True,True,460,650,RGB,JPEG,
192261,data/images/192261.jpg,True,True,460,659,RGB,JPEG,
192507,data/images/192507.jpg,True,True,460,628,RGB,JPEG,
192800,data/images/192800.jpg,True,True,460,650,RGB,JPEG,
192808,data/images/192808.jpg,True,True,460,646,RGB,JPEG,
192867,data/images/192867.jpg,True,True,460,650,RGB,JPEG,
194028,data/images/194028.jpg,True,True,460,649,RGB,JPEG,
194116,data/images/194116.jpg,True,True,460,650,RGB,JPEG,
194167,data/images/194167.jpg,True,True,460,651,RGB,JPEG,
194207,data/images/194207.jpg,True,True,460,650,RGB,JPEG,
194219,data/images/194219.jpg,True,True,460,650,RGB,JPEG,
194317,data/images/194317.jpg,True,True,460,650,RGB,JPEG,
194318,data/images/194318.jpg,True,True,460,650,RGB,JPEG,
194393,data/images/194393.jpg,True,True,460,653,RGB,JPEG,
194742,data/images/194742.jpg,True,True,460,650,RGB,JPEG,
194829,data/images/194829.jpg,True,True,460,650,RGB,JPEG,
195268,data/images/195268.jpg,True,True,460,644,RGB,JPEG,
195322,data/images/195322.jpg,True,True,460,647,RGB,JPEG,
195333,data/images/195333.jpg,True,True,460,654,RGB,JPEG,
195384,data/images/195384.jpg,True,True,460,636,RGB,JPEG,
195515,data/images/195515.jpg,True,True,460,650,RGB,JPEG,
195516,data/images/195516.jpg,True,True,460,651,RGB,JPEG,
195518,data/images/195518.jpg,True,True,460,650,RGB,JPEG,
195571,data/images/195571.jpg,True,True,460,644,RGB,JPEG,
195600,data/images/195600.jpg,True,True,460,651,RGB,JPEG,
195734,data/images/195734.jpg,True,True,460,657,RGB,JPEG,
195833,data/images/195833.jpg,True,True,460,668,RGB,JPEG,
196012,data/images/196012.jpg,True,True,460,650,RGB,JPEG,
196029,data/images/196029.jpg,True,True,460,683,RGB,JPEG,
196144,data/images/196144.jpg,True,True,460,651,RGB,JPEG,
196187,data/images/196187.jpg,True,True,460,690,RGB,JPEG,
196218,data/images/196218.jpg,True,True,460,584,RGB,JPEG,
196219,data/images/196219.jpg,True,True,460,651,RGB,JPEG,
196356,data/images/196356.jpg,True,True,460,650,RGB,JPEG,
196840,data/images/196840.jpg,True,True,460,650,RGB,JPEG,
196935,data/images/196935.jpg,True,True,460,651,RGB,JPEG,
196974,data/images/196974.jpg,True,True,460,604,RGB,JPEG,
197097,data/images/197097.jpg,True,True,460,690,RGB,JPEG,
197474,data/images/197474.jpg,True,True,460,655,RGB,JPEG,
197543,data/images/197543.jpg,True,True,460,651,RGB,JPEG,
197715,data/images/197715.jpg,True,True,460,651,RGB,JPEG,
197731,data/images/197731.jpg,True,True,460,651,RGB,JPEG,
197754,data/images/197754.jpg,True,True,460,650,RGB,JPEG,
197824,data/images/197824.jpg,True,True,460,651,RGB,JPEG,
197868,data/images/197868.jpg,True,True,460,651,RGB,JPEG,
198044,data/images/198044.jpg,True,True,460,650,RGB,JPEG,
198113,data/images/198113.jpg,True,True,460,650,RGB,JPEG,
198368,data/images/198368.jpg,True,True,460,651,RGB,JPEG,
198369,data/images/198369.jpg,True,True,460,650,RGB,JPEG,
198373,data/images/198373.jpg,True,True,460,622,RGB,JPEG,
198374,data/images/198374.jpg,True,True,460,651,RGB,JPEG,
198376,data/images/198376.jpg,True,True,460,646,RGB,JPEG,
198409,data/images/198409.jpg,True,True,460,673,RGB,JPEG,
198411,data/images/198411.jpg,True,True,460,575,RGB,JPEG,
198511,data/images/198511.jpg,True,True,460,650,RGB,JPEG,
198654,data/images/198654.jpg,True,True,460,649,RGB,JPEG,
198709,data/images/198709.jpg,True,True,460,648,RGB,JPEG,
198720,data/images/198720.jpg,True,True,460,650,RGB,JPEG,
198767,data/images/198767.jpg,True,True,460,650,RGB,JPEG,
198939,data/images/198939.jpg,True,True,460,657,RGB,JPEG,
198946,data/images/198946.jpg,True,True,460,645,RGB,JPEG,
199005,data/images/199005.jpg,True,True,460,616,RGB,JPEG,
199007,data/images/199007.jpg,True,True,460,650,RGB,JPEG,
199029,data/images/199029.jpg,True,True,460,650,RGB,JPEG,
199066,data/images/199066.jpg,True,True,460,653,RGB,JPEG,
199068,data/images/199068.jpg,True,True,460,651,RGB,JPEG,
199111,data/images/199111.jpg,True,True,460,651,RGB,JPEG,
199112,data/images/199112.jpg,True,True,460,651,RGB,JPEG,
199221,data/images/199221.jpg,True,True,460,647,RGB,JPEG,
199340,data/images/199340.jpg,True,True,460,644,RGB,JPEG,
199408,data/images/199408.jpg,True,True,460,650,RGB,JPEG,
199426,data/images/199426.jpg,True,True,460,652,RGB,JPEG,
199446,data/images/199446.jpg,True,True,460,651,RGB,JPEG,
199547,data/images/199547.jpg,True,True,460,648,RGB,JPEG,
199588,data/images/199588.jpg,True,True,460,647,RGB,JPEG,
199594,data/images/199594.jpg,True,True,460,651,RGB,JPEG,
199748,data/images/199748.jpg,True,True,460,573,RGB,JPEG,
200230,data/images/200230.jpg,True,True,460,650,RGB,JPEG,
200294,data/images/200294.jpg,True,True,460,648,RGB,JPEG,
200455,data/images/200455.jpg,True,True,230,325,RGB,JPEG,
200556,data/images/200556.jpg,True,True,460,610,RGB,JPEG,
200637,data/images/200637.jpg,True,True,460,628,RGB,JPEG,
200769,data/images/200769.jpg,True,True,460,650,RGB,JPEG,
200929,data/images/200929.jpg,True,True,460,690,RGB,JPEG,
200930,data/images/200930.jpg,True,True,460,650,RGB,JPEG,
201090,data/images/201090.jpg,True,True,460,650,RGB,JPEG,
201153,data/images/201153.jpg,True,True,460,651,RGB,JPEG,
201514,data/images/201514.jpg,True,True,460,648,RGB,JPEG,
201667,data/images/201667.jpg,True,True,460,650,RGB,JPEG,
201817,data/images/201817.jpg,True,True,460,650,RGB,JPEG,
201903,data/images/201903.jpg,True,True,460,690,RGB,JPEG,
202102,data/images/202102.jpg,True,True,460,649,RGB,JPEG,
202269,data/images/202269.jpg,True,True,460,650,RGB,JPEG,
202381,data/images/202381.jpg,True,True,460,631,RGB,JPEG,
202386,data/images/202386.jpg,True,True,460,650,RGB,JPEG,
202390,data/images/202390.jpg,True,True,460,652,RGB,JPEG,
202419,data/images/202419.jpg,True,True,460,650,RGB,JPEG,
202508,data/images/202508.jpg,True,True,460,650,RGB,JPEG,
202523,data/images/202523.jpg,True,True,460,649,RGB,JPEG,
202717,data/images/202717.jpg,True,True,460,651,RGB,JPEG,
202893,data/images/202893.jpg,True,True,460,644,RGB,JPEG,
202894,data/images/202894.jpg,True,True,460,650,RGB,JPEG,
202895,data/images/202895.jpg,True,True,460,345,RGB,JPEG,
202896,data/images/202896.jpg,True,True,460,607,RGB,JPEG,
202955,data/images/202955.jpg,True,True,230,322,RGB,JPEG,
202957,data/images/202957.jpg,True,True,460,651,RGB,JPEG,
202985,data/images/202985.jpg,True,True,460,649,RGB,JPEG,
203100,data/images/203100.jpg,True,True,460,650,RGB,JPEG,
203127,data/images/203127.jpg,True,True,460,531,RGB,JPEG,
203148,data/images/203148.jpg,True,True,460,650,RGB,JPEG,
203296,data/images/203296.jpg,True,True,460,651,RGB,JPEG,
203367,data/images/203367.jpg,True,True,460,651,RGB,JPEG,
203472,data/images/203472.jpg,True,True,460,258,RGB,JPEG,
203473,data/images/203473.jpg,True,True,460,651,RGB,JPEG,
203490,data/images/203490.jpg,True,True,460,609,RGB,JPEG,
203880,data/images/203880.jpg,True,True,460,646,RGB,JPEG,
203939,data/images/203939.jpg,True,True,460,651,RGB,JPEG,
204011,data/images/204011.jpg,True,True,460,690,RGB,JPEG,
204060,data/images/204060.jpg,True,True,460,708,RGB,JPEG,
204269,data/images/204269.jpg,True,True,460,647,RGB,JPEG,
204270,data/images/204270.jpg,True,True,460,690,RGB,JPEG,
204319,data/images/204319.jpg,True,True,460,650,RGB,JPEG,
204349,data/images/204349.jpg,True,True,460,460,RGB,JPEG,
204356,data/images/204356.jpg,True,True,460,650,RGB,JPEG,
204431,data/images/204431.jpg,True,True,460,613,RGB,JPEG,
204432,data/images/204432.jpg,True,True,460,690,RGB,JPEG,
204463,data/images/204463.jpg,True,True,460,651,RGB,JPEG,
204466,data/images/204466.jpg,True,True,460,650,RGB,JPEG,
204560,data/images/204560.jpg,True,True,460,650,RGB,JPEG,
204650,data/images/204650.jpg,True,True,460,649,RGB,JPEG,
204656,data/images/204656.jpg,True,True,230,325,RGB,JPEG,
204698,data/images/204698.jpg,True,True,460,542,RGB,JPEG,
204949,data/images/204949.jpg,True,True,460,690,RGB,JPEG,
205054,data/images/205054.jpg,True,True,460,656,RGB,JPEG,
205289,data/images/205289.jpg,True,True,460,242,RGB,JPEG,
205676,data/images/205676.jpg,True,True,460,689,RGB,JPEG,
205772,data/images/205772.jpg,True,True,460,644,RGB,JPEG,
205909,data/images/205909.jpg,True,True,460,645,RGB,JPEG,
206003,data/images/206003.jpg,True,True,460,650,RGB,JPEG,
206004,data/images/206004.jpg,True,True,460,650,RGB,JPEG,
206163,data/images/206163.jpg,True,True,460,650,RGB,JPEG,
206166,data/images/206166.jpg,True,True,460,658,RGB,JPEG,
206249,data/images/206249.jpg,True,True,460,637,RGB,JPEG,
206425,data/images/206425.jpg,True,True,230,345,RGB,JPEG,
206521,data/images/206521.jpg,True,True,460,690,RGB,JPEG,
206523,data/images/206523.jpg,True,True,460,648,RGB,JPEG,
206682,data/images/206682.jpg,True,True,460,696,RGB,JPEG,
206814,data/images/206814.jpg,True,True,460,651,RGB,JPEG,
206819,data/images/206819.jpg,True,True,460,709,RGB,JPEG,
206840,data/images/206840.jpg,True,True,460,643,RGB,JPEG,
206857,data/images/206857.jpg,True,True,460,650,RGB,JPEG,
206914,data/images/206914.jpg,True,True,460,711,RGB,JPEG,
206915,data/images/206915.jpg,True,True,460,647,RGB,JPEG,
206916,data/images/206916.jpg,True,True,460,647,RGB,JPEG,
206949,data/images/206949.jpg,True,True,460,650,RGB,JPEG,
206950,data/images/206950.jpg,True,True,460,652,RGB,JPEG,
206951,data/images/206951.jpg,True,True,460,650,RGB,JPEG,
207084,data/images/207084.jpg,True,True,230,333,RGB,JPEG,
207141,data/images/207141.jpg,True,True,460,649,RGB,JPEG,
207254,data/images/207254.jpg,True,True,460,651,RGB,JPEG,
207327,data/images/207327.jpg,True,True,460,648,RGB,JPEG,
207329,data/images/207329.jpg,True,True,460,652,RGB,JPEG,
207674,data/images/207674.jpg,True,True,460,646,RGB,JPEG,
207675,data/images/207675.jpg,True,True,460,689,RGB,JPEG,
207809,data/images/207809.jpg,True,True,460,651,RGB,JPEG,
208044,data/images/208044.jpg,True,True,460,651,RGB,JPEG,
208105,data/images/208105.jpg,True,True,230,345,RGB,JPEG,
208225,data/images/208225.jpg,True,True,460,656,RGB,JPEG,
208264,data/images/208264.jpg,True,True,460,650,RGB,JPEG,
208314,data/images/208314.jpg,True,True,460,647,RGB,JPEG,
208352,data/images/208352.jpg,True,True,230,322,RGB,JPEG,
208361,data/images/208361.jpg,True,True,460,651,RGB,JPEG,
208517,data/images/208517.jpg,True,True,460,650,RGB,JPEG,
208685,data/images/208685.jpg,True,True,460,650,RGB,JPEG,
208749,data/images/208749.jpg,True,True,460,652,RGB,JPEG,
208754,data/images/208754.jpg,True,True,460,654,RGB,JPEG,
208829,data/images/208829.jpg,True,True,460,651,RGB,JPEG,
209132,data/images/209132.jpg,True,True,460,650,RGB,JPEG,
209219,data/images/209219.jpg,True,True,460,648,RGB,JPEG,
209312,data/images/209312.jpg,True,True,460,650,RGB,JPEG,
209499,data/images/209499.jpg,True,True,460,634,RGB,JPEG,
209504,data/images/209504.jpg,True,True,460,624,RGB,JPEG,
209541,data/images/209541.jpg,True,True,460,259,RGB,JPEG,
209562,data/images/209562.jpg,True,True,460,650,RGB,JPEG,
209642,data/images/209642.jpg,True,True,460,325,RGB,JPEG,
209669,data/images/209669.jpg,True,True,230,130,RGB,JPEG,
209800,data/images/209800.jpg,True,True,460,651,RGB,JPEG,
209872,data/images/209872.jpg,True,True,460,651,RGB,JPEG,
209873,data/images/209873.jpg,True,True,460,643,RGB,JPEG,
209940,data/images/209940.jpg,True,True,460,650,RGB,JPEG,
209961,data/images/209961.jpg,True,True,460,610,RGB,JPEG,
209981,data/images/209981.jpg,True,True,460,651,RGB,JPEG,
209982,data/images/209982.jpg,True,True,460,647,RGB,JPEG,
209983,data/images/209983.jpg,True,True,460,644,RGB,JPEG,
210031,data/images/210031.jpg,True,True,460,624,RGB,JPEG,
210032,data/images/210032.jpg,True,True,460,575,RGB,JPEG,
210116,data/images/210116.jpg,True,True,460,651,RGB,JPEG,
210234,data/images/210234.jpg,True,True,460,647,RGB,JPEG,
210375,data/images/210375.jpg,True,True,460,651,RGB,JPEG,
210482,data/images/210482.jpg,True,True,460,650,RGB,JPEG,
210687,data/images/210687.jpg,True,True,460,259,RGB,JPEG,
211232,data/images/211232.jpg,True,True,460,651,RGB,JPEG,
211308,data/images/211308.jpg,True,True,460,658,RGB,JPEG,
211331,data/images/211331.jpg,True,True,460,646,RGB,JPEG,
211338,data/images/211338.jpg,True,True,460,651,RGB,JPEG,
211557,data/images/211557.jpg,True,True,460,650,RGB,JPEG,
211778,data/images/211778.jpg,True,True,460,651,RGB,JPEG,
211877,data/images/211877.jpg,True,True,460,740,RGB,JPEG,
212144,data/images/212144.jpg,True,True,460,259,RGB,JPEG,
212272,data/images/212272.jpg,True,True,460,650,RGB,JPEG,
212308,data/images/212308.jpg,True,True,460,259,RGB,JPEG,
212309,data/images/212309.jpg,True,True,460,650,RGB,JPEG,
212319,data/images/212319.jpg,True,True,460,736,RGB,JPEG,
212323,data/images/212323.jpg,True,True,460,259,RGB,JPEG,
212503,data/images/212503.jpg,True,True,460,644,RGB,JPEG,
212557,data/images/212557.jpg,True,True,460,690,RGB,JPEG,
212563,data/images/212563.jpg,True,True,460,670,RGB,JPEG,
212574,data/images/212574.jpg,True,True,460,652,RGB,JPEG,
212575,data/images/212575.jpg,True,True,460,643,RGB,JPEG,
212617,data/images/212617.jpg,True,True,460,650,RGB,JPEG,
212652,data/images/212652.jpg,True,True,460,650,RGB,JPEG,
212799,data/images/212799.jpg,True,True,460,690,RGB,JPEG,
212888,data/images/212888.jpg,True,True,460,614,RGB,JPEG,
212994,data/images/212994.jpg,True,True,460,650,RGB,JPEG,
213066,data/images/213066.jpg,True,True,460,650,RGB,JPEG,
213067,data/images/213067.jpg,True,True,460,650,RGB,JPEG,
213068,data/images/213068.jpg,True,True,460,651,RGB,JPEG,
213097,data/images/213097.jpg,True,True,460,325,RGB,JPEG,
